campaign_id,campaign_name,media_source,date,sum_cost_usd,revenue_from_advertising_impressions,revenue_in_app_event,total_revenue,absolute_payback,relative_payback
140410898,mock_campaign_a2e93e84,googleadwords_int,2026-06-15,57.845641695399991,38.253540547599947,21.643561,59.897101547599945,2.0514598521999545,1.0354643805838029
140410898,mock_campaign_a2e93e84,googleadwords_int,2026-07-04,47.2332979446,30.206450554899941,43.287122,73.493572554899941,26.260274610299945,1.5559695332115209
140410898,mock_campaign_a2e93e84,googleadwords_int,2026-07-16,38.6796990049,25.97520444389988,201.187027,227.16223144389988,188.4825324389999,5.8729058727970616
432166127,mock_campaign_f8b84857,googleadwords_int,2026-07-06,3.3047912869000005,6.3611967198000032,0.0,6.3611967198000032,3.0564054329000028,1.924840683590342
432166127,mock_campaign_f8b84857,googleadwords_int,2026-07-07,4.1832577384,3.5871011238000023,0.0,3.5871011238000023,-0.59615661459999769,0.85748986749546685
502057685,mock_campaign_befecb98,googleadwords_int,2026-06-26,2.1388836829999991,1.8614812794000009,38.204261,40.065742279400006,37.92685859640001,18.732080943833179
262368493,mock_campaign_c13d8f45,googleadwords_int,2026-06-08,11.675306912900004,5.1310042287999895,47.0500149543,52.181019183099991,40.505712270199986,4.4693488207530869
351751429,mock_campaign_b7e37028,googleadwords_int,2026-06-23,21.196672758507049,12.284096679500003,0.0,12.284096679500003,-8.9125760790070458,0.579529477076534
900383572,mock_campaign_45368c6d,googleadwords_int,2026-07-18,3.0502439569999966,5.4202457716,0.0,5.4202457716,2.3700018146000037,1.7769876272227645
529859974,mock_campaign_d2ea5396,googleadwords_int,2026-07-21,4.0503821557999995,2.7241727289000086,0.0,2.7241727289000086,-1.3262094268999909,0.672571778196063
624225880,mock_campaign_ae3dba5e,googleadwords_int,2026-06-05,1.6979518585,1.1932684995,0.0,1.1932684995,-0.50468335899999994,0.7027693356124679
557162896,mock_campaign_b0c8a1e0,googleadwords_int,2026-06-05,54.050107124799929,26.779877391800035,0.0,26.779877391800035,-27.270229732999894,0.4954639096267871
590094865,mock_campaign_23f341fc,googleadwords_int,2026-07-15,0.0178452547,0.0012063833,0.0,0.0012063833,-0.0166388714,0.0676024702522178
792104306,mock_campaign_6fcee95d,googleadwords_int,2026-06-29,48.589376189199946,26.14858095999999,0.0,26.14858095999999,-22.440795229199956,0.538154284141892
848321939,mock_campaign_c41abc99,googleadwords_int,2026-06-23,0.0208819831,0.0116727457,0.0,0.0116727457,-0.0092092374,0.55898645469165231
742036733,mock_campaign_e0586969,googleadwords_int,2026-07-14,0.61166349079495919,0.0,0.0,0.0,-0.61166349079495919,0.0
148918961,mock_campaign_993fe179,googleadwords_int,2026-06-15,20.493552826900014,2.8821159465000004,18.8170456929,21.6991616394,1.2056088124999853,1.0588286873771098
148918961,mock_campaign_993fe179,googleadwords_int,2026-07-07,16.182337508699991,2.2376359236000019,35.1462360242,37.3838719478,21.201534439100012,2.3101651370020919
148918961,mock_campaign_993fe179,googleadwords_int,2026-07-10,21.880448331600004,2.7737924078000042,177.8022689064,180.57606131420002,158.6956129826,8.2528501508540817
258346999,mock_campaign_8ba2a925,googleadwords_int,2026-06-23,0.0305324651,0.0,0.0,0.0,-0.0305324651,0.0
261307969,mock_campaign_b4ba1e63,googleadwords_int,2026-06-03,46.396981153100015,32.196455605299995,0.0,32.196455605299995,-14.200525547800019,0.69393427772937744
261307969,mock_campaign_b4ba1e63,googleadwords_int,2026-06-01,38.2522843648,31.205818735400026,38.7689159011,69.974734636500031,31.722450271700033,1.8292955779888336
,mock_campaign_ce3403c4,,,0.0,0.21286996390000001,0.0,0.21286996390000001,0.21286996390000001,
,mock_campaign_2c0c0430,,,0.0,0.82877386200000958,99.4327842282,100.26155809020001,100.26155809020001,
,mock_campaign_ce3403c4,,,0.0,0.2309211269,44.573761000000005,44.804682126900005,44.804682126900005,
,mock_campaign_1700d8b1,,,0.0,0.044361019700000004,0.0,0.044361019700000004,0.044361019700000004,
,mock_campaign_e6535e2b,,,0.0,0.0014178506999999998,0.0,0.0014178506999999998,0.0014178506999999998,
,mock_campaign_d1c03fd5,,,0.0,0.0106969383,0.0,0.0106969383,0.0106969383,
,mock_campaign_df87094f,,,0.0,0.6903034798,91.695322,92.3856254798,92.3856254798,
,mock_campaign_13d78e8d,,,0.0,0.0001006381,0.0,0.0001006381,0.0001006381,
,mock_campaign_15f5ae79,,,0.0,0.0013070214000000001,0.0,0.0013070214000000001,0.0013070214000000001,
,,,,0.0,0.0,29.484182376299998,29.484182376299998,29.484182376299998,
232552584,mock_campaign_a5da28b5,googleadwords_int,2026-06-25,16.5792607452999,12.799013428999999,0.0,12.799013428999999,-3.7802473162999028,0.77198939238762043
232552584,mock_campaign_a5da28b5,googleadwords_int,2026-07-20,17.726237770455818,8.2020854057000019,0.0,8.2020854057000019,-9.5241523647558157,0.4627087547798977
660741874,mock_campaign_7e7497dd,googleadwords_int,2026-07-03,0.0133666499,0.0,0.0,0.0,-0.0133666499,0.0
161694703,mock_campaign_2c0c0430,googleadwords_int,2026-07-14,22.350457725599995,13.45946688399742,80.18228386909999,93.641750753097412,71.291293027497417,4.1897017010904909
510225620,mock_campaign_10287894,googleadwords_int,2026-07-17,13.032045881900023,3.9053328089000332,0.0,3.9053328089000332,-9.12671307299999,0.2996715054789732
262368493,mock_campaign_c13d8f45,googleadwords_int,2026-06-11,14.781172147099998,4.7255817320999975,0.0,4.7255817320999975,-10.055590415000001,0.31970277357382215
369804654,mock_campaign_92e554bf,googleadwords_int,2026-06-29,0.3522312012,1.2470754876999999,0.0,1.2470754876999999,0.89484428649999992,3.5405026114989151
369626124,mock_campaign_617ec63b,googleadwords_int,2026-07-14,0.2465380808,0.37917888279999995,0.0,0.37917888279999995,0.13264080199999995,1.5380134442905906
369626124,mock_campaign_617ec63b,googleadwords_int,2026-07-16,0.2264087702,0.12885880669999991,0.0,0.12885880669999991,-0.097549963500000086,0.56914229332269883
369626124,mock_campaign_617ec63b,googleadwords_int,2026-07-20,0.056308853699999994,0.0,0.0,0.0,-0.056308853699999994,0.0
900383572,mock_campaign_45368c6d,googleadwords_int,2026-07-26,6.7525073514000109,6.3698465007999969,0.0,6.3698465007999969,-0.382660850600014,0.943330554016994
788967442,mock_campaign_475f8981,googleadwords_int,2026-06-11,0.0197037455,0.19158564269999998,6.2273977289,6.4189833715999995,6.3992796260999993,325.7747808202252
,mock_campaign_1941c5ac,,,0.0,0.0033987652000000007,0.0,0.0033987652000000007,0.0033987652000000007,
,mock_campaign_a544a26e,,,0.0,0.10042790650000002,24.0958337868,24.1962616933,24.1962616933,
,mock_campaign_96cf8fb0,,,0.0,0.023233388200000021,0.0,0.023233388200000021,0.023233388200000021,
,mock_campaign_b8b1eac5,,,0.0,0.068152376099999967,0.0,0.068152376099999967,0.068152376099999967,
,mock_campaign_c7abcb25,,,0.0,0.0,0.0,0.0,0.0,
,mock_campaign_96cf8fb0,,,0.0,0.0,0.0,0.0,0.0,
,mock_campaign_fb57024c,,,0.0,0.82212792570000015,0.0,0.82212792570000015,0.82212792570000015,
,mock_campaign_d1c03fd5,,,0.0,0.095050774600000013,0.0,0.095050774600000013,0.095050774600000013,
,mock_campaign_e6a4a79e,,,0.0,1.1680070625,0.0,1.1680070625,1.1680070625,
,mock_campaign_cdc62e82,,,0.0,0.00088918220000000058,0.0,0.00088918220000000058,0.00088918220000000058,
,mock_campaign_9772a6c4,,,0.0,2.6751900000000004e-05,0.0,2.6751900000000004e-05,2.6751900000000004e-05,
,mock_campaign_cdc62e82,,,0.0,0.0004433172,0.0,0.0004433172,0.0004433172,
,mock_campaign_796ef0d2,,,0.0,0.1417888917,0.0,0.1417888917,0.1417888917,
,mock_campaign_6b5afb99,,,0.0,0.013789967500000002,0.0,0.013789967500000002,0.013789967500000002,
,mock_campaign_b0c8a1e0,,,0.0,0.10276551300000003,0.0,0.10276551300000003,0.10276551300000003,
,mock_campaign_b0c8a1e0,,,0.0,0.0085198432,47.379907920000008,47.388427763200006,47.388427763200006,
,mock_campaign_796ef0d2,,,0.0,0.013798884800000003,0.0,0.013798884800000003,0.013798884800000003,
,mock_campaign_a544a26e,,,0.0,0.0067758741,0.0,0.0067758741,0.0067758741,
,,,,0.0,0.3901178621000001,0.0,0.3901178621000001,0.3901178621000001,
,mock_campaign_6fdcae3c,,,0.0,0.0052153466,0.0,0.0052153466,0.0052153466,
,,,,0.0,0.0,38.204261,38.204261,38.204261,
,,,,0.0,0.0,47.325308566,47.325308566,47.325308566,
,,,,0.0,0.0,21.643561,21.643561,21.643561,
,,,,0.0,0.0,70.23966125,70.23966125,70.23966125,
739276167,mock_campaign_1fbdf2e3,googleadwords_int,2026-07-20,47.193637776041008,53.007180276199968,38.204261,91.211441276199963,44.017803500158955,1.9327063047999589
739276167,mock_campaign_1fbdf2e3,googleadwords_int,2026-06-13,45.974933559596714,32.62474205920001,38.204261,70.8290030592,24.854069499603291,1.5406004440960264
998337322,mock_campaign_fe944d1c,googleadwords_int,2026-06-08,94.18342584809966,51.36086325459916,133.0328776312,184.39374088579916,90.2103150376995,1.9578151805944282
265069104,mock_campaign_b8b1eac5,googleadwords_int,2026-06-08,20.765824194677457,3.8421257126000223,0.0,3.8421257126000223,-16.923698482077434,0.18502158530191196
280939212,mock_campaign_45884f7b,googleadwords_int,2026-07-19,1.0421397654000002,1.2054992134000002,0.0,1.2054992134000002,0.16335944800000002,1.1567538764220349
900383572,mock_campaign_45368c6d,googleadwords_int,2026-07-09,3.6079303397000015,5.3597495345000006,0.0,5.3597495345000006,1.751819194799999,1.4855468453821816
974591165,mock_campaign_674dbd59,googleadwords_int,2026-07-20,1.1210076378999996,0.70904764439999934,0.0,0.70904764439999934,-0.41195999350000023,0.6325092001409276
514288304,mock_campaign_c95b5395,googleadwords_int,2026-06-22,1.7236249071999992,1.2812847983000009,0.0,1.2812847983000009,-0.44234010889999831,0.74336637452137266
516932962,mock_campaign_60e17b09,googleadwords_int,2026-07-09,0.0,0.0,0.0,0.0,0.0,
516932962,mock_campaign_60e17b09,googleadwords_int,2026-07-25,0.0,0.0,0.0,0.0,0.0,
624225880,mock_campaign_ae3dba5e,googleadwords_int,2026-06-09,0.40116711920000003,0.0,0.0,0.0,-0.40116711920000003,0.0
611892113,mock_campaign_9bfd19ea,googleadwords_int,2026-06-24,0.65323510520000028,0.78130452630000136,0.0,0.78130452630000136,0.12806942110000108,1.1960541007066516
788967442,mock_campaign_475f8981,googleadwords_int,2026-06-25,0.054696913999999992,0.0030777424,0.0,0.0030777424,-0.051619171599999993,0.056269031923812017
848321939,mock_campaign_c41abc99,googleadwords_int,2026-07-19,0.0,0.0,0.0,0.0,0.0,
848321939,mock_campaign_c41abc99,googleadwords_int,2026-07-25,0.0003995267,0.0,0.0,0.0,-0.0003995267,0.0
161332031,mock_campaign_12520749,googleadwords_int,2026-06-24,4.6937112771999985,1.2492232831000007,0.0,1.2492232831000007,-3.4444879940999975,0.26614830127455485
161332031,mock_campaign_12520749,googleadwords_int,2026-07-03,0.20422242600000004,0.076128263999999987,0.0,0.076128263999999987,-0.12809416200000007,0.37277132336093183
243641668,mock_campaign_1e8723bd,googleadwords_int,2026-06-16,6.81315848256313,6.9082641575000086,0.0,6.9082641575000086,0.09510567493687816,1.0139591167855968
,mock_campaign_b4ba1e63,,,0.0,0.96911687719999973,38.204261,39.173377877200004,39.173377877200004,
,mock_campaign_796ef0d2,,,0.0,0.0036369845,0.0,0.0036369845,0.0036369845,
,mock_campaign_e731112f,,,0.0,0.0084879957,0.0,0.0084879957,0.0084879957,
,mock_campaign_c13d8f45,,,0.0,0.028224528400000008,0.0,0.028224528400000008,0.028224528400000008,
,mock_campaign_cdc62e82,,,0.0,0.0,0.0,0.0,0.0,
,mock_campaign_1941c5ac,,,0.0,1.2739e-06,0.0,1.2739e-06,1.2739e-06,
,mock_campaign_993fe179,,,0.0,0.20371954020000008,18.6724898904,18.876209430600003,18.876209430600003,
,mock_campaign_796ef0d2,,,0.0,0.0096319579,0.0,0.0096319579,0.0096319579,
,mock_campaign_09bed4a1,,,0.0,5.0956e-06,0.0,5.0956e-06,5.0956e-06,
,mock_campaign_6b5afb99,,,0.0,0.0185849271,0.0,0.0185849271,0.0185849271,
,mock_campaign_c13d8f45,,,0.0,0.22456691369999998,0.0,0.22456691369999998,0.22456691369999998,
,mock_campaign_a544a26e,,,0.0,0.11253759990000001,0.0,0.11253759990000001,0.11253759990000001,
,mock_campaign_b8b1eac5,,,0.0,0.00017452429999999995,0.0,0.00017452429999999995,0.00017452429999999995,
232552584,mock_campaign_a5da28b5,googleadwords_int,2026-07-13,6.6132863241359567,3.7879352805,45.164083712200004,48.952018992700005,42.338732668564049,7.4020716166550846
654635500,mock_campaign_67ff1f36,googleadwords_int,2026-07-07,1.9824197510999997,0.892670138200002,0.0,0.892670138200002,-1.0897496128999977,0.45029320238798043
660741874,mock_campaign_7e7497dd,googleadwords_int,2026-07-26,0.025732448800000002,0.0,0.0,0.0,-0.025732448800000002,0.0
739276167,mock_campaign_1fbdf2e3,googleadwords_int,2026-06-10,47.135691769989045,50.138628816899931,0.0,50.138628816899931,3.0029370469108869,1.0637083478389264
140410898,mock_campaign_a2e93e84,googleadwords_int,2026-07-08,38.091322299299989,47.038171505999976,164.256666,211.29483750599996,173.2035152067,5.547059664817227
199581943,mock_campaign_f81bdda1,googleadwords_int,2026-06-24,2.7018542335000015,0.92711002469999859,0.0,0.92711002469999859,-1.7747442088000029,0.34313843182391579
161694703,mock_campaign_2c0c0430,googleadwords_int,2026-06-16,84.8311388597001,42.821200718399247,154.11100155550002,196.93220227389926,112.10106341419916,2.321461257281952
161694703,mock_campaign_2c0c0430,googleadwords_int,2026-06-29,46.84962212060006,26.431253000499844,307.8364330719,334.26768607239984,287.41806395179981,7.1349067706870644
502057685,mock_campaign_befecb98,googleadwords_int,2026-07-15,1.9277065631000012,1.4844400008,0.0,1.4844400008,-0.44326656230000117,0.77005496023877651
369626124,mock_campaign_617ec63b,googleadwords_int,2026-07-07,0.48219780630000009,0.3177705333,0.0,0.3177705333,-0.1644272730000001,0.659004518785178
974591165,mock_campaign_674dbd59,googleadwords_int,2026-06-24,0.23558486510000007,0.77636052040000036,0.0,0.77636052040000036,0.54077565530000027,3.2954600885352043
989105150,mock_campaign_58ab9c06,googleadwords_int,2026-06-23,0.0,0.0,0.0,0.0,0.0,
624225880,mock_campaign_ae3dba5e,googleadwords_int,2026-06-07,0.12053419469999999,0.36129842240000004,0.0,0.36129842240000004,0.24076422770000006,2.9974765526018823
611892113,mock_campaign_9bfd19ea,googleadwords_int,2026-07-04,2.3534449812,1.5898985383999988,0.0,1.5898985383999988,-0.76354644280000117,0.6755622294553596
571438578,mock_campaign_756e1c81,googleadwords_int,2026-07-13,0.016275627400000003,0.011688032500000008,0.0,0.011688032500000008,-0.0045875948999999951,0.71813099506074984
848321939,mock_campaign_c41abc99,googleadwords_int,2026-07-23,0.0012970378,0.0,0.0,0.0,-0.0012970378,0.0
258346999,mock_campaign_8ba2a925,googleadwords_int,2026-07-04,0.0,0.0,0.0,0.0,0.0,
,mock_campaign_b7e37028,,,0.0,0.22609686759999997,27.2625772103,27.4886740779,27.4886740779,
,mock_campaign_759b1811,,,0.0,0.0195454477,0.0,0.0195454477,0.0195454477,
,mock_campaign_796ef0d2,,,0.0,7.26123e-05,0.0,7.26123e-05,7.26123e-05,
,mock_campaign_46e33ad3,,,0.0,0.0019732711,0.0,0.0019732711,0.0019732711,
,mock_campaign_d1c03fd5,,,0.0,0.082757639599999988,0.0,0.082757639599999988,0.082757639599999988,
,mock_campaign_2254e49d,,,0.0,0.0833665638,0.0,0.0833665638,0.0833665638,
,mock_campaign_d7a6e79d,,,0.0,0.0200180646,0.0,0.0200180646,0.0200180646,
,mock_campaign_ce3403c4,,,0.0,0.4659989894999999,21.643561,22.1095599895,22.1095599895,
,mock_campaign_cdc62e82,,,0.0,0.0002484105,0.0,0.0002484105,0.0002484105,
,mock_campaign_21ff68ff,,,0.0,0.12028036410000001,0.0,0.12028036410000001,0.12028036410000001,
,mock_campaign_a3bfa925,,,0.0,0.039352044899999994,0.0,0.039352044899999994,0.039352044899999994,
,mock_campaign_cb530cbb,,,0.0,2.5478e-06,0.0,2.5478e-06,2.5478e-06,
,,,,0.0,3.9092589686999966,0.0,3.9092589686999966,3.9092589686999966,
,,,,0.0,16.922185685700107,0.0,16.922185685700107,16.922185685700107,
,,,,0.0,0.0,206.825168271,206.825168271,206.825168271,
,,,,0.0,0.0,44.7880768404,44.7880768404,44.7880768404,
,mock_campaign_90337527,,,0.0,0.0,45.069827851199996,45.069827851199996,45.069827851199996,
232552584,mock_campaign_a5da28b5,googleadwords_int,2026-06-22,6.5941619686682404,4.7578827405000013,0.0,4.7578827405000013,-1.8362792281682392,0.72152955343026026
232552584,mock_campaign_a5da28b5,googleadwords_int,2026-07-24,17.960837707227508,6.9012245861,0.0,6.9012245861,-11.059613121127509,0.38423734452669328
654635500,mock_campaign_67ff1f36,googleadwords_int,2026-07-14,1.8124597910000002,1.0212448651999995,38.204261,39.2255058652,37.4130460742,21.642138523557456
998337322,mock_campaign_fe944d1c,googleadwords_int,2026-07-11,23.500053899300021,20.978176278099955,154.50969021679998,175.48786649489995,151.98781259559993,7.4675516595358564
998337322,mock_campaign_fe944d1c,googleadwords_int,2026-07-22,16.580058608399995,21.519567217399992,166.85881694350002,188.3783841609,171.7983255525,11.361744165696821
510225620,mock_campaign_10287894,googleadwords_int,2026-06-25,9.13980062520001,2.7249115909000095,0.0,2.7249115909000095,-6.4148890343000007,0.29813687438508857
974591165,mock_campaign_674dbd59,googleadwords_int,2026-07-06,0.43677056270000009,0.36114937609999981,0.0,0.36114937609999981,-0.075621186600000279,0.82686290455902045
900383572,mock_campaign_45368c6d,googleadwords_int,2026-06-20,2.933436508299998,6.30340879410011,0.0,6.30340879410011,3.3699722858001122,2.148813780787469
989105150,mock_campaign_58ab9c06,googleadwords_int,2026-06-24,0.0,0.0,0.0,0.0,0.0,
529859974,mock_campaign_d2ea5396,googleadwords_int,2026-06-24,2.9321443527000008,2.279414748000014,0.0,2.279414748000014,-0.65272960469998687,0.77738831169790967
529859974,mock_campaign_d2ea5396,googleadwords_int,2026-07-10,1.9718660620999997,1.5735391146000015,0.0,1.5735391146000015,-0.3983269474999982,0.79799492716265541
529859974,mock_campaign_d2ea5396,googleadwords_int,2026-07-20,5.1691032966999995,3.2243810290000177,0.0,3.2243810290000177,-1.9447222676999818,0.62377956947745472
624225880,mock_campaign_ae3dba5e,googleadwords_int,2026-06-01,0.0028121471999999997,0.0,0.0,0.0,-0.0028121471999999997,0.0
585166272,mock_campaign_60587c25,googleadwords_int,2026-06-30,0.30953295040918721,0.1698006788,0.0,0.1698006788,-0.13973227160918722,0.54857060799353319
585166272,mock_campaign_60587c25,googleadwords_int,2026-07-07,0.75302684029906386,0.2135604177,0.0,0.2135604177,-0.53946642259906386,0.28360266363837006
611748075,mock_campaign_628993e1,googleadwords_int,2026-07-08,0.0006843217,0.0,0.0,0.0,-0.0006843217,0.0
611748075,mock_campaign_628993e1,googleadwords_int,2026-07-20,0.29651634849999997,0.7254898716999999,0.0,0.7254898716999999,0.42897352319999993,2.4467112028394618
788967442,mock_campaign_475f8981,googleadwords_int,2026-07-17,0.0035664470999999995,0.0103224117,0.0,0.0103224117,0.0067559646000000008,2.8943122975243352
742036733,mock_campaign_e0586969,googleadwords_int,2026-07-10,0.34092638548675142,0.33704591419999996,0.0,0.33704591419999996,-0.0038804712867514524,0.98861786165007093
742036733,mock_campaign_e0586969,googleadwords_int,2026-07-16,0.74187078492243119,0.6240797883,0.0,0.6240797883,-0.1177909966224312,0.84122437624397461
848321939,mock_campaign_c41abc99,googleadwords_int,2026-07-15,0.0,0.0,0.0,0.0,0.0,
148918961,mock_campaign_993fe179,googleadwords_int,2026-06-05,26.105755644900004,5.159442772400002,0.0,5.159442772400002,-20.946312872500002,0.19763621641834933
258346999,mock_campaign_8ba2a925,googleadwords_int,2026-06-29,0.0042727387,0.0,0.0,0.0,-0.0042727387,0.0
,mock_campaign_e6535e2b,,,0.0,0.0,0.0,0.0,0.0,
,mock_campaign_2254e49d,,,0.0,0.0,0.0,0.0,0.0,
,mock_campaign_f81bdda1,,,0.0,0.0025669085000000003,0.0,0.0025669085000000003,0.0025669085000000003,
,mock_campaign_fb57024c,,,0.0,0.78908932920000008,0.0,0.78908932920000008,0.78908932920000008,
,mock_campaign_c13d8f45,,,0.0,0.084904161100000014,45.153742191999996,45.238646353099995,45.238646353099995,
,mock_campaign_13d78e8d,,,0.0,0.0052420985,0.0,0.0052420985,0.0052420985,
,mock_campaign_96cf8fb0,,,0.0,0.11629050929999998,0.0,0.11629050929999998,0.11629050929999998,
,mock_campaign_ce3403c4,,,0.0,0.0010420502000000002,0.0,0.0010420502000000002,0.0010420502000000002,
,mock_campaign_b0c8a1e0,,,0.0,0.0274665579,0.0,0.0274665579,0.0274665579,
,mock_campaign_759b1811,,,0.0,0.005875226800000001,0.0,0.005875226800000001,0.005875226800000001,
,mock_campaign_c95b5395,,,0.0,0.081234055199999974,0.0,0.081234055199999974,0.081234055199999974,
,mock_campaign_df87094f,,,0.0,0.0034688297000000003,43.287122,43.290590829699994,43.290590829699994,
,mock_campaign_458d9417,,,0.0,2.80258e-05,0.0,2.80258e-05,2.80258e-05,
,mock_campaign_a544a26e,,,0.0,0.052401876500000007,0.0,0.052401876500000007,0.052401876500000007,
,mock_campaign_541ebe5c,,,0.0,0.0,0.0,0.0,0.0,
,,,,0.0,20.065150491799983,0.0,20.065150491799983,20.065150491799983,
,,,,0.0,0.0027248721,0.0,0.0027248721,0.0027248721,
232552584,mock_campaign_a5da28b5,googleadwords_int,2026-07-05,16.941985519424097,12.794471975499999,0.0,12.794471975499999,-4.1475135439240987,0.75519318328014462
140410898,mock_campaign_a2e93e84,googleadwords_int,2026-07-22,40.253730049299975,39.289780489699432,142.61310500000002,181.90288548969946,141.64915544039948,4.5189075712217832
998337322,mock_campaign_fe944d1c,googleadwords_int,2026-07-12,6.5678259308999962,4.3451518795000039,45.7274838218,50.0726357013,43.5048097704,7.6239285614621179
502057685,mock_campaign_befecb98,googleadwords_int,2026-07-03,1.9749190644999999,0.892917274800001,0.0,0.892917274800001,-1.0820017896999987,0.45212854078456394
265069104,mock_campaign_b8b1eac5,googleadwords_int,2026-06-07,20.637878889655685,3.362874341400218,0.0,3.362874341400218,-17.275004548255467,0.16294670394086816
262368493,mock_campaign_c13d8f45,googleadwords_int,2026-06-17,101.06091670579988,30.072620990399603,0.0,30.072620990399603,-70.988295715400284,0.29756924804021428
900383572,mock_campaign_45368c6d,googleadwords_int,2026-07-02,3.5347559261000008,7.5216138861000319,0.0,7.5216138861000319,3.9868579600000311,2.1279019098777909
974591165,mock_campaign_674dbd59,googleadwords_int,2026-07-25,3.5978241856999982,1.5647466567999986,0.0,1.5647466567999986,-2.0330775289,0.43491470845609403
516932962,mock_campaign_60e17b09,googleadwords_int,2026-07-22,0.0,0.0,0.0,0.0,0.0,
611748075,mock_campaign_628993e1,googleadwords_int,2026-06-20,0.4107736614,0.15987445,0.0,0.15987445,-0.2508992114,0.38920326453043613
611748075,mock_campaign_628993e1,googleadwords_int,2026-06-25,0.24060051189999998,0.0,0.0,0.0,-0.24060051189999998,0.0
571438578,mock_campaign_756e1c81,googleadwords_int,2026-07-10,0.032548,0.022991347199999995,0.0,0.022991347199999995,-0.009556652800000006,0.70638279464175968
590094865,mock_campaign_23f341fc,googleadwords_int,2026-07-26,0.032596822,0.0056064339000000008,0.0,0.0056064339000000008,-0.0269903881,0.1719932667055703
742036733,mock_campaign_e0586969,googleadwords_int,2026-06-27,4.4823941241087111,2.8974638937000026,0.0,2.8974638937000026,-1.5849302304087085,0.64640989022270334
788967442,mock_campaign_475f8981,googleadwords_int,2026-07-05,0.2804042748,0.21116293790000001,0.0,0.21116293790000001,-0.0692413369,0.7530660438419251
,mock_campaign_e6a4a79e,,,0.0,0.94228089980000007,0.0,0.94228089980000007,0.94228089980000007,
,mock_campaign_6b5afb99,,,0.0,0.017792561300000002,0.0,0.017792561300000002,0.017792561300000002,
,mock_campaign_b0c8a1e0,,,0.0,0.061035096799999994,0.0,0.061035096799999994,0.061035096799999994,
,mock_campaign_df87094f,,,0.0,0.7693031144000001,0.0,0.7693031144000001,0.7693031144000001,
,mock_campaign_6b5afb99,,,0.0,0.038892167,0.0,0.038892167,0.038892167,
,mock_campaign_ce3403c4,,,0.0,0.3317082732,0.0,0.3317082732,0.3317082732,
,mock_campaign_9cb1c00c,,,0.0,0.0035427159,0.0,0.0035427159,0.0035427159,
,mock_campaign_67ff1f36,,,0.0,0.041546974599999995,0.0,0.041546974599999995,0.041546974599999995,
,mock_campaign_b4ba1e63,,,0.0,0.4721939652,0.0,0.4721939652,0.4721939652,
,mock_campaign_2254e49d,,,0.0,1.2739000000000001e-05,0.0,1.2739000000000001e-05,1.2739000000000001e-05,
,mock_campaign_970b80f7,,,0.0,1.1045375428000022,36.301157585900008,37.40569512870001,37.40569512870001,
,mock_campaign_cdc62e82,,,0.0,1.9108500000000002e-05,0.0,1.9108500000000002e-05,1.9108500000000002e-05,
,mock_campaign_e6535e2b,,,0.0,0.0,0.0,0.0,0.0,
,,,,0.0,0.0,45.115367228400004,45.115367228400004,45.115367228400004,
,,,,0.0,4.2993742830000121,0.0,4.2993742830000121,4.2993742830000121,
140410898,mock_campaign_a2e93e84,googleadwords_int,2026-06-04,81.9393580955,59.1503604760999,157.89990500000002,217.05026547609992,135.11090738059994,2.6489134223278721
998337322,mock_campaign_fe944d1c,googleadwords_int,2026-06-14,90.605260654399856,52.168436872798182,235.4754493378,287.64388621059817,197.03862555619833,3.1746929939065294
161694703,mock_campaign_2c0c0430,googleadwords_int,2026-07-11,32.807340022900014,19.762948290400757,92.330936952799988,112.09388524320075,79.286545220300724,3.4167319010001278
464541057,mock_campaign_d8ff83e7,googleadwords_int,2026-06-23,0.79324032719999993,0.50780201800000013,0.0,0.50780201800000013,-0.2854383091999998,0.64016162641711971
464541057,mock_campaign_d8ff83e7,googleadwords_int,2026-06-20,1.7403529518,1.4578753640999993,0.0,1.4578753640999993,-0.28247758770000075,0.83768948280988531
464541057,mock_campaign_d8ff83e7,googleadwords_int,2026-07-26,6.7450880348,6.8351550365000033,0.0,6.8351550365000033,0.090067001700003146,1.0133529764526896
351751429,mock_campaign_b7e37028,googleadwords_int,2026-07-11,18.854945769643081,10.911731852900003,0.0,10.911731852900003,-7.943213916743078,0.57871987467967978
369626124,mock_campaign_617ec63b,googleadwords_int,2026-07-22,0.10394773389999999,0.0,0.0,0.0,-0.10394773389999999,0.0
571438578,mock_campaign_756e1c81,googleadwords_int,2026-06-26,6.971461002199999,1.9337279700999939,0.0,1.9337279700999939,-5.0377330321000056,0.27737772175585046
810543724,mock_campaign_c492b014,googleadwords_int,2026-06-28,0.3271554083,0.0,37.7624495498,37.7624495498,37.4352941415,115.42664003638299
810543724,mock_campaign_c492b014,googleadwords_int,2026-07-07,0.75570271880000006,0.6310811427,0.0,0.6310811427,-0.12462157610000002,0.83509179866669014
792104306,mock_campaign_6fcee95d,googleadwords_int,2026-06-21,20.196875365800015,8.307673881100115,0.0,8.307673881100115,-11.8892014846999,0.4113346114502322
788967442,mock_campaign_475f8981,googleadwords_int,2026-07-01,0.15892700180000002,0.1232103341,0.0,0.1232103341,-0.035716667700000024,0.77526369153463748
243641668,mock_campaign_1e8723bd,googleadwords_int,2026-07-21,12.957133155332311,8.8709746264999989,6.2374946603,15.108469286799998,2.1513361314676871,1.1660348863963275
258346999,mock_campaign_8ba2a925,googleadwords_int,2026-07-18,0.0,0.0,0.0,0.0,0.0,
258346999,mock_campaign_8ba2a925,googleadwords_int,2026-07-20,0.011972781799999999,0.0,0.0,0.0,-0.011972781799999999,0.0
,mock_campaign_5dcabbd9,,,0.0,0.63950799120000013,81.491383,82.1308909912,82.1308909912,
,mock_campaign_ce3403c4,,,0.0,0.5123651278000001,0.0,0.5123651278000001,0.5123651278000001,
,mock_campaign_483107f1,,,0.0,1.2739e-06,0.0,1.2739e-06,1.2739e-06,
,mock_campaign_fb57024c,,,0.0,0.2858364081,0.0,0.2858364081,0.2858364081,
,mock_campaign_989b490b,,,0.0,1.2739e-06,0.0,1.2739e-06,1.2739e-06,
,mock_campaign_13d78e8d,,,0.0,0.00011337710000000002,0.0,0.00011337710000000002,0.00011337710000000002,
,mock_campaign_96cf8fb0,,,0.0,0.0015019280999999998,0.0,0.0015019280999999998,0.0015019280999999998,
,mock_campaign_6b5afb99,,,0.0,0.021797702900000004,0.0,0.021797702900000004,0.021797702900000004,
,mock_campaign_cc915a95,,,0.0,0.0163670672,0.0,0.0163670672,0.0163670672,
,mock_campaign_cb530cbb,,,0.0,0.0090408683,0.0,0.0090408683,0.0090408683,
,mock_campaign_970b80f7,,,0.0,2.21485604380006,37.230499483399996,39.445355527200057,39.445355527200057,
739276167,mock_campaign_1fbdf2e3,googleadwords_int,2026-06-03,56.286671454645408,57.603573261500017,0.0,57.603573261500017,1.3169018068546094,1.0233963347418
140410898,mock_campaign_a2e93e84,googleadwords_int,2026-06-16,47.290140585499984,33.924465286099924,141.339205,175.26367028609991,127.97352970059993,3.7061355309195028
998337322,mock_campaign_fe944d1c,googleadwords_int,2026-06-23,15.174694554800013,18.893858041200069,75.769870069600017,94.6637281108001,79.489033556000081,6.2382625079498784
161694703,mock_campaign_2c0c0430,googleadwords_int,2026-06-30,46.442377476100027,26.464538733600214,121.5458640034,148.01040273700022,101.56802526090019,3.1869686863720248
464541057,mock_campaign_d8ff83e7,googleadwords_int,2026-07-09,2.9843562269,3.7568049862000006,0.0,3.7568049862000006,0.77244875930000045,1.258832626057641
432166127,mock_campaign_f8b84857,googleadwords_int,2026-06-29,2.6896820951999993,3.7697834794000009,0.0,3.7697834794000009,1.0801013842000016,1.4015721360258702
502057685,mock_campaign_befecb98,googleadwords_int,2026-07-23,4.6305616475999987,2.3271337681000026,0.0,2.3271337681000026,-2.3034278794999961,0.5025597206563801
585166272,mock_campaign_60587c25,googleadwords_int,2026-07-01,0.26434802572688482,0.386590433,0.0,0.386590433,0.12224240727311519,1.4624298098575996
571438578,mock_campaign_756e1c81,googleadwords_int,2026-07-09,0.032548,0.039399179199999988,0.0,0.039399179199999988,0.0068511791999999877,1.2104946294703203
834117318,mock_campaign_ae804aae,googleadwords_int,2026-06-20,2.617827503,1.0937361446999994,0.0,1.0937361446999994,-1.5240913583000006,0.41780298489743517
788967442,mock_campaign_475f8981,googleadwords_int,2026-07-16,0.0015321971,0.0093988342000000009,34.9493687921,34.9587676263,34.957235429200004,22816.103506722473
848321939,mock_campaign_c41abc99,googleadwords_int,2026-06-20,0.0,0.0,0.0,0.0,0.0,
148918961,mock_campaign_993fe179,googleadwords_int,2026-06-17,19.161636590100009,2.5486178438000024,0.0,2.5486178438000024,-16.613018746300007,0.1330062717668262
148918961,mock_campaign_993fe179,googleadwords_int,2026-07-04,25.556950797700011,4.8138158678000318,18.7127464043,23.52656227210003,-2.0303885255999816,0.92055435166456923
161332031,mock_campaign_12520749,googleadwords_int,2026-07-20,0.48683915110000014,0.17471793280000009,0.0,0.17471793280000009,-0.31212121830000006,0.35888225588519235
258346999,mock_campaign_8ba2a925,googleadwords_int,2026-07-16,0.0029691913,0.0,0.0,0.0,-0.0029691913,0.0
,mock_campaign_a544a26e,,,0.0,0.0443177071,0.0,0.0443177071,0.0443177071,
,mock_campaign_ce3403c4,,,0.0,0.1375226006,0.0,0.1375226006,0.1375226006,
,mock_campaign_541ebe5c,,,0.0,1.01912e-05,0.0,1.01912e-05,1.01912e-05,
,mock_campaign_a82360d0,,,0.0,0.2765203774,0.0,0.2765203774,0.2765203774,
,mock_campaign_fb57024c,,,0.0,0.781461216,0.0,0.781461216,0.781461216,
,mock_campaign_c7abcb25,,,0.0,0.018349255600000006,0.0,0.018349255600000006,0.018349255600000006,
,mock_campaign_a544a26e,,,0.0,0.018089380000000002,20.3291726363,20.3472620163,20.3472620163,
,mock_campaign_f81bdda1,,,0.0,0.054450307700000013,6.6037396363999994,6.6581899440999992,6.6581899440999992,
,mock_campaign_df87094f,,,0.0,0.1695446249,38.204261,38.3738056249,38.3738056249,
,mock_campaign_2254e49d,,,0.0,0.0100727273,0.0,0.0100727273,0.0100727273,
,mock_campaign_c95b5395,,,0.0,0.087637950500000034,0.0,0.087637950500000034,0.087637950500000034,
,mock_campaign_0365d47f,,,0.0,0.0034624602,0.0,0.0034624602,0.0034624602,
,,,,0.0,0.340679077,0.0,0.340679077,0.340679077,
,,,,0.0,13.382571732199986,0.0,13.382571732199986,13.382571732199986,
,,,,0.0,0.0,124.778505,124.778505,124.778505,
,mock_campaign_ce3403c4,,,0.0,0.0,21.643561,21.643561,21.643561,
,,,,0.0,2.7449844331999986,0.0,2.7449844331999986,2.7449844331999986,
369626124,mock_campaign_617ec63b,googleadwords_int,2026-06-24,0.4560397924,0.80810228669999951,0.0,0.80810228669999951,0.35206249429999953,1.7719995056729605
280939212,mock_campaign_45884f7b,googleadwords_int,2026-07-04,0.96840308510000006,0.1917792755,0.0,0.1917792755,-0.7766238096,0.19803662178564449
351751429,mock_campaign_b7e37028,googleadwords_int,2026-07-06,17.672218394637142,12.30165739100001,0.0,12.30165739100001,-5.3705610036371318,0.6961014806569561
369804654,mock_campaign_92e554bf,googleadwords_int,2026-07-11,0.28630359980000003,1.1410080259000004,0.0,1.1410080259000004,0.8547044261000003,3.9853079971647647
900383572,mock_campaign_45368c6d,googleadwords_int,2026-07-08,4.1123836547000039,6.4794452134000018,0.0,6.4794452134000018,2.3670615586999979,1.5755935626275301
788967442,mock_campaign_475f8981,googleadwords_int,2026-07-06,0.1659231944,0.0013172126,0.0,0.0013172126,-0.1646059818,0.00793868876960339
792104306,mock_campaign_6fcee95d,googleadwords_int,2026-06-01,23.570595993399948,12.624858560000103,0.0,12.624858560000103,-10.945737433399845,0.53561897898276378
243641668,mock_campaign_1e8723bd,googleadwords_int,2026-07-08,9.5735248724938469,7.4529927147999881,6.1588555394,13.611848254199987,4.0383233817061406,1.4218219971735637
258346999,mock_campaign_8ba2a925,googleadwords_int,2026-06-26,0.1290080665,0.33200254409999996,0.0,0.33200254409999996,0.20299447759999997,2.5735022088715667
,mock_campaign_d7a6e79d,,,0.0,0.00021528910000000003,0.0,0.00021528910000000003,0.00021528910000000003,
,mock_campaign_337b8797,,,0.0,0.00012738999999999998,0.0,0.00012738999999999998,0.00012738999999999998,
,mock_campaign_a3bfa925,,,0.0,0.0016254964,0.0,0.0016254964,0.0016254964,
,mock_campaign_c95b5395,,,0.0,0.068511615899999961,0.0,0.068511615899999961,0.068511615899999961,
,mock_campaign_2472b5d9,,,0.0,0.00028662749999999997,0.0,0.00028662749999999997,0.00028662749999999997,
,mock_campaign_c95b5395,,,0.0,0.049618405000000011,0.0,0.049618405000000011,0.049618405000000011,
,mock_campaign_6fcee95d,,,0.0,0.31354628089999981,8.6745558071999991,8.9881020881,8.9881020881,
,mock_campaign_15f5ae79,,,0.0,0.00081656989999999994,0.0,0.00081656989999999994,0.00081656989999999994,
,mock_campaign_13d78e8d,,,0.0,7.6434e-06,0.0,7.6434e-06,7.6434e-06,
,mock_campaign_6aedfff8,,,0.0,0.0113440795,0.0,0.0113440795,0.0113440795,
,mock_campaign_cc915a95,,,0.0,7.51601e-05,0.0,7.51601e-05,7.51601e-05,
,mock_campaign_2472b5d9,,,0.0,0.0001426768,0.0,0.0001426768,0.0001426768,
,,,,0.0,0.0,27.779690163399998,27.779690163399998,27.779690163399998,
,,,,0.0,16.277546425300173,0.0,16.277546425300173,16.277546425300173,
,,,,0.0,20.487538788699954,0.0,20.487538788699954,20.487538788699954,
,,,,0.0,13.326757077600053,0.0,13.326757077600053,13.326757077600053,
654635500,mock_campaign_67ff1f36,googleadwords_int,2026-07-06,2.5622631847999995,0.98568139889999973,0.0,0.98568139889999973,-1.5765817858999998,0.38469170721700796
739276167,mock_campaign_1fbdf2e3,googleadwords_int,2026-06-11,45.618264330241317,31.631097511400007,0.0,31.631097511400007,-13.98716681884131,0.69338669446989631
140410898,mock_campaign_a2e93e84,googleadwords_int,2026-07-18,35.750317163699989,29.967282199399133,43.287122,73.254404199399133,37.504087035699143,2.049056064704788
998337322,mock_campaign_fe944d1c,googleadwords_int,2026-06-30,25.180239431999986,24.346016281699963,214.8082473365,239.15426361819996,213.97402418619998,9.497696170206936
998337322,mock_campaign_fe944d1c,googleadwords_int,2026-06-29,25.706010059600011,28.553427723700231,109.59340298480001,138.14683070850023,112.44082064890023,5.3741063038644832
180761354,mock_campaign_07fb7039,googleadwords_int,2026-07-12,0.0381690396,0.0089937340000000015,0.0,0.0089937340000000015,-0.0291753056,0.23562903584296632
280939212,mock_campaign_45884f7b,googleadwords_int,2026-07-07,0.7899554203,1.0910367505999996,0.0,1.0910367505999996,0.30108133029999962,1.381137115542113
972671114,mock_campaign_9911559c,googleadwords_int,2026-07-23,0.91472085499999978,0.508948528,0.0,0.508948528,-0.40577232699999977,0.55639764330069874
514288304,mock_campaign_c95b5395,googleadwords_int,2026-06-10,3.6667746825999989,2.7221956360999977,0.0,2.7221956360999977,-0.94457904650000124,0.74239512152673948
514288304,mock_campaign_c95b5395,googleadwords_int,2026-06-19,8.7244482738999913,4.43119872889999,0.0,4.43119872889999,-4.293249545000001,0.50790589728823754
525989111,mock_campaign_c82cc8f4,googleadwords_int,2026-07-18,0.10440015110000002,0.12361670820000001,0.0,0.12361670820000001,0.01921655709999999,1.1840663724863132
611892113,mock_campaign_9bfd19ea,googleadwords_int,2026-07-13,0.1556486045,0.133058855,0.0,0.133058855,-0.022589749500000006,0.85486699625373119
590094865,mock_campaign_23f341fc,googleadwords_int,2026-07-19,8.1369999999999993e-07,0.0,0.0,0.0,-8.1369999999999993e-07,0.0
611892113,mock_campaign_9bfd19ea,googleadwords_int,2026-07-25,2.8223786637999995,1.4362419943000009,0.0,1.4362419943000009,-1.3861366694999986,0.50887643558298112
810543724,mock_campaign_c492b014,googleadwords_int,2026-07-19,2.0331002419000006,1.9357139802,0.0,1.9357139802,-0.097386261700000532,0.95209962613108057
792104306,mock_campaign_6fcee95d,googleadwords_int,2026-06-16,13.701005739600003,5.681419475700018,0.0,5.681419475700018,-8.0195862638999849,0.41467170977667844
792104306,mock_campaign_6fcee95d,googleadwords_int,2026-06-05,22.58606374690002,12.030771473300035,43.9642087673,55.994980240600036,33.408916493700019,2.479182776958444
792104306,mock_campaign_6fcee95d,googleadwords_int,2026-06-15,21.6358248869,9.3559165090000249,0.0,9.3559165090000249,-12.279908377899975,0.43242707675383429
742036733,mock_campaign_e0586969,googleadwords_int,2026-07-02,0.51256421413596776,1.2521723616,0.0,1.2521723616,0.73960814746403225,2.442957052143786
,mock_campaign_970b80f7,,,0.0,0.76190048149999856,102.10877551129998,102.87067599279997,102.87067599279997,
,mock_campaign_6fdcae3c,,,0.0,0.00010828150000000001,0.0,0.00010828150000000001,0.00010828150000000001,
,mock_campaign_5dcabbd9,,,0.0,2.8704228184000002,43.287122,46.1575448184,46.1575448184,
,mock_campaign_fd1439b8,,,0.0,0.0092587052000000017,0.0,0.0092587052000000017,0.0092587052000000017,
,mock_campaign_e6535e2b,,,0.0,0.0055491084,0.0,0.0055491084,0.0055491084,
,mock_campaign_e6a4a79e,,,0.0,1.7929429116000011,44.573761000000005,46.366703911600005,46.366703911600005,
,mock_campaign_c13d8f45,,,0.0,0.5286442959,5.8178337833,6.3464780792000006,6.3464780792000006,
,mock_campaign_970b80f7,,,0.0,1.9186220639000002,71.822482000000008,73.741104063900011,73.741104063900011,
,mock_campaign_db4f67c3,,,0.0,0.029572314599999996,0.0,0.029572314599999996,0.029572314599999996,
,mock_campaign_b8b1eac5,,,0.0,0.0224626787,0.0,0.0224626787,0.0224626787,
,mock_campaign_2472b5d9,,,0.0,2.5478e-06,0.0,2.5478e-06,2.5478e-06,
,mock_campaign_cb530cbb,,,0.0,4.71343e-05,0.0,4.71343e-05,4.71343e-05,
,mock_campaign_cdc62e82,,,0.0,0.0007248491000000001,0.0,0.0007248491000000001,0.0007248491000000001,
,mock_campaign_d1c03fd5,,,0.0,0.0773142649,27.1403031927,27.2176174576,27.2176174576,
,mock_campaign_970b80f7,,,0.0,1.0367609672000013,60.532731787200007,61.569492754400009,61.569492754400009,
,mock_campaign_e6a4a79e,,,0.0,0.4374356037,0.0,0.4374356037,0.4374356037,
,mock_campaign_fb57024c,,,0.0,0.0,21.643561,21.643561,21.643561,
,,,,0.0,0.0,56.8871701185,56.8871701185,56.8871701185,
,,,,0.0,0.0,104.0101706255,104.0101706255,104.0101706255,
232552584,mock_campaign_a5da28b5,googleadwords_int,2026-06-24,9.7553961773940276,3.3038825802000007,0.0,3.3038825802000007,-6.4515135971940269,0.33867231223843247
140410898,mock_campaign_a2e93e84,googleadwords_int,2026-07-20,46.072695664700007,48.28115650080025,38.204261,86.485417500800253,40.412721836100246,1.8771512335681213
998337322,mock_campaign_fe944d1c,googleadwords_int,2026-06-24,15.225868147800005,17.616324878400274,127.7099106853,145.32623556370027,130.10036741590025,9.54469289717963
161694703,mock_campaign_2c0c0430,googleadwords_int,2026-07-17,36.082773013800015,18.420708651000531,78.8626674198,97.283376070800529,61.200603057000514,2.696116954026623
180761354,mock_campaign_07fb7039,googleadwords_int,2026-06-20,0.05279611079999999,0.053291058699999977,0.0,0.053291058699999977,0.00049494789999998678,1.0093747037897343
464541057,mock_campaign_d8ff83e7,googleadwords_int,2026-07-15,4.2799399450000015,2.7826829558999955,0.0,2.7826829558999955,-1.497256989100006,0.65016869200485816
432166127,mock_campaign_f8b84857,googleadwords_int,2026-07-25,5.8291506982999985,5.2488259659000045,0.0,5.2488259659000045,-0.580324732399994,0.900444376473362
369804654,mock_campaign_92e554bf,googleadwords_int,2026-06-20,0.4478059620999999,1.0551127706000003,0.0,1.0551127706000003,0.60730680850000041,2.3561829450684764
369804654,mock_campaign_92e554bf,googleadwords_int,2026-06-22,0.3613039562,0.45498994570000062,0.0,0.45498994570000062,0.093685989500000622,1.2592996503147635
280939212,mock_campaign_45884f7b,googleadwords_int,2026-06-23,0.132893484,0.0026675465999999996,0.0,0.0026675465999999996,-0.13022593740000002,0.020072817114193495
280939212,mock_campaign_45884f7b,googleadwords_int,2026-07-15,1.2909399321999997,0.1399111631,0.0,0.1399111631,-1.1510287690999996,0.108379297603387
974591165,mock_campaign_674dbd59,googleadwords_int,2026-07-17,0.75295648129999992,0.3981892924999999,0.0,0.3981892924999999,-0.3547671888,0.52883440462922271
989105150,mock_campaign_58ab9c06,googleadwords_int,2026-07-25,0.0,0.0105771917,0.0,0.0105771917,0.0105771917,
972671114,mock_campaign_9911559c,googleadwords_int,2026-07-21,0.526984668,0.59524378789999977,0.0,0.59524378789999977,0.068259119899999776,1.129527715026426
989105150,mock_campaign_58ab9c06,googleadwords_int,2026-07-17,0.0,0.0,0.0,0.0,0.0,
571438578,mock_campaign_756e1c81,googleadwords_int,2026-07-04,0.044393030899999977,0.027057636000000003,0.0,0.027057636000000003,-0.017335394899999974,0.60950188467532673
611892113,mock_campaign_9bfd19ea,googleadwords_int,2026-07-09,1.7679658612999978,1.100309468700001,0.0,1.100309468700001,-0.66765639259999676,0.62235900182537218
611748075,mock_campaign_628993e1,googleadwords_int,2026-07-10,0.3375317107,0.020219340800000003,0.0,0.020219340800000003,-0.3173123699,0.059903529532284637
585166272,mock_campaign_60587c25,googleadwords_int,2026-07-19,0.67407626233311024,1.5185155519000002,0.0,1.5185155519000002,0.84443928956689,2.252735538623063
611892113,mock_campaign_9bfd19ea,googleadwords_int,2026-07-21,2.5166243792000014,1.6332378902999996,7.1207736077,8.754011498,6.2373871187999992,3.4784736134451557
792104306,mock_campaign_6fcee95d,googleadwords_int,2026-06-23,12.351226346699983,6.6836526573000308,0.0,6.6836526573000308,-5.6675736893999522,0.54113271586879941
788967442,mock_campaign_475f8981,googleadwords_int,2026-07-19,0.11458116549999998,0.032967258100000008,0.0,0.032967258100000008,-0.081613907399999977,0.28771969595648783
788967442,mock_campaign_475f8981,googleadwords_int,2026-06-09,0.0803520613,0.44311210209999996,0.0,0.44311210209999996,0.36276004079999996,5.5146326669282342
848321939,mock_campaign_c41abc99,googleadwords_int,2026-06-19,0.0,0.0,0.0,0.0,0.0,
742036733,mock_campaign_e0586969,googleadwords_int,2026-07-19,0.13812679561701696,0.0,0.0,0.0,-0.13812679561701696,0.0
742036733,mock_campaign_e0586969,googleadwords_int,2026-07-08,0.31909820037427139,0.4008530174,0.0,0.4008530174,0.081754817025728621,1.2562058229405184
148918961,mock_campaign_993fe179,googleadwords_int,2026-06-01,18.600248686099984,3.2267530308000003,54.651572434900004,57.8783254657,39.278076779600013,3.1116963241976774
148918961,mock_campaign_993fe179,googleadwords_int,2026-07-19,25.155600595999989,3.9785387463000155,0.0,3.9785387463000155,-21.177061849699975,0.15815717581923469
,mock_campaign_a544a26e,,,0.0,0.0002777102,0.0,0.0002777102,0.0002777102,
,mock_campaign_149c320f,,,0.0,0.025339144900000003,0.0,0.025339144900000003,0.025339144900000003,
,mock_campaign_9772a6c4,,,0.0,0.0322233005,0.0,0.0322233005,0.0322233005,
,mock_campaign_b8b1eac5,,,0.0,0.16479170399999984,0.0,0.16479170399999984,0.16479170399999984,
,mock_campaign_a3bfa925,,,0.0,0.094989627400000026,0.0,0.094989627400000026,0.094989627400000026,
,mock_campaign_970b80f7,,,0.0,1.2071603789999992,209.0308280307,210.2379884097,210.2379884097,
,mock_campaign_b4ba1e63,,,0.0,0.46676332950000049,0.0,0.46676332950000049,0.46676332950000049,
,mock_campaign_67a7920a,,,0.0,8.2803500000000008e-05,0.0,8.2803500000000008e-05,8.2803500000000008e-05,
,mock_campaign_b67b22e1,,,0.0,0.1906506001,0.0,0.1906506001,0.1906506001,
,mock_campaign_13ddbb14,,,0.0,0.0050102487,0.0,0.0050102487,0.0050102487,
,mock_campaign_caa37664,,,0.0,0.0,0.0,0.0,0.0,
,mock_campaign_f81bdda1,,,0.0,0.0057720409000000007,0.0,0.0057720409000000007,0.0057720409000000007,
,mock_campaign_fb57024c,,,0.0,0.10097186179999999,0.0,0.10097186179999999,0.10097186179999999,
,mock_campaign_6fdcae3c,,,0.0,0.0040051416000000005,0.0,0.0040051416000000005,0.0040051416000000005,
,mock_campaign_5dcabbd9,,,0.0,0.034560907,136.256344,136.29090490700003,136.29090490700003,
,mock_campaign_2254e49d,,,0.0,0.0025847431,0.0,0.0025847431,0.0025847431,
,mock_campaign_9772a6c4,,,0.0,0.0004343999,0.0,0.0004343999,0.0004343999,
,mock_campaign_a3bfa925,,,0.0,0.02318498,0.0,0.02318498,0.02318498,
,mock_campaign_ae804aae,,,0.0,1.2739e-06,0.0,1.2739e-06,1.2739e-06,
,,,,0.0,17.784097508400066,0.0,17.784097508400066,17.784097508400066,
,,,,0.0,14.890183974000109,0.0,14.890183974000109,14.890183974000109,
,,,,0.0,10.986722524200077,0.0,10.986722524200077,10.986722524200077,
,,,,0.0,0.0,109.3835279598,109.3835279598,109.3835279598,
,,,,0.0,0.0,107.22440758879999,107.22440758879999,107.22440758879999,
,,,,0.0,0.0,192.34226541380002,192.34226541380002,192.34226541380002,
660741874,mock_campaign_7e7497dd,googleadwords_int,2026-06-29,0.0012107856,0.0,0.0,0.0,-0.0012107856,0.0
654635500,mock_campaign_67ff1f36,googleadwords_int,2026-06-22,0.33180244900000005,0.13372765249999993,0.0,0.13372765249999993,-0.19807479650000012,0.40303395259147079
140410898,mock_campaign_a2e93e84,googleadwords_int,2026-07-14,23.381427017400004,24.321767595200004,119.695644,144.0174115952,120.6359845778,6.1594791236661921
140410898,mock_campaign_a2e93e84,googleadwords_int,2026-06-25,42.015300228600019,41.818706387300011,257.22588800000005,299.04459438730009,257.02929415870005,7.1175165418368
140410898,mock_campaign_a2e93e84,googleadwords_int,2026-07-21,45.81774799439998,31.539302825200057,38.204261,69.743563825200056,23.925815830800076,1.5221953692207739
998337322,mock_campaign_fe944d1c,googleadwords_int,2026-07-04,21.783191652799992,21.903372905000129,103.11944573259998,125.02281863760011,103.23962698480011,5.7394169151300556
280939212,mock_campaign_45884f7b,googleadwords_int,2026-06-30,0.46714272889999992,0.9142831256,0.0,0.9142831256,0.44714039670000011,1.9571815401106636
900383572,mock_campaign_45368c6d,googleadwords_int,2026-06-26,2.7617563864,4.5080531158999593,0.0,4.5080531158999593,1.7462967294999592,1.6323138196038678
529859974,mock_campaign_d2ea5396,googleadwords_int,2026-07-12,0.27120946479999997,0.24943853730000051,0.0,0.24943853730000051,-0.021770927499999454,0.91972652017858536
585166272,mock_campaign_60587c25,googleadwords_int,2026-07-05,0.32086415520185285,0.1923270525,0.0,0.1923270525,-0.12853710270185284,0.59940335927834865
611892113,mock_campaign_9bfd19ea,googleadwords_int,2026-07-12,0.13847872080000015,0.034895942699999995,0.0,0.034895942699999995,-0.10358277810000016,0.25199498160008971
590094865,mock_campaign_23f341fc,googleadwords_int,2026-07-25,0.00042881989999999997,0.0,0.0,0.0,-0.00042881989999999997,0.0
788967442,mock_campaign_475f8981,googleadwords_int,2026-06-16,0.0855589276,0.046873150499999995,41.4136686084,41.4605417589,41.3749828313,484.58463566460131
810543724,mock_campaign_c492b014,googleadwords_int,2026-07-02,0.83719558749999989,1.8786916684000001,0.0,1.8786916684000001,1.0414960809000002,2.2440295869332929
258346999,mock_campaign_8ba2a925,googleadwords_int,2026-06-27,0.2346255128,0.1715956039,0.0,0.1715956039,-0.063029908899999987,0.73135952630297252
,mock_campaign_cb530cbb,,,0.0,0.0012598871000000002,0.0,0.0012598871000000002,0.0012598871000000002,
,mock_campaign_989b490b,,,0.0,0.0,0.0,0.0,0.0,
,mock_campaign_796ef0d2,,,0.0,0.0205416375,0.0,0.0205416375,0.0205416375,
,mock_campaign_541ebe5c,,,0.0,2.92997e-05,0.0,2.92997e-05,2.92997e-05,
,mock_campaign_c7abcb25,,,0.0,0.008225572300000001,0.0,0.008225572300000001,0.008225572300000001,
,mock_campaign_ce3403c4,,,0.0,0.39344019329999996,0.0,0.39344019329999996,0.39344019329999996,
,mock_campaign_c95b5395,,,0.0,0.017335231200000002,0.0,0.017335231200000002,0.017335231200000002,
,mock_campaign_cb530cbb,,,0.0,0.0,0.0,0.0,0.0,
,mock_campaign_a3bfa925,,,0.0,0.18209890939999998,0.0,0.18209890939999998,0.18209890939999998,
,mock_campaign_149c320f,,,0.0,0.0015006542000000011,0.0,0.0015006542000000011,0.0015006542000000011,
,mock_campaign_b0c8a1e0,,,0.0,0.14007294839999995,0.0,0.14007294839999995,0.14007294839999995,
,mock_campaign_df87094f,,,0.0,0.4779621844,0.0,0.4779621844,0.4779621844,
,mock_campaign_96cf8fb0,,,0.0,0.0073160077,0.0,0.0073160077,0.0073160077,
,,,,0.0,0.86709532180000026,0.0,0.86709532180000026,0.86709532180000026,
,,,,0.0,11.866193784500091,0.0,11.866193784500091,11.866193784500091,
,,,,0.0,0.0,87.2372669113,87.2372669113,87.2372669113,
,,,,0.0,0.0,21.643561,21.643561,21.643561,
,,,,0.0,0.0,57.589677560300004,57.589677560300004,57.589677560300004,
739276167,mock_campaign_1fbdf2e3,googleadwords_int,2026-07-08,47.47928173851119,39.907906069399836,0.0,39.907906069399836,-7.5713756691113545,0.84053306217204016
140410898,mock_campaign_a2e93e84,googleadwords_int,2026-06-20,75.567416606699936,36.345896953899953,0.0,36.345896953899953,-39.221519652799984,0.48097313082788995
180761354,mock_campaign_07fb7039,googleadwords_int,2026-07-24,0.83705969959999982,0.33131591199999966,0.0,0.33131591199999966,-0.50574378760000016,0.39580917843532953
502057685,mock_campaign_befecb98,googleadwords_int,2026-07-04,1.2005313526000003,1.1517775764999993,0.0,1.1517775764999993,-0.048753776100000978,0.95938983518055188
434877610,mock_campaign_0dfbbe6f,googleadwords_int,2026-07-05,0.3355828992,0.40219698190000008,0.0,0.40219698190000008,0.066614082700000077,1.1985026139854031
351751429,mock_campaign_b7e37028,googleadwords_int,2026-06-28,22.978182722208977,23.20828982219999,0.0,23.20828982219999,0.23010709999101309,1.0100141557220976
369626124,mock_campaign_617ec63b,googleadwords_int,2026-07-08,0.59282520350000023,1.1027553566999997,0.0,1.1027553566999997,0.50993015319999946,1.8601694904153974
369804654,mock_campaign_92e554bf,googleadwords_int,2026-07-21,0.4970380669,0.94406181199999983,0.0,0.94406181199999983,0.44702374509999981,1.8993752689568892
974591165,mock_campaign_674dbd59,googleadwords_int,2026-07-24,1.2714542583000006,0.8527766858000001,38.204261,39.057037685800005,37.7855834275,30.718397795939008
529859974,mock_campaign_d2ea5396,googleadwords_int,2026-06-20,2.2743305576000008,3.982314585900026,0.0,3.982314585900026,1.7079840283000252,1.7509831948537791
525989111,mock_campaign_c82cc8f4,googleadwords_int,2026-07-03,0.6309739006,0.34116570679999986,0.0,0.34116570679999986,-0.28980819380000017,0.54069701849091
611748075,mock_campaign_628993e1,googleadwords_int,2026-07-03,0.3297201907,0.38299803499999996,0.0,0.38299803499999996,0.053277844299999932,1.1615850220967372
258346999,mock_campaign_8ba2a925,googleadwords_int,2026-07-15,0.0,0.0,0.0,0.0,0.0,
,mock_campaign_b7e37028,,,0.0,0.44710450469999996,0.0,0.44710450469999996,0.44710450469999996,
,mock_campaign_c9d56aa3,,,0.0,0.0056663072,0.0,0.0056663072,0.0056663072,
,mock_campaign_5acba08b,,,0.0,8.40774e-05,0.0,8.40774e-05,8.40774e-05,
,mock_campaign_df87094f,,,0.0,0.2500487354,19.095761,19.3458097354,19.3458097354,
,mock_campaign_e6535e2b,,,0.0,0.0003019143,0.0,0.0003019143,0.0003019143,
,mock_campaign_c7abcb25,,,0.0,0.046276965300000007,0.0,0.046276965300000007,0.046276965300000007,
,mock_campaign_c95b5395,,,0.0,0.0115555469,0.0,0.0115555469,0.0115555469,
,mock_campaign_fb57024c,,,0.0,0.12667788990000003,0.0,0.12667788990000003,0.12667788990000003,
,mock_campaign_759b1811,,,0.0,2.5478e-06,0.0,2.5478e-06,2.5478e-06,
,mock_campaign_5dcabbd9,,,0.0,0.23670081120000003,38.204261,38.440961811200005,38.440961811200005,
,mock_campaign_5dcabbd9,,,0.0,0.50317776100000045,57.312761,57.815938761000005,57.815938761000005,
,mock_campaign_b4ba1e63,,,0.0,0.0383673202,0.0,0.0383673202,0.0383673202,
,mock_campaign_cb530cbb,,,0.0,0.0010904584,0.0,0.0010904584,0.0010904584,
,mock_campaign_5dcabbd9,,,0.0,0.52284040749999994,38.204261,38.7271014075,38.7271014075,
,mock_campaign_970b80f7,,,0.0,1.1251377797000006,41.0281227734,42.1532605531,42.1532605531,
,mock_campaign_ce3403c4,,,0.0,0.2099094203,86.574244,86.784153420299987,86.784153420299987,
,mock_campaign_541ebe5c,,,0.0,7.0064499999999993e-05,0.0,7.0064499999999993e-05,7.0064499999999993e-05,
,mock_campaign_5dcabbd9,,,0.0,1.3972084244,0.0,1.3972084244,1.3972084244,
,mock_campaign_b4ba1e63,,,0.0,0.37186797069999988,46.7538268348,47.125694805500004,47.125694805500004,
,,,,0.0,0.0,21.643561,21.643561,21.643561,
,,,,0.0,0.0,83.1052958273,83.1052958273,83.1052958273,
,,,,0.0,0.1379111401,0.0,0.1379111401,0.1379111401,
232552584,mock_campaign_a5da28b5,googleadwords_int,2026-07-04,17.932545800112628,7.7031408144,0.0,7.7031408144,-10.229404985712627,0.4295620320875812
140410898,mock_campaign_a2e93e84,googleadwords_int,2026-07-24,30.82808068260001,27.987985552399909,44.561022,72.549007552399914,41.720926869799904,2.3533416919253112
161694703,mock_campaign_2c0c0430,googleadwords_int,2026-06-05,123.13756438140003,86.252718009497244,140.7380312076,226.99074921709723,103.85318483569721,1.8433915788201529
161694703,mock_campaign_2c0c0430,googleadwords_int,2026-07-01,43.681866864400028,24.020230369600142,156.1493128939,180.16954326350015,136.48767639910011,4.124584322890632
502057685,mock_campaign_befecb98,googleadwords_int,2026-06-20,1.7158727872999993,2.6607821909999978,0.0,2.6607821909999978,0.94490940369999854,1.5506873299079793
351751429,mock_campaign_b7e37028,googleadwords_int,2026-06-27,18.986280423802409,11.825883766800022,0.0,11.825883766800022,-7.1603966570023871,0.62286469507604769
369804654,mock_campaign_92e554bf,googleadwords_int,2026-07-02,0.2932224909,0.49096360780000003,0.0,0.49096360780000003,0.1977411169,1.6743722703298269
280939212,mock_campaign_45884f7b,googleadwords_int,2026-07-06,1.0949350625,0.5897048707,0.0,0.5897048707,-0.50523019180000006,0.538575200390023
369626124,mock_campaign_617ec63b,googleadwords_int,2026-07-09,0.3367285888,0.22768159920000006,0.0,0.22768159920000006,-0.10904698959999995,0.6761576140932648
369626124,mock_campaign_617ec63b,googleadwords_int,2026-07-23,0.0055339737,0.0192537246,0.0,0.0192537246,0.013719750900000001,3.4791861406930793
974591165,mock_campaign_674dbd59,googleadwords_int,2026-07-01,1.2947797824999998,0.75314624070000014,0.0,0.75314624070000014,-0.54163354179999967,0.58167902440197417
525989111,mock_campaign_c82cc8f4,googleadwords_int,2026-07-05,0.34404700660000015,0.21496680330000004,0.0,0.21496680330000004,-0.12908020330000011,0.62481811838557044
585166272,mock_campaign_60587c25,googleadwords_int,2026-06-04,4.4853098430980456,5.9327179070000016,0.0,5.9327179070000016,1.447408063901956,1.3226996828611994
742036733,mock_campaign_e0586969,googleadwords_int,2026-06-30,2.9842077733027956,2.4956439862,0.0,2.4956439862,-0.48856378710279547,0.83628358873883846
848321939,mock_campaign_c41abc99,googleadwords_int,2026-07-22,0.0138231356,0.0435903102,0.0,0.0435903102,0.0297671746,3.1534314255008828
,mock_campaign_b4ba1e63,,,0.0,0.5604421138,0.0,0.5604421138,0.5604421138,
,mock_campaign_a544a26e,,,0.0,0.0026407946999999991,0.0,0.0026407946999999991,0.0026407946999999991,
,mock_campaign_0365d47f,,,0.0,0.0023223197000000004,0.0,0.0023223197000000004,0.0023223197000000004,
,mock_campaign_e6a4a79e,,,0.0,0.8985886776,0.0,0.8985886776,0.8985886776,
,mock_campaign_cb530cbb,,,0.0,0.0014751762000000002,0.0,0.0014751762000000002,0.0014751762000000002,
,mock_campaign_269bb15e,,,0.0,0.0040076894000000019,0.0,0.0040076894000000019,0.0040076894000000019,
,mock_campaign_e6a4a79e,,,0.0,0.28448097850000004,0.0,0.28448097850000004,0.28448097850000004,
,mock_campaign_6b5afb99,,,0.0,0.076416165400000041,22.746960950100004,22.823377115500005,22.823377115500005,
,mock_campaign_90337527,,,0.0,0.085064672500000008,0.0,0.085064672500000008,0.085064672500000008,
,mock_campaign_9eb39c3f,,,0.0,5.0956e-06,0.0,5.0956e-06,5.0956e-06,
,mock_campaign_0365d47f,,,0.0,0.0019172195000000001,0.0,0.0019172195000000001,0.0019172195000000001,
,mock_campaign_0365d47f,,,0.0,0.0054382791,0.0,0.0054382791,0.0054382791,
,mock_campaign_9772a6c4,,,0.0,0.0080039137,0.0,0.0080039137,0.0080039137,
,mock_campaign_21ff68ff,,,0.0,0.0,46.7814118654,46.7814118654,46.7814118654,
,,,,0.0,0.0,29.261483,29.261483,29.261483,
739276167,mock_campaign_1fbdf2e3,googleadwords_int,2026-07-07,47.641080817120482,35.514526883699986,38.204261,73.718787883699989,26.077707066579507,1.5473785778849947
180761354,mock_campaign_07fb7039,googleadwords_int,2026-07-13,0.0959775424,0.068072120399999977,0.0,0.068072120399999977,-0.027905422000000027,0.709250504834764
510225620,mock_campaign_10287894,googleadwords_int,2026-06-28,8.0320424643999964,2.3712591163000116,0.0,2.3712591163000116,-5.6607833480999847,0.29522492277773926
464541057,mock_campaign_d8ff83e7,googleadwords_int,2026-07-02,2.502280475600001,1.4786144560999996,0.0,1.4786144560999996,-1.0236660195000014,0.59090676305798817
502057685,mock_campaign_befecb98,googleadwords_int,2026-06-27,2.7318000208999984,1.3901777703000016,0.0,1.3901777703000016,-1.3416222505999968,0.50888709263645293
351751429,mock_campaign_b7e37028,googleadwords_int,2026-06-19,17.295339550859111,12.538149282600006,0.0,12.538149282600006,-4.7571902682591052,0.72494380614673726
280939212,mock_campaign_45884f7b,googleadwords_int,2026-07-09,0.5120907032,0.6051190607000001,0.0,0.6051190607000001,0.093028357500000047,1.1816638281434828
974591165,mock_campaign_674dbd59,googleadwords_int,2026-07-07,0.66961244510000018,0.4786488164999998,0.0,0.4786488164999998,-0.19096362860000038,0.71481469617626092
972671114,mock_campaign_9911559c,googleadwords_int,2026-07-22,0.6788552633999998,1.2500920829,0.0,1.2500920829,0.57123681950000016,1.8414707085557529
989105150,mock_campaign_58ab9c06,googleadwords_int,2026-07-16,0.0,0.0,0.0,0.0,0.0,
529859974,mock_campaign_d2ea5396,googleadwords_int,2026-07-08,2.0110245609000006,2.0158715899000046,0.0,2.0158715899000046,0.0048470290000039995,1.0024102286437688
514288304,mock_campaign_c95b5395,googleadwords_int,2026-06-11,5.6928998881,4.0279253015000078,0.0,4.0279253015000078,-1.6649745865999925,0.70753489094717315
571438578,mock_campaign_756e1c81,googleadwords_int,2026-07-05,0.017868852000000005,0.015535210499999999,0.0,0.015535210499999999,-0.0023336415000000058,0.86940171086536477
611892113,mock_campaign_9bfd19ea,googleadwords_int,2026-07-18,1.6931209215999987,1.2602323268999991,0.0,1.2602323268999991,-0.43288859469999963,0.7443250572493546
792104306,mock_campaign_6fcee95d,googleadwords_int,2026-07-08,41.593788982000007,13.8693200049,0.0,13.8693200049,-27.724468977100006,0.33344690023075424
792104306,mock_campaign_6fcee95d,googleadwords_int,2026-07-03,43.169637832199939,21.740874221000112,71.0469049281,92.787779149100118,49.618141316900179,2.1493758995562002
792104306,mock_campaign_6fcee95d,googleadwords_int,2026-06-19,11.905550651199993,4.3510869795999989,0.0,4.3510869795999989,-7.5544636715999944,0.36546709237354263
243641668,mock_campaign_1e8723bd,googleadwords_int,2026-07-24,12.766540592789083,9.8650204527999836,0.0,9.8650204527999836,-2.9015201399890991,0.77272463758678978
,mock_campaign_2472b5d9,,,0.0,0.010014127900000001,0.0,0.010014127900000001,0.010014127900000001,
,mock_campaign_1941c5ac,,,0.0,0.0006866321,0.0,0.0006866321,0.0006866321,
,mock_campaign_6b5afb99,,,0.0,0.11713383110000003,49.5230319287,49.6401657598,49.6401657598,
,mock_campaign_970b80f7,,,0.0,2.3015232825000096,200.88535474100004,203.18687802350004,203.18687802350004,
,mock_campaign_90337527,,,0.0,0.36624752390000004,0.0,0.36624752390000004,0.36624752390000004,
,mock_campaign_a3bfa925,,,0.0,0.035711238700000023,21.643561,21.679272238699998,21.679272238699998,
,mock_campaign_149c320f,,,0.0,0.0001133771,0.0,0.0001133771,0.0001133771,
,mock_campaign_6b5afb99,,,0.0,0.0071414834000000007,0.0,0.0071414834000000007,0.0071414834000000007,
,mock_campaign_337b8797,,,0.0,2.80258e-05,0.0,2.80258e-05,2.80258e-05,
,mock_campaign_1700d8b1,,,0.0,0.0541432978,0.0,0.0541432978,0.0541432978,
,mock_campaign_b8b1eac5,,,0.0,0.0,41.317698078,41.317698078,41.317698078,
998337322,mock_campaign_fe944d1c,googleadwords_int,2026-06-10,82.506562327099715,44.467843858400116,137.3523387694,181.82018262780014,99.313620300700421,2.2037057113950356
161694703,mock_campaign_2c0c0430,googleadwords_int,2026-06-24,21.674278721500006,12.673009432200104,102.86964158600001,115.54265101820012,93.868372296700116,5.3308648699615775
432166127,mock_campaign_f8b84857,googleadwords_int,2026-06-30,3.0800180537000013,6.1603256199999938,0.0,6.1603256199999938,3.0803075662999926,2.0000939970464278
432166127,mock_campaign_f8b84857,googleadwords_int,2026-07-05,4.0971731606000006,5.183398461899996,0.0,5.183398461899996,1.0862253012999954,1.2651157905029637
434877610,mock_campaign_0dfbbe6f,googleadwords_int,2026-06-24,0.3508568619,0.59321064349999986,0.0,0.59321064349999986,0.24235378159999987,1.69074830199295
351751429,mock_campaign_b7e37028,googleadwords_int,2026-07-01,20.373792353564308,16.182383547499988,0.0,16.182383547499988,-4.19140880606432,0.79427449081019763
351751429,mock_campaign_b7e37028,googleadwords_int,2026-07-04,13.068006240890885,13.687787981000007,0.0,13.687787981000007,0.61978174010912213,1.047427413844491
369804654,mock_campaign_92e554bf,googleadwords_int,2026-07-06,0.3067095684,0.5851099134,0.0,0.5851099134,0.27840034499999994,1.9077002274572661
900383572,mock_campaign_45368c6d,googleadwords_int,2026-07-21,5.0963756044000013,5.2238995646000044,0.0,5.2238995646000044,0.12752396020000312,1.0250224806997945
525989111,mock_campaign_c82cc8f4,googleadwords_int,2026-07-11,0.41248324510000028,0.11955041940000002,0.0,0.11955041940000002,-0.29293282570000023,0.28983097088226417
585166272,mock_campaign_60587c25,googleadwords_int,2026-06-06,3.2971501806380612,4.8234299910999976,0.0,4.8234299910999976,1.5262798104619364,1.4629087930009219
590094865,mock_campaign_23f341fc,googleadwords_int,2026-07-07,0.0303680977,0.0083924532,0.0,0.0083924532,-0.0219756445,0.27635755399983453
590094865,mock_campaign_23f341fc,googleadwords_int,2026-07-17,0.033849920000000006,0.0160103752,0.0,0.0160103752,-0.017839544800000006,0.47298118282111146
161332031,mock_campaign_12520749,googleadwords_int,2026-07-02,0.15444595590000004,0.10559866660000003,22.733167160900003,22.8387658275,22.6843198716,147.87545387259956
243641668,mock_campaign_1e8723bd,googleadwords_int,2026-06-11,11.623881755026657,11.985088145399999,0.0,11.985088145399999,0.36120639037334179,1.0310745066050884
261307969,mock_campaign_b4ba1e63,googleadwords_int,2026-06-19,79.494761626599924,36.458582326200123,0.0,36.458582326200123,-43.0361793003998,0.45862873955710604
,mock_campaign_a3bfa925,,,0.0,0.0003528703,0.0,0.0003528703,0.0003528703,
,mock_campaign_b8b1eac5,,,0.0,0.06499437799999995,0.0,0.06499437799999995,0.06499437799999995,
,mock_campaign_970b80f7,,,0.0,0.99013877499999492,25.4919148097,26.482053584699994,26.482053584699994,
,mock_campaign_c95b5395,,,0.0,0.0003528703,0.0,0.0003528703,0.0003528703,
,mock_campaign_0365d47f,,,0.0,0.0057223588,0.0,0.0057223588,0.0057223588,
,mock_campaign_759b1811,,,0.0,0.013037092599999998,0.0,0.013037092599999998,0.013037092599999998,
,mock_campaign_e6535e2b,,,0.0,0.036641185700000051,0.0,0.036641185700000051,0.036641185700000051,
,,,,0.0,0.2652234322,0.0,0.2652234322,0.2652234322,
,mock_campaign_2472b5d9,,,0.0,0.0,5.5755443728,5.5755443728,5.5755443728,
,mock_campaign_df87094f,,,0.0,0.0,50.943261000000007,50.943261000000007,50.943261000000007,
,,,,0.0,0.0,56.6919054526,56.6919054526,56.6919054526,
,,,,0.0,3.5173500031999962,0.0,3.5173500031999962,3.5173500031999962,
232552584,mock_campaign_a5da28b5,googleadwords_int,2026-06-21,4.0954920003597346,1.5828525975000003,0.0,1.5828525975000003,-2.5126394028597341,0.38648655579377711
739276167,mock_campaign_1fbdf2e3,googleadwords_int,2026-06-27,44.907150556081774,54.91211555849997,0.0,54.91211555849997,10.004965002418196,1.2227922475268969
140410898,mock_campaign_a2e93e84,googleadwords_int,2026-07-25,41.2097038669,29.912653545699975,159.17380500000002,189.0864585457,147.8767546788,4.5883964407124971
998337322,mock_campaign_fe944d1c,googleadwords_int,2026-07-06,23.107062024000008,23.695221536499893,0.0,23.695221536499893,0.5881595124998853,1.0254536691808329
998337322,mock_campaign_fe944d1c,googleadwords_int,2026-06-07,115.7809726595997,55.979645032398146,131.5457127583,187.52535779069814,71.74438513109844,1.6196560927332124
180761354,mock_campaign_07fb7039,googleadwords_int,2026-07-02,0.2056398914,0.1817192872,0.0,0.1817192872,-0.0239206042,0.88367721828119972
510225620,mock_campaign_10287894,googleadwords_int,2026-07-11,13.675668749000028,4.6423603929000077,42.0049824148,46.647342807700007,32.971674058699975,3.4109734349269671
369804654,mock_campaign_92e554bf,googleadwords_int,2026-06-27,0.20094321500000004,0.93703752740000024,0.0,0.93703752740000024,0.73609431240000023,4.6631956565440644
280939212,mock_campaign_45884f7b,googleadwords_int,2026-07-24,0.80981214139999991,0.74688374830000015,0.0,0.74688374830000015,-0.062928393099999758,0.92229260357691178
989105150,mock_campaign_58ab9c06,googleadwords_int,2026-07-01,0.0,0.0,0.0,0.0,0.0,
525989111,mock_campaign_c82cc8f4,googleadwords_int,2026-07-22,2.1313927608000016,0.88892232439999952,0.0,0.88892232439999952,-1.2424704364000021,0.41706171699032585
525989111,mock_campaign_c82cc8f4,googleadwords_int,2026-07-25,7.7343503194,2.8060411863000074,0.0,2.8060411863000074,-4.928309133099992,0.36280244240574933
585166272,mock_campaign_60587c25,googleadwords_int,2026-06-26,0.18399913225866091,1.9519867788,0.0,1.9519867788,1.7679876465413391,10.608673828178445
611892113,mock_campaign_9bfd19ea,googleadwords_int,2026-07-10,1.4541526918999979,1.0789296049999995,0.0,1.0789296049999995,-0.37522308689999839,0.74196445188315718
810543724,mock_campaign_c492b014,googleadwords_int,2026-06-26,0.8523149472,1.0972801345,0.0,1.0972801345,0.24496518730000005,1.2874115819565908
810543724,mock_campaign_c492b014,googleadwords_int,2026-07-26,1.4176639428,0.42811829909999993,0.0,0.42811829909999993,-0.98954564370000009,0.30198856454967171
742036733,mock_campaign_e0586969,googleadwords_int,2026-07-11,0.99719165794244724,0.5426763044,0.0,0.5426763044,-0.45451535354244721,0.54420461711415613
,mock_campaign_0365d47f,,,0.0,0.002828058,0.0,0.002828058,0.002828058,
,mock_campaign_1941c5ac,,,0.0,0.0132434644,0.0,0.0132434644,0.0132434644,
,mock_campaign_2254e49d,,,0.0,0.0049147062,0.0,0.0049147062,0.0049147062,
,mock_campaign_6fdcae3c,,,0.0,0.0036611886,0.0,0.0036611886,0.0036611886,
,mock_campaign_1700d8b1,,,0.0,9.55425e-05,0.0,9.55425e-05,9.55425e-05,
,mock_campaign_cb530cbb,,,0.0,8.66252e-05,0.0,8.66252e-05,8.66252e-05,
,mock_campaign_970b80f7,,,0.0,2.1324742046999932,8.8796600767,11.012134281399995,11.012134281399995,
,mock_campaign_1941c5ac,,,0.0,0.0003515964,0.0,0.0003515964,0.0003515964,
,mock_campaign_ce3403c4,,,0.0,0.4102225519,44.573761000000005,44.9839835519,44.9839835519,
,mock_campaign_5dcabbd9,,,0.0,0.7817198177,21.643561,22.4252808177,22.4252808177,
,mock_campaign_caa37664,,,0.0,0.0001108293,0.0,0.0001108293,0.0001108293,
,mock_campaign_e6535e2b,,,0.0,0.0115580947,0.0,0.0115580947,0.0115580947,
,mock_campaign_df87094f,,,0.0,1.9439255396,91.695322,93.6392475396,93.6392475396,
,,,,0.0,0.0,49.5103833756,49.5103833756,49.5103833756,
654635500,mock_campaign_67ff1f36,googleadwords_int,2026-07-09,2.1708905725,1.1473151048000021,0.0,1.1473151048000021,-1.0235754676999977,0.528499740767105
140410898,mock_campaign_a2e93e84,googleadwords_int,2026-07-05,38.124253551999963,27.816370840000076,173.161227,200.97759784000007,162.8533442880001,5.2716467632835
434877610,mock_campaign_0dfbbe6f,googleadwords_int,2026-07-24,0.8582883188999999,0.60551014799999991,0.0,0.60551014799999991,-0.2527781709,0.70548571460932186
262368493,mock_campaign_c13d8f45,googleadwords_int,2026-06-18,82.410843541300011,26.049023127201206,0.0,26.049023127201206,-56.3618204140988,0.31608732550039725
369626124,mock_campaign_617ec63b,googleadwords_int,2026-07-15,0.2248554169,0.10700123049999999,0.0,0.10700123049999999,-0.1178541864,0.47586681243968731
351751429,mock_campaign_b7e37028,googleadwords_int,2026-07-19,18.234842573112022,18.556795566300032,0.0,18.556795566300032,0.32195299318800963,1.0176559239213143
972671114,mock_campaign_9911559c,googleadwords_int,2026-07-11,0.52244829050000008,0.59389345390000037,0.0,0.59389345390000037,0.071445163400000289,1.1367506884396634
529859974,mock_campaign_d2ea5396,googleadwords_int,2026-07-18,2.7967487412000014,3.2067935656000204,0.0,3.2067935656000204,0.410044824400019,1.1466148239773877
611748075,mock_campaign_628993e1,googleadwords_int,2026-07-14,0.0747896081,0.044199234399999995,0.0,0.044199234399999995,-0.030590373700000006,0.59098096009410694
792104306,mock_campaign_6fcee95d,googleadwords_int,2026-07-15,32.461151357900029,12.607136063199992,21.643561,34.250697063199993,1.7895457052999646,1.0551288426454548
788967442,mock_campaign_475f8981,googleadwords_int,2026-07-18,0.1305638609,0.311302943,0.0,0.311302943,0.1807390821,2.3842963960634531
243641668,mock_campaign_1e8723bd,googleadwords_int,2026-06-17,8.1155447682936863,11.954444480900017,39.9579690655,51.912413546400018,43.79686877810633,6.3966640599673177
,mock_campaign_5dcabbd9,,,0.0,1.2344434953000012,81.491383,82.7258264953,82.7258264953,
,mock_campaign_ae804aae,,,0.0,0.0355609185,0.0,0.0355609185,0.0355609185,
,mock_campaign_fb57024c,,,0.0,0.15010491090000003,0.0,0.15010491090000003,0.15010491090000003,
,mock_campaign_337b8797,,,0.0,0.0011044713000000002,0.0,0.0011044713000000002,0.0011044713000000002,
,mock_campaign_759b1811,,,0.0,0.00021019350000000002,0.0,0.00021019350000000002,0.00021019350000000002,
,mock_campaign_cb530cbb,,,0.0,6.3695000000000006e-06,0.0,6.3695000000000006e-06,6.3695000000000006e-06,
,mock_campaign_e6a4a79e,,,0.0,0.2773114693,0.0,0.2773114693,0.2773114693,
,mock_campaign_e6535e2b,,,0.0,0.0022012992000000004,0.0,0.0022012992000000004,0.0022012992000000004,
,mock_campaign_2254e49d,,,0.0,0.0013108431000000008,0.0,0.0013108431000000008,0.0013108431000000008,
,mock_campaign_d1c03fd5,,,0.0,0.0076918082000000006,0.0,0.0076918082000000006,0.0076918082000000006,
,mock_campaign_f81bdda1,,,0.0,1.78346e-05,0.0,1.78346e-05,1.78346e-05,
,mock_campaign_fb57024c,,,0.0,0.0864888927,0.0,0.0864888927,0.0864888927,
,,,,0.0,16.869355778799651,0.0,16.869355778799651,16.869355778799651,
,,,,0.0,0.0,6.1074180051999996,6.1074180051999996,6.1074180051999996,
,,,,0.0,0.0,21.8727814704,21.8727814704,21.8727814704,
,,,,0.0,4.4837725819000074,0.0,4.4837725819000074,4.4837725819000074,
232552584,mock_campaign_a5da28b5,googleadwords_int,2026-07-15,18.222771829229352,15.050453333000002,0.0,15.050453333000002,-3.17231849622935,0.82591460146908346
243641668,mock_campaign_1e8723bd,googleadwords_int,2026-06-25,10.209851202284945,11.417921113499997,0.0,11.417921113499997,1.2080699112150519,1.1183239488294099
464541057,mock_campaign_d8ff83e7,googleadwords_int,2026-07-06,2.2869738282,1.9200946922999997,0.0,1.9200946922999997,-0.3668791359000001,0.83957877813199189
502057685,mock_campaign_befecb98,googleadwords_int,2026-07-05,1.9859129652000005,1.1510794793000014,0.0,1.1510794793000014,-0.83483348589999906,0.57962231954313093
434877610,mock_campaign_0dfbbe6f,googleadwords_int,2026-07-04,0.39813771409999993,0.49012538159999991,0.0,0.49012538159999991,0.091987667499999981,1.2310448476551394
262368493,mock_campaign_c13d8f45,googleadwords_int,2026-06-05,13.839071914499995,5.5315107454000021,0.0,5.5315107454000021,-8.3075611690999924,0.39970243521925186
585166272,mock_campaign_60587c25,googleadwords_int,2026-06-15,3.1830834180571075,5.7313474384,0.0,5.7313474384,2.5482640203428928,1.800564636756615
585166272,mock_campaign_60587c25,googleadwords_int,2026-06-16,2.6405053370121458,1.1074229263,0.0,1.1074229263,-1.5330824107121459,0.41939810186223686
611748075,mock_campaign_628993e1,googleadwords_int,2026-06-26,0.3008151256,0.0565789946,38.204261,38.260839994600005,37.960024869,127.19054574894024
810543724,mock_campaign_c492b014,googleadwords_int,2026-07-05,1.1541097676,2.0017746125,38.0703371669,40.072111779400004,38.918002011800006,34.72123094732224
792104306,mock_campaign_6fcee95d,googleadwords_int,2026-07-22,15.199863109499999,6.8040693286999776,48.8896271924,55.69369652109998,40.493833411599979,3.6640919802949483
243641668,mock_campaign_1e8723bd,googleadwords_int,2026-07-11,10.144512551282507,7.6381821056000208,0.0,7.6381821056000208,-2.5063304456824858,0.75293732123524981
243641668,mock_campaign_1e8723bd,googleadwords_int,2026-06-21,14.35176388165681,15.812546173400024,0.0,15.812546173400024,1.4607822917432145,1.1017841642176305
,mock_campaign_970b80f7,,,0.0,0.62195364919999974,68.2409541887,68.8629078379,68.8629078379,
,mock_campaign_3ca54bb1,,,0.0,1.2739e-06,0.0,1.2739e-06,1.2739e-06,
,mock_campaign_fb57024c,,,0.0,0.34928681929999994,38.204261,38.5535478193,38.5535478193,
,mock_campaign_2254e49d,,,0.0,0.0292563874,0.0,0.0292563874,0.0292563874,
,mock_campaign_90337527,,,0.0,0.0390272004,0.0,0.0390272004,0.0390272004,
,mock_campaign_a544a26e,,,0.0,0.12440652620000002,0.0,0.12440652620000002,0.12440652620000002,
,mock_campaign_cc915a95,,,0.0,9.42686e-05,0.0,9.42686e-05,9.42686e-05,
,mock_campaign_5dcabbd9,,,0.0,2.391356162699998,0.0,2.391356162699998,2.391356162699998,
,mock_campaign_a35fcde2,,,0.0,0.0008484174,0.0,0.0008484174,0.0008484174,
,mock_campaign_c9d56aa3,,,0.0,0.0063300091000000006,0.0,0.0063300091000000006,0.0063300091000000006,
,mock_campaign_483107f1,,,0.0,1.01912e-05,0.0,1.01912e-05,1.01912e-05,
,mock_campaign_6b5afb99,,,0.0,0.093705536200000022,0.0,0.093705536200000022,0.093705536200000022,
,,,,0.0,0.0,22.9615901699,22.9615901699,22.9615901699,
,,,,0.0,0.0,352.38759126419995,352.38759126419995,352.38759126419995,
,,,,0.0,0.0,247.3491705974,247.3491705974,247.3491705974,
,,,,0.0,0.30118180749999979,0.0,0.30118180749999979,0.30118180749999979,
660741874,mock_campaign_7e7497dd,googleadwords_int,2026-06-18,0.3413504048,0.16420443610000007,0.0,0.16420443610000007,-0.17714596869999993,0.48104362494079594
739276167,mock_campaign_1fbdf2e3,googleadwords_int,2026-06-07,46.706735371047792,46.578480869299987,0.0,46.578480869299987,-0.12825450174780428,0.99725404696498432
140410898,mock_campaign_a2e93e84,googleadwords_int,2026-06-05,73.8721003224999,52.203779954400176,95.517022,147.72080195440017,73.848701631900269,1.9996832540228655
510225620,mock_campaign_10287894,googleadwords_int,2026-07-12,3.0826593238999997,0.90821299210000139,128.2080246938,129.11623768590002,126.03357836200001,41.884692442287047
510225620,mock_campaign_10287894,googleadwords_int,2026-07-01,21.872792228300014,7.6020683144999879,0.0,7.6020683144999879,-14.270723913800026,0.34755820085302536
432166127,mock_campaign_f8b84857,googleadwords_int,2026-07-21,6.6212738153999995,4.7557757098999893,0.0,4.7557757098999893,-1.8654981055000102,0.71825691588812313
369626124,mock_campaign_617ec63b,googleadwords_int,2026-07-11,0.2847274629,0.0,0.0,0.0,-0.2847274629,0.0
280939212,mock_campaign_45884f7b,googleadwords_int,2026-07-13,0.82600558509999977,0.2668935151,0.0,0.2668935151,-0.55911206999999985,0.32311345094317817
369804654,mock_campaign_92e554bf,googleadwords_int,2026-07-16,0.70117586809999988,0.96447478560000011,0.0,0.96447478560000011,0.26329891750000023,1.3755105237912284
369626124,mock_campaign_617ec63b,googleadwords_int,2026-07-24,0.089468756099999991,0.0676772114,0.0,0.0676772114,-0.021791544699999985,0.75643402624662193
900383572,mock_campaign_45368c6d,googleadwords_int,2026-07-24,5.6933034833000056,6.0456733460999939,0.0,6.0456733460999939,0.35236986279998828,1.0618919865827605
590094865,mock_campaign_23f341fc,googleadwords_int,2026-07-01,0.033580585300000007,0.0032497189000000003,0.0,0.0032497189000000003,-0.030330866400000007,0.09677374205862932
611748075,mock_campaign_628993e1,googleadwords_int,2026-07-09,0.027249999299999994,0.0,0.0,0.0,-0.027249999299999994,0.0
243641668,mock_campaign_1e8723bd,googleadwords_int,2026-06-28,9.6003210321661854,14.449213297799988,39.3994416234,53.848654921199987,44.2483338890338,5.6090473163114369
,mock_campaign_cb530cbb,,,0.0,0.0085504168,0.0,0.0085504168,0.0085504168,
,mock_campaign_13d78e8d,,,0.0,0.0001363073,0.0,0.0001363073,0.0001363073,
,mock_campaign_a3bfa925,,,0.0,0.007738942500000001,0.0,0.007738942500000001,0.007738942500000001,
,mock_campaign_e6535e2b,,,0.0,0.049769999100000073,0.0,0.049769999100000073,0.049769999100000073,
,mock_campaign_a544a26e,,,0.0,0.0220333744,0.0,0.0220333744,0.0220333744,
,mock_campaign_a3bfa925,,,0.0,0.0039427205,0.0,0.0039427205,0.0039427205,
,mock_campaign_2254e49d,,,0.0,0.013349198100000003,0.0,0.013349198100000003,0.013349198100000003,
,mock_campaign_2472b5d9,,,0.0,0.0030446210000000004,0.0,0.0030446210000000004,0.0030446210000000004,
,mock_campaign_b4ba1e63,,,0.0,0.52635764540000007,45.458851433199996,45.985209078599993,45.985209078599993,
,mock_campaign_1941c5ac,,,0.0,0.0069287421,0.0,0.0069287421,0.0069287421,
,mock_campaign_c95b5395,,,0.0,0.0053605712000000007,0.0,0.0053605712000000007,0.0053605712000000007,
,mock_campaign_b0c8a1e0,,,0.0,0.21250308069999993,0.0,0.21250308069999993,0.21250308069999993,
,mock_campaign_15f5ae79,,,0.0,1.2739e-06,0.0,1.2739e-06,1.2739e-06,
,mock_campaign_ce3403c4,,,0.0,0.0690797753,0.0,0.0690797753,0.0690797753,
,mock_campaign_d64553bd,,,0.0,0.0084000966,0.0,0.0084000966,0.0084000966,
,mock_campaign_ae804aae,,,0.0,0.012047272299999998,0.0,0.012047272299999998,0.012047272299999998,
,mock_campaign_337b8797,,,0.0,3.8217000000000004e-05,0.0,3.8217000000000004e-05,3.8217000000000004e-05,
,,,,0.0,0.20645332960000007,0.0,0.20645332960000007,0.20645332960000007,
,,,,0.0,3.735938504199996,0.0,3.735938504199996,3.735938504199996,
,,,,0.0,11.100383703900009,0.0,11.100383703900009,11.100383703900009,
,,,,0.0,0.0,232.86762189590004,232.86762189590004,232.86762189590004,
,,,,0.0,0.0,103.13494399999999,103.13494399999999,103.13494399999999,
,,,,0.0,0.0,45.4507124861,45.4507124861,45.4507124861,
,,,,0.0,0.0,140.3998629875,140.3998629875,140.3998629875,
232552584,mock_campaign_a5da28b5,googleadwords_int,2026-07-17,23.5841925918512,11.787646384399995,45.458851433199996,57.246497817599987,33.662305225748788,2.4273248954632338
998337322,mock_campaign_fe944d1c,googleadwords_int,2026-07-17,18.712064085299993,16.349790568200024,25.770016097000003,42.119806665200031,23.407742579900038,2.2509439083360623
998337322,mock_campaign_fe944d1c,googleadwords_int,2026-07-25,18.724637377699992,19.417345589900137,143.401508971,162.81885456090015,144.09421718320016,8.6954343241278682
161694703,mock_campaign_2c0c0430,googleadwords_int,2026-06-20,25.937488180800024,17.77849617010013,240.17823845110004,257.95673462120016,232.01924644040014,9.9453244208955489
510225620,mock_campaign_10287894,googleadwords_int,2026-06-30,12.01270029460003,4.2601330674000142,0.0,4.2601330674000142,-7.7525672272000161,0.35463575740044362
369804654,mock_campaign_92e554bf,googleadwords_int,2026-07-03,0.3095461266,0.85249897559999988,0.0,0.85249897559999988,0.54295284899999985,2.7540288905039714
280939212,mock_campaign_45884f7b,googleadwords_int,2026-07-08,0.46932751339999995,0.0676682941,0.0,0.0676682941,-0.40165921929999993,0.14418139181694947
369804654,mock_campaign_92e554bf,googleadwords_int,2026-07-25,0.8744850174000004,0.89739885499999994,0.0,0.89739885499999994,0.022913837599999543,1.0262026645900995
974591165,mock_campaign_674dbd59,googleadwords_int,2026-07-03,0.3816887686,0.35168557299999964,0.0,0.35168557299999964,-0.030003195600000365,0.92139355918160915
611892113,mock_campaign_9bfd19ea,googleadwords_int,2026-07-20,1.4324545676999996,1.1501087674999997,0.0,1.1501087674999997,-0.28234580019999989,0.8028937136531008
848321939,mock_campaign_c41abc99,googleadwords_int,2026-07-14,0.00075429989999999992,0.0,0.0,0.0,-0.00075429989999999992,0.0
742036733,mock_campaign_e0586969,googleadwords_int,2026-07-13,0.15448092876035149,3.003423074,0.0,3.003423074,2.8489421452396484,19.442031441041205
258346999,mock_campaign_8ba2a925,googleadwords_int,2026-07-05,0.0,0.0,0.0,0.0,0.0,
258346999,mock_campaign_8ba2a925,googleadwords_int,2026-06-25,0.0001635537,0.0,0.0,0.0,-0.0001635537,0.0
,mock_campaign_708ecf59,,,0.0,0.0,0.0,0.0,0.0,
,mock_campaign_d1c03fd5,,,0.0,0.3370535576,23.140868664699997,23.4779222223,23.4779222223,
,mock_campaign_3016a669,,,0.0,0.0036369845000000004,0.0,0.0036369845000000004,0.0036369845000000004,
,mock_campaign_993fe179,,,0.0,0.044038723000000016,0.0,0.044038723000000016,0.044038723000000016,
,mock_campaign_a544a26e,,,0.0,0.33876440530000007,0.0,0.33876440530000007,0.33876440530000007,
,mock_campaign_13ddbb14,,,0.0,0.0008395001,0.0,0.0008395001,0.0008395001,
,mock_campaign_e23241e2,,,0.0,0.0040726583,0.0,0.0040726583,0.0040726583,
,mock_campaign_c7abcb25,,,0.0,0.0156778873,0.0,0.0156778873,0.0156778873,
,mock_campaign_13ddbb14,,,0.0,2.5478e-06,0.0,2.5478e-06,2.5478e-06,
,mock_campaign_d1c03fd5,,,0.0,0.79539003859999968,82.5933765645,83.388766603100009,83.388766603100009,
,mock_campaign_1941c5ac,,,0.0,0.0334322316,0.0,0.0334322316,0.0334322316,
,mock_campaign_96cf8fb0,,,0.0,0.0017274083999999999,0.0,0.0017274083999999999,0.0017274083999999999,
,mock_campaign_8c2380d2,,,0.0,0.0406870921,0.0,0.0406870921,0.0406870921,
,mock_campaign_a544a26e,,,0.0,0.017642241100000004,0.0,0.017642241100000004,0.017642241100000004,
,mock_campaign_c13d8f45,,,0.0,0.066221143700000012,0.0,0.066221143700000012,0.066221143700000012,
,mock_campaign_c13d8f45,,,0.0,0.21426743219999994,43.4089870957,43.6232545279,43.6232545279,
,mock_campaign_7822c4d6,,,0.0,0.0020904699,0.0,0.0020904699,0.0020904699,
,mock_campaign_9772a6c4,,,0.0,0.039075608599999978,0.0,0.039075608599999978,0.039075608599999978,
,mock_campaign_f81bdda1,,,0.0,0.0,6.5371872787,6.5371872787,6.5371872787,
,mock_campaign_ce3403c4,,,0.0,0.0,21.643561,21.643561,21.643561,
,,,,0.0,0.0,42.555035874100007,42.555035874100007,42.555035874100007,
,,,,0.0,2.2100419756999949,0.0,2.2100419756999949,2.2100419756999949,
180761354,mock_campaign_07fb7039,googleadwords_int,2026-06-27,0.0,0.0,0.0,0.0,0.0,
432166127,mock_campaign_f8b84857,googleadwords_int,2026-07-14,5.1478820006999992,3.9708800594999993,0.0,3.9708800594999993,-1.1770019412,0.77136190358676571
369626124,mock_campaign_617ec63b,googleadwords_int,2026-06-21,0.1621907525,0.0088497833,0.0,0.0088497833,-0.1533409692,0.054564043655941481
351751429,mock_campaign_b7e37028,googleadwords_int,2026-07-18,16.484938725491908,16.130984230299998,0.0,16.130984230299998,-0.35395449519191047,0.97852861323381424
369804654,mock_campaign_92e554bf,googleadwords_int,2026-07-23,0.5726519531,0.2043361078,0.0,0.2043361078,-0.36831584530000006,0.35682425720168209
514288304,mock_campaign_c95b5395,googleadwords_int,2026-06-17,8.888011738299987,3.5600511312000087,0.0,3.5600511312000087,-5.3279606070999783,0.40054527784421456
585166272,mock_campaign_60587c25,googleadwords_int,2026-06-27,0.43734469900266104,0.6687376267,0.0,0.6687376267,0.231392927697339,1.5290859320463173
788967442,mock_campaign_475f8981,googleadwords_int,2026-07-25,0.0019048716999999998,0.0011617968000000002,0.0,0.0011617968000000002,-0.00074307489999999969,0.60990816336869313
742036733,mock_campaign_e0586969,googleadwords_int,2026-07-09,0.92939997815196174,0.4763137578,0.0,0.4763137578,-0.45308622035196172,0.51249598557890241
161332031,mock_campaign_12520749,googleadwords_int,2026-06-19,11.293993260000024,2.862669863,0.0,2.862669863,-8.4313233970000248,0.25346835234431458
161332031,mock_campaign_12520749,googleadwords_int,2026-07-01,0.11462022310000003,0.11267518110000004,0.0,0.11267518110000004,-0.0019450419999999941,0.98303055126403782
243641668,mock_campaign_1e8723bd,googleadwords_int,2026-07-12,1.5784142727269015,1.6220390353999974,39.8750674752,41.4971065106,39.918692237873096,26.29037713838505
,mock_campaign_15f5ae79,,,0.0,0.000624211,0.0,0.000624211,0.000624211,
,mock_campaign_d1c03fd5,,,0.0,0.14756730210000002,25.8406780561,25.9882453582,25.9882453582,
,mock_campaign_0365d47f,,,0.0,0.0013324994000000001,0.0,0.0013324994000000001,0.0013324994000000001,
,mock_campaign_ce3403c4,,,0.0,0.16451526770000002,0.0,0.16451526770000002,0.16451526770000002,
,mock_campaign_e6a4a79e,,,0.0,0.3547289201,0.0,0.3547289201,0.3547289201,
,mock_campaign_a544a26e,,,0.0,0.0224473919,0.0,0.0224473919,0.0224473919,
,mock_campaign_b0c8a1e0,,,0.0,0.062743396700000009,5.7906220054,5.8533654021000006,5.8533654021000006,
,mock_campaign_483107f1,,,0.0,0.039822114,0.0,0.039822114,0.039822114,
,mock_campaign_21ff68ff,,,0.0,0.00039873070000000005,0.0,0.00039873070000000005,0.00039873070000000005,
,mock_campaign_2472b5d9,,,0.0,0.0162256643,0.0,0.0162256643,0.0162256643,
,mock_campaign_a3bfa925,,,0.0,0.049426046099999787,0.0,0.049426046099999787,0.049426046099999787,
,mock_campaign_fb57024c,,,0.0,0.8513142486,0.0,0.8513142486,0.8513142486,
,mock_campaign_c13d8f45,,,0.0,0.47171625269999989,83.482138377500007,83.953854630200013,83.953854630200013,
,mock_campaign_c13d8f45,,,0.0,0.43656807779999979,20.4758214565,20.9123895343,20.9123895343,
,mock_campaign_c95b5395,,,0.0,0.0092650746999999988,0.0,0.0092650746999999988,0.0092650746999999988,
,,,,0.0,0.0,38.204261,38.204261,38.204261,
,mock_campaign_e6a4a79e,,,0.0,0.0,82.778022,82.778022,82.778022,
,,,,0.0,0.0,97.230421321699993,97.230421321699993,97.230421321699993,
232552584,mock_campaign_a5da28b5,googleadwords_int,2026-07-09,18.258230792191338,9.1225520418999917,0.0,9.1225520418999917,-9.1356787502913459,0.49964052627714156
654635500,mock_campaign_67ff1f36,googleadwords_int,2026-07-03,2.4992754814999989,1.3986772311000015,0.0,1.3986772311000015,-1.1005982503999974,0.55963307824736175
654635500,mock_campaign_67ff1f36,googleadwords_int,2026-06-30,1.0064394916,0.54094634820000009,0.0,0.54094634820000009,-0.46549314339999981,0.53748521666217985
739276167,mock_campaign_1fbdf2e3,googleadwords_int,2026-07-18,53.157848888682608,52.560302525699953,38.204261,90.764563525699955,37.606714637017348,1.7074536577988557
739276167,mock_campaign_1fbdf2e3,googleadwords_int,2026-07-17,52.979526994672469,62.8051400852006,39.465422000000004,102.27056208520059,49.291035090528126,1.9303789196812713
998337322,mock_campaign_fe944d1c,googleadwords_int,2026-06-13,91.537116403999732,48.658244913702958,345.02377027550006,393.682015189203,302.14489878520328,4.3007910960586146
180761354,mock_campaign_07fb7039,googleadwords_int,2026-07-11,0.2774082314,0.1657802504,0.0,0.1657802504,-0.11162798099999999,0.59760393396891831
351751429,mock_campaign_b7e37028,googleadwords_int,2026-06-14,13.962579726054466,12.059468618600002,0.0,12.059468618600002,-1.903111107454464,0.86369917702935517
369626124,mock_campaign_617ec63b,googleadwords_int,2026-06-22,0.145131532,0.079506646799999955,0.0,0.079506646799999955,-0.065624885200000052,0.54782476078320419
369804654,mock_campaign_92e554bf,googleadwords_int,2026-06-25,0.2415639327,0.3557353011,0.0,0.3557353011,0.1141713684,1.4726341682050286
369626124,mock_campaign_617ec63b,googleadwords_int,2026-07-21,0.0818191624,0.0,0.0,0.0,-0.0818191624,0.0
900383572,mock_campaign_45368c6d,googleadwords_int,2026-07-16,4.6061831956000034,5.6457413584000085,0.0,5.6457413584000085,1.039558162800005,1.2256875418661224
989105150,mock_campaign_58ab9c06,googleadwords_int,2026-07-09,0.0,0.0,0.0,0.0,0.0,
529859974,mock_campaign_d2ea5396,googleadwords_int,2026-07-19,3.4922653258000009,2.6447616246000116,0.0,2.6447616246000116,-0.8475037011999893,0.7573197846856482
529859974,mock_campaign_d2ea5396,googleadwords_int,2026-07-09,2.3262999492000023,1.5878399160000047,0.0,1.5878399160000047,-0.73846003319999753,0.68256026766713873
529859974,mock_campaign_d2ea5396,googleadwords_int,2026-07-22,5.1964688413999918,3.8445168229000224,0.0,3.8445168229000224,-1.3519520184999694,0.73983255557523231
611748075,mock_campaign_628993e1,googleadwords_int,2026-07-11,0.305780323,0.0,0.0,0.0,-0.305780323,0.0
,mock_campaign_cb530cbb,,,0.0,0.0011872748,0.0,0.0011872748,0.0011872748,
,mock_campaign_90337527,,,0.0,0.062268232,0.0,0.062268232,0.062268232,
,mock_campaign_c13d8f45,,,0.0,0.09549154399999997,41.381100081,41.476591625,41.476591625,
,mock_campaign_e731112f,,,0.0,0.0038560953000000005,0.0,0.0038560953000000005,0.0038560953000000005,
,mock_campaign_c7abcb25,,,0.0,1.1465100000000001e-05,0.0,1.1465100000000001e-05,1.1465100000000001e-05,
,mock_campaign_21ff68ff,,,0.0,0.20561382949999998,0.0,0.20561382949999998,0.20561382949999998,
,mock_campaign_0365d47f,,,0.0,0.0031223289000000005,0.0,0.0031223289000000005,0.0031223289000000005,
,mock_campaign_859c6e7e,,,0.0,0.0002509583,0.0,0.0002509583,0.0002509583,
,mock_campaign_5dcabbd9,,,0.0,1.2369059439999999,6.3567610000000005,7.5936669440000006,7.5936669440000006,
,mock_campaign_13ddbb14,,,0.0,0.019567104000000002,0.0,0.019567104000000002,0.019567104000000002,
,mock_campaign_15f5ae79,,,0.0,0.003668832,0.0,0.003668832,0.003668832,
,mock_campaign_ce3403c4,,,0.0,0.0122778482,0.0,0.0122778482,0.0122778482,
,mock_campaign_a3bfa925,,,0.0,0.0258436093,0.0,0.0258436093,0.0258436093,
,mock_campaign_1941c5ac,,,0.0,0.0041452706000000006,0.0,0.0041452706000000006,0.0041452706000000006,
,mock_campaign_b8b1eac5,,,0.0,0.039420835499999994,19.5632109616,19.6026317971,19.6026317971,
,,,,0.0,0.0,188.53396811570002,188.53396811570002,188.53396811570002,
,,,,0.0,0.0,423.6817780169,423.6817780169,423.6817780169,
,,,,0.0,0.52108115159999979,0.0,0.52108115159999979,0.52108115159999979,
,,,,0.0,0.29173201729999987,0.0,0.29173201729999987,0.29173201729999987,
,,,,0.0,0.3270878378999999,0.0,0.3270878378999999,0.3270878378999999,
,,,,0.0,15.402026802800016,0.0,15.402026802800016,15.402026802800016,
660741874,mock_campaign_7e7497dd,googleadwords_int,2026-06-21,0.32429362540000006,0.33677584740000005,0.0,0.33677584740000005,0.012482221999999987,1.0384904944850637
464541057,mock_campaign_d8ff83e7,googleadwords_int,2026-07-14,4.0361887867,5.9229865848999879,0.0,5.9229865848999879,1.8867977981999875,1.4674701551169609
502057685,mock_campaign_befecb98,googleadwords_int,2026-07-07,1.8202200479,0.92392017909999946,0.0,0.92392017909999946,-0.89629986880000045,0.50758708001592023
351751429,mock_campaign_b7e37028,googleadwords_int,2026-06-18,23.029431928581864,15.864995184200012,25.9830427506,41.848037934800011,18.818606006218147,1.8171545900297412
611748075,mock_campaign_628993e1,googleadwords_int,2026-06-19,1.1144435199999996,1.0768391351000002,0.0,1.0768391351000002,-0.0376043848999994,0.96625725375477134
810543724,mock_campaign_c492b014,googleadwords_int,2026-06-25,0.60490864849999992,0.6045305189,0.0,0.6045305189,-0.00037812959999994344,0.99937489800991008
788967442,mock_campaign_475f8981,googleadwords_int,2026-06-29,0.0850129349,0.07497538450000002,0.0,0.07497538450000002,-0.010037550399999984,0.88192913923267
161332031,mock_campaign_12520749,googleadwords_int,2026-07-17,2.8314766435000003,1.006870177600002,0.0,1.006870177600002,-1.8246064658999983,0.35559896985602729
161332031,mock_campaign_12520749,googleadwords_int,2026-07-18,1.7212220511000007,0.46059383179999885,0.0,0.46059383179999885,-1.2606282193000018,0.26759698523827413
261307969,mock_campaign_b4ba1e63,googleadwords_int,2026-06-24,36.852935181599982,16.312711160899994,130.18024100460002,146.49295216550001,109.64001698390004,3.9750687820014226
,mock_campaign_5e866e66,,,0.0,0.000178346,0.0,0.000178346,0.000178346,
,mock_campaign_a544a26e,,,0.0,0.027049992600000003,0.0,0.027049992600000003,0.027049992600000003,
,mock_campaign_e23241e2,,,0.0,0.0045440013,0.0,0.0045440013,0.0045440013,
,mock_campaign_970b80f7,,,0.0,0.93206167400000228,167.46578698090002,168.39784865490003,168.39784865490003,
,mock_campaign_13d78e8d,,,0.0,0.0001643331,0.0,0.0001643331,0.0001643331,
,mock_campaign_df87094f,,,0.0,0.00039236119999999994,47.096083,47.0964753612,47.0964753612,
,mock_campaign_9cb1c00c,,,0.0,0.0040064155000000008,0.0,0.0040064155000000008,0.0040064155000000008,
,mock_campaign_b669eb6d,,,0.0,1.2739e-06,0.0,1.2739e-06,1.2739e-06,
,mock_campaign_6b5afb99,,,0.0,0.17837784749999941,0.0,0.17837784749999941,0.17837784749999941,
,mock_campaign_d1c03fd5,,,0.0,0.0372093451,0.0,0.0372093451,0.0372093451,
,mock_campaign_5dcabbd9,,,0.0,0.3046455416,59.847822,60.152467541600004,60.152467541600004,
,mock_campaign_970b80f7,,,0.0,0.86633225570000116,60.3502570773,61.216589333,61.216589333,
,mock_campaign_759b1811,,,0.0,0.0003286662,0.0,0.0003286662,0.0003286662,
,mock_campaign_7822c4d6,,,0.0,0.0,0.0,0.0,0.0,
,mock_campaign_759b1811,,,0.0,0.0009414121,0.0,0.0009414121,0.0009414121,
,,,,0.0,0.0,172.87173322499999,172.87173322499999,172.87173322499999,
,,,,0.0,0.0,213.2996771219,213.2996771219,213.2996771219,
,,,,0.0,0.0,6.1779270963,6.1779270963,6.1779270963,
660741874,mock_campaign_7e7497dd,googleadwords_int,2026-06-23,0.4171660886,1.191616251200001,0.0,1.191616251200001,0.7744501626000011,2.8564552195482582
660741874,mock_campaign_7e7497dd,googleadwords_int,2026-07-05,0.1813314176,0.2242331519,0.0,0.2242331519,0.042901734300000022,1.2365929460422418
739276167,mock_campaign_1fbdf2e3,googleadwords_int,2026-06-28,42.772159082551809,50.717389612699719,38.204261,88.921650612699722,46.149491530147912,2.0789609998662386
998337322,mock_campaign_fe944d1c,googleadwords_int,2026-07-16,19.646261663499992,17.630125037100026,55.734867695199995,73.364992732300024,53.718731068800032,3.7342978521253194
180761354,mock_campaign_07fb7039,googleadwords_int,2026-07-21,0.90113043759999989,0.6360608178,0.0,0.6360608178,-0.26506961979999988,0.7058476678404455
529859974,mock_campaign_d2ea5396,googleadwords_int,2026-07-02,2.6554415992000004,2.4064034695,0.0,2.4064034695,-0.24903812970000061,0.90621592665603046
611748075,mock_campaign_628993e1,googleadwords_int,2026-07-16,0.0562282974,0.0,0.0,0.0,-0.0562282974,0.0
571438578,mock_campaign_756e1c81,googleadwords_int,2026-07-18,0.008137,0.0072064523,0.0,0.0072064523,-0.00093054770000000012,0.88563995329974188
792104306,mock_campaign_6fcee95d,googleadwords_int,2026-06-13,21.645075842200004,10.244995523100068,0.0,10.244995523100068,-11.400080319099937,0.47331760802270151
788967442,mock_campaign_475f8981,googleadwords_int,2026-07-10,0.07954649829999999,0.009516033,18.7310408822,18.7405569152,18.661010416899998,235.5924813248505
243641668,mock_campaign_1e8723bd,googleadwords_int,2026-06-19,4.1876461877194613,5.7553438927000089,39.3300777684,45.085421661100014,40.897775473380555,10.766292002728377
,mock_campaign_b8b1eac5,,,0.0,0.028139177100000003,0.0,0.028139177100000003,0.028139177100000003,
,mock_campaign_a3bfa925,,,0.0,8.9173e-05,0.0,8.9173e-05,8.9173e-05,
,mock_campaign_b0c8a1e0,,,0.0,0.14552269260000003,0.0,0.14552269260000003,0.14552269260000003,
,mock_campaign_df87094f,,,0.0,0.13339134290000004,25.465260999999998,25.5986523429,25.5986523429,
,mock_campaign_b0c8a1e0,,,0.0,0.11453889680000001,83.111918833400011,83.226457730200011,83.226457730200011,
,mock_campaign_c95b5395,,,0.0,0.047943226499999984,0.0,0.047943226499999984,0.047943226499999984,
,mock_campaign_e6a4a79e,,,0.0,6.11472e-05,0.0,6.11472e-05,6.11472e-05,
,mock_campaign_759b1811,,,0.0,2.42041e-05,0.0,2.42041e-05,2.42041e-05,
,mock_campaign_6b5afb99,,,0.0,0.0109568139,0.0,0.0109568139,0.0109568139,
,mock_campaign_c13d8f45,,,0.0,0.29981491280000006,0.0,0.29981491280000006,0.29981491280000006,
,mock_campaign_df87094f,,,0.0,0.4356011877,0.0,0.4356011877,0.4356011877,
,mock_campaign_c95b5395,,,0.0,0.0001375812,0.0,0.0001375812,0.0001375812,
,,,,0.0,0.0,50.0662458189,50.0662458189,50.0662458189,
,,,,0.0,0.0,168.5435586108,168.5435586108,168.5435586108,
,,,,0.0,12.866313566000002,0.0,12.866313566000002,12.866313566000002,
,,,,0.0,1.5961355527999972,0.0,1.5961355527999972,1.5961355527999972,
232552584,mock_campaign_a5da28b5,googleadwords_int,2026-07-14,17.173249398211912,7.8534826707000054,0.0,7.8534826707000054,-9.3197667275119063,0.45730906764317497
660741874,mock_campaign_7e7497dd,googleadwords_int,2026-07-24,0.1792776388,0.0,0.0,0.0,-0.1792776388,0.0
140410898,mock_campaign_a2e93e84,googleadwords_int,2026-07-19,46.325250243300012,43.642798701699796,59.847822,103.4906207016998,57.165370458399785,2.2340002516590305
998337322,mock_campaign_fe944d1c,googleadwords_int,2026-06-28,27.529532915800004,30.693149145499834,404.6442215079,435.33737065339983,407.80783773759981,15.8134673764678
998337322,mock_campaign_fe944d1c,googleadwords_int,2026-06-11,102.89606326649961,47.677832365196835,245.8130854167,293.49091778189683,190.59485451539723,2.8523046311476343
998337322,mock_campaign_fe944d1c,googleadwords_int,2026-07-15,21.156269164499992,21.971704901000045,0.0,21.971704901000045,0.81543573650005285,1.0385434563230245
998337322,mock_campaign_fe944d1c,googleadwords_int,2026-06-06,82.330471137499757,42.889835902600105,84.942530968,127.83236687060011,45.501895733100355,1.5526738169287024
180761354,mock_campaign_07fb7039,googleadwords_int,2026-07-07,0.7597752873,0.29336133540000026,0.0,0.29336133540000026,-0.46641395189999973,0.386115921778021
464541057,mock_campaign_d8ff83e7,googleadwords_int,2026-07-11,2.1665690118000005,0.72959182970000014,0.0,0.72959182970000014,-1.4369771821000004,0.33674986844469368
432166127,mock_campaign_f8b84857,googleadwords_int,2026-07-02,3.503401623999999,4.8407231836,0.0,4.8407231836,1.3373215596000008,1.381720882481386
369626124,mock_campaign_617ec63b,googleadwords_int,2026-07-05,0.32254579780000003,0.19799590749999998,0.0,0.19799590749999998,-0.12454989030000005,0.61385362590515191
280939212,mock_campaign_45884f7b,googleadwords_int,2026-07-21,1.0083622647000001,0.033033500900000005,0.0,0.033033500900000005,-0.97532876380000011,0.032759556814462777
611892113,mock_campaign_9bfd19ea,googleadwords_int,2026-06-27,0.86348297970000032,1.3318127679,0.0,1.3318127679,0.46832978819999971,1.542372923624634
792104306,mock_campaign_6fcee95d,googleadwords_int,2026-07-11,31.558910219800008,10.093161929900017,49.1723845842,59.265546514100024,27.706636294300015,1.8779338735504536
243641668,mock_campaign_1e8723bd,googleadwords_int,2026-06-07,12.703580393602207,13.719334840600002,0.0,13.719334840600002,1.0157544469977946,1.0799581232633715
,mock_campaign_6b5afb99,,,0.0,0.11961666220000003,0.0,0.11961666220000003,0.11961666220000003,
,mock_campaign_a3bfa925,,,0.0,0.0022127643,0.0,0.0022127643,0.0022127643,
,mock_campaign_1be3ce39,,,0.0,0.003426791,0.0,0.003426791,0.003426791,
,mock_campaign_df87094f,,,0.0,0.267353393,0.0,0.267353393,0.267353393,
,mock_campaign_0365d47f,,,0.0,0.0181709096,0.0,0.0181709096,0.0181709096,
,mock_campaign_970b80f7,,,0.0,2.1466883809000006,49.7250622775,51.8717506584,51.8717506584,
,mock_campaign_c95b5395,,,0.0,0.0038306173000000002,0.0,0.0038306173000000002,0.0038306173000000002,
,mock_campaign_5dcabbd9,,,0.0,0.0014777240000000001,0.0,0.0014777240000000001,0.0014777240000000001,
,mock_campaign_c95b5395,,,0.0,0.091988319000000013,0.0,0.091988319000000013,0.091988319000000013,
,mock_campaign_5dcabbd9,,,0.0,0.0070242846,76.408522,76.415546284600012,76.415546284600012,
,mock_campaign_12520749,,,0.0,0.006761861200000001,0.0,0.006761861200000001,0.006761861200000001,
,mock_campaign_541ebe5c,,,0.0,0.0009184819,0.0,0.0009184819,0.0009184819,
,mock_campaign_96cf8fb0,,,0.0,0.0004305782,0.0,0.0004305782,0.0004305782,
,mock_campaign_a3bfa925,,,0.0,0.0189123194,0.0,0.0189123194,0.0189123194,
,mock_campaign_21ff68ff,,,0.0,2.42041e-05,47.1226527323,47.1226769364,47.1226769364,
,mock_campaign_1941c5ac,,,0.0,0.0090650724,0.0,0.0090650724,0.0090650724,
,mock_campaign_b4ba1e63,,,0.0,0.12589698920000003,0.0,0.12589698920000003,0.12589698920000003,
,mock_campaign_a544a26e,,,0.0,0.2692744342,0.0,0.2692744342,0.2692744342,
660741874,mock_campaign_7e7497dd,googleadwords_int,2026-07-04,0.0466290785,0.0252117549,0.0,0.0252117549,-0.021417323599999996,0.54068739316819225
654635500,mock_campaign_67ff1f36,googleadwords_int,2026-06-20,0.3153177007,0.19927108139999994,0.0,0.19927108139999994,-0.11604661930000004,0.63196922011552636
739276167,mock_campaign_1fbdf2e3,googleadwords_int,2026-06-24,47.075620690152256,39.635980649299682,0.0,39.635980649299682,-7.4396400408525736,0.84196405842804167
140410898,mock_campaign_a2e93e84,googleadwords_int,2026-06-22,62.506804972600023,52.851724985299896,21.643561,74.495285985299887,11.988481012699864,1.1917948136679684
998337322,mock_campaign_fe944d1c,googleadwords_int,2026-07-10,20.858144944800003,21.771386673800272,93.248464701700016,115.01985137550028,94.161706430700278,5.514385468117819
180761354,mock_campaign_07fb7039,googleadwords_int,2026-07-06,0.6306354014,0.47292008820000003,0.0,0.47292008820000003,-0.15771531319999993,0.749910466729469
161694703,mock_campaign_2c0c0430,googleadwords_int,2026-07-07,38.088679401700013,18.536321445500118,73.409730826400008,91.946052271900129,53.857372870200116,2.413999480060637
180761354,mock_campaign_07fb7039,googleadwords_int,2026-06-21,0.058439120300000008,0.2161948429,0.0,0.2161948429,0.15775572259999998,3.6994883186152268
432166127,mock_campaign_f8b84857,googleadwords_int,2026-07-10,5.4106265444000012,5.6758436154000007,0.0,5.6758436154000007,0.26521707099999947,1.0490178113058828
351751429,mock_campaign_b7e37028,googleadwords_int,2026-07-20,3.8802504901200208,5.687306167600001,0.0,5.687306167600001,1.8070556774799802,1.4657059336971014
972671114,mock_campaign_9911559c,googleadwords_int,2026-07-25,0.87339059089999993,1.0965973241,0.0,1.0965973241,0.22320673320000006,1.2555634735771459
974591165,mock_campaign_674dbd59,googleadwords_int,2026-07-21,1.5969855213999997,1.2632578393999971,0.0,1.2632578393999971,-0.33372768200000258,0.79102648237697248
611748075,mock_campaign_628993e1,googleadwords_int,2026-06-23,0.50619544669999994,0.5526662282,0.0,0.5526662282,0.046470781500000058,1.0918040290622
611748075,mock_campaign_628993e1,googleadwords_int,2026-07-19,0.34905044789999995,0.61251532409999965,0.0,0.61251532409999965,0.2634648761999997,1.7548045784931356
148918961,mock_campaign_993fe179,googleadwords_int,2026-06-16,18.544618458199984,2.7449576813000065,37.647539948100004,40.392497629400012,21.847879171200027,2.1781250296653809
243641668,mock_campaign_1e8723bd,googleadwords_int,2026-06-24,13.656596622294698,13.287742616200006,0.0,13.287742616200006,-0.36885400609469166,0.97299078121026661
261307969,mock_campaign_b4ba1e63,googleadwords_int,2026-06-07,35.657756347600014,24.59754019330002,0.0,24.59754019330002,-11.060216154299994,0.68982299260552282
,mock_campaign_6b5afb99,,,0.0,0.015693174100000002,0.0,0.015693174100000002,0.015693174100000002,
,mock_campaign_2472b5d9,,,0.0,0.0024407924,0.0,0.0024407924,0.0024407924,
,mock_campaign_96cf8fb0,,,0.0,0.013002697300000005,0.0,0.013002697300000005,0.013002697300000005,
,mock_campaign_d1c03fd5,,,0.0,0.1458730151,21.7656846974,21.911557712500002,21.911557712500002,
,mock_campaign_ae804aae,,,0.0,0.0083032801999999989,0.0,0.0083032801999999989,0.0083032801999999989,
,mock_campaign_9772a6c4,,,0.0,0.0035006772,0.0,0.0035006772,0.0035006772,
,mock_campaign_2c0c0430,,,0.0,0.675696942400032,106.57969571609999,107.25539265850003,107.25539265850003,
,mock_campaign_15f5ae79,,,0.0,0.0165950953,0.0,0.0165950953,0.0165950953,
,mock_campaign_13ddbb14,,,0.0,0.0043210688,0.0,0.0043210688,0.0043210688,
,mock_campaign_b8b1eac5,,,0.0,0.0080867172000000011,0.0,0.0080867172000000011,0.0080867172000000011,
,mock_campaign_708ecf59,,,0.0,0.09981516059999998,0.0,0.09981516059999998,0.09981516059999998,
,mock_campaign_cb530cbb,,,0.0,0.0079134668,0.0,0.0079134668,0.0079134668,
,,,,0.0,12.877446178100032,0.0,12.877446178100032,12.877446178100032,
,,,,0.0,2.5941355647000028,0.0,2.5941355647000028,2.5941355647000028,
,mock_campaign_2472b5d9,,,0.0,0.0,5.4639851281,5.4639851281,5.4639851281,
,,,,0.0,0.0,86.574244,86.574244,86.574244,
,,,,0.0,0.036233537700000013,0.0,0.036233537700000013,0.036233537700000013,
654635500,mock_campaign_67ff1f36,googleadwords_int,2026-06-25,0.35770170630000003,0.18592825279999989,0.0,0.18592825279999989,-0.17177345350000015,0.51978575870718424
140410898,mock_campaign_a2e93e84,googleadwords_int,2026-07-10,40.673673296000018,32.844829940499459,164.25666600000002,197.10149594049949,156.42782264449949,4.84592317261601
161694703,mock_campaign_2c0c0430,googleadwords_int,2026-06-21,27.961059995700051,17.25251177740013,138.22909152710002,155.48160330450014,127.52054330880009,5.5606476767479718
502057685,mock_campaign_befecb98,googleadwords_int,2026-07-20,3.0688182869000009,2.1152803764000008,0.0,2.1152803764000008,-0.95353791050000014,0.68928172952748323
262368493,mock_campaign_c13d8f45,googleadwords_int,2026-06-20,162.76082746519978,52.177672647798708,84.128254088,136.30592673579872,-26.454900729401061,0.83746150015698684
351751429,mock_campaign_b7e37028,googleadwords_int,2026-07-02,17.475690540689651,18.583952566499974,0.0,18.583952566499974,1.1082620258103226,1.0634173524204891
369804654,mock_campaign_92e554bf,googleadwords_int,2026-07-12,0.0046063556999999993,0.07486710299999999,0.0,0.07486710299999999,0.0702607473,16.25300082666217
989105150,mock_campaign_58ab9c06,googleadwords_int,2026-06-20,0.080845163500000011,0.044991600200000009,0.0,0.044991600200000009,-0.0358535633,0.55651566837390343
989105150,mock_campaign_58ab9c06,googleadwords_int,2026-07-10,0.0,0.0,0.0,0.0,0.0,
810543724,mock_campaign_c492b014,googleadwords_int,2026-07-06,1.510723557,0.5388163874,0.0,0.5388163874,-0.9719071695999999,0.35666114088403011
792104306,mock_campaign_6fcee95d,googleadwords_int,2026-06-27,46.379584247100048,22.459079932499897,4.1574083192,26.6164882516999,-19.76309599540015,0.57388371810090411
834117318,mock_campaign_ae804aae,googleadwords_int,2026-06-22,2.3060917096999969,0.88133370210000028,0.0,0.88133370210000028,-1.4247580075999966,0.3821763455429335
243641668,mock_campaign_1e8723bd,googleadwords_int,2026-07-04,10.032213864434807,10.990609193100012,0.0,10.990609193100012,0.95839532866520472,1.0955317880595439
261307969,mock_campaign_b4ba1e63,googleadwords_int,2026-06-02,46.109684839299945,38.454279161799967,38.644576891599996,77.09885605339997,30.989171214100026,1.672075103573198
258346999,mock_campaign_8ba2a925,googleadwords_int,2026-07-21,0.1012014964,0.023921294199999995,0.0,0.023921294199999995,-0.0772802022,0.23637292975837851
,mock_campaign_df87094f,,,0.0,0.3386866974,0.0,0.3386866974,0.3386866974,
,mock_campaign_a544a26e,,,0.0,0.0127975994,0.0,0.0127975994,0.0127975994,
,mock_campaign_a3bfa925,,,0.0,0.0005082861,0.0,0.0005082861,0.0005082861,
,mock_campaign_5dcabbd9,,,0.0,0.9316973386,6.3567610000000005,7.2884583386000008,7.2884583386000008,
,mock_campaign_970b80f7,,,0.0,1.7251395841000077,127.35536520680002,129.08050479090002,129.08050479090002,
,mock_campaign_a999e2ed,,,0.0,0.0,0.0,0.0,0.0,
,mock_campaign_21ff68ff,,,0.0,0.26351003669999995,0.0,0.26351003669999995,0.26351003669999995,
,mock_campaign_cb530cbb,,,0.0,0.0045465491,0.0,0.0045465491,0.0045465491,
,mock_campaign_149c320f,,,0.0,3.0573599999999995e-05,0.0,3.0573599999999995e-05,3.0573599999999995e-05,
,mock_campaign_e6535e2b,,,0.0,0.0008076526,0.0,0.0008076526,0.0008076526,
,mock_campaign_b0c8a1e0,,,0.0,0.0946673307,0.0,0.0946673307,0.0946673307,
,mock_campaign_708ecf59,,,0.0,0.0,0.0,0.0,0.0,
,mock_campaign_759b1811,,,0.0,0.0035261552,0.0,0.0035261552,0.0035261552,
,mock_campaign_a544a26e,,,0.0,0.087964068899999984,27.371209032800003,27.459173101700003,27.459173101700003,
,mock_campaign_541ebe5c,,,0.0,4.0764799999999993e-05,0.0,4.0764799999999993e-05,4.0764799999999993e-05,
,,,,0.0,17.52371744400013,0.0,17.52371744400013,17.52371744400013,
,,,,0.0,5.95511816459996,0.0,5.95511816459996,5.95511816459996,
739276167,mock_campaign_1fbdf2e3,googleadwords_int,2026-07-24,57.185076922071367,69.93321313990009,0.0,69.93321313990009,12.748136217828723,1.2229276745609903
739276167,mock_campaign_1fbdf2e3,googleadwords_int,2026-06-29,39.825893098024011,35.795328839,0.0,35.795328839,-4.0305642590240112,0.89879538296596317
739276167,mock_campaign_1fbdf2e3,googleadwords_int,2026-06-09,45.955968434845367,56.122012274699969,6.3567610000000005,62.478773274699968,16.5228048398546,1.359535559853994
140410898,mock_campaign_a2e93e84,googleadwords_int,2026-06-13,77.722123499900007,51.532377328897759,38.204261,89.736638328897754,12.014514828997747,1.1545829461158921
180761354,mock_campaign_07fb7039,googleadwords_int,2026-07-08,0.19087123640000006,0.19957299569999998,0.0,0.19957299569999998,0.0087017592999999172,1.0455896837266985
502057685,mock_campaign_befecb98,googleadwords_int,2026-07-08,1.3871070666999996,0.960167729700001,0.0,0.960167729700001,-0.42693933699999864,0.69220880835413112
265069104,mock_campaign_b8b1eac5,googleadwords_int,2026-06-06,22.019418994012518,3.9587155884000089,0.0,3.9587155884000089,-18.060703405612511,0.17978292658296097
351751429,mock_campaign_b7e37028,googleadwords_int,2026-07-10,20.27571849666284,12.260597046199997,0.0,12.260597046199997,-8.0151214504628427,0.604693591904916
369804654,mock_campaign_92e554bf,googleadwords_int,2026-07-14,0.38193531970000005,0.56230965120000032,0.0,0.56230965120000032,0.18037433150000026,1.4722640777021603
369626124,mock_campaign_617ec63b,googleadwords_int,2026-07-19,0.1284254573,0.0053592973,0.0,0.0053592973,-0.12306616,0.041730801763709205
974591165,mock_campaign_674dbd59,googleadwords_int,2026-07-13,0.16177169700000002,0.15600179400000008,0.0,0.15600179400000008,-0.0057699029999999374,0.9643330501750258
900383572,mock_campaign_45368c6d,googleadwords_int,2026-06-27,3.0810742362999965,5.8576418844000484,0.0,5.8576418844000484,2.7765676481000519,1.9011686947972988
514288304,mock_campaign_c95b5395,googleadwords_int,2026-06-16,11.774533559400005,4.953420020999987,0.0,4.953420020999987,-6.8211135384000183,0.42068927792434763
611748075,mock_campaign_628993e1,googleadwords_int,2026-06-27,0.2977287615,0.8231980017,0.0,0.8231980017,0.52546924020000008,2.7649260271416538
585166272,mock_campaign_60587c25,googleadwords_int,2026-07-06,0.44112466998196553,0.3629761487,0.0,0.3629761487,-0.078148521281965533,0.82284255087079927
585166272,mock_campaign_60587c25,googleadwords_int,2026-07-13,0.20607447105499233,0.07199318460000001,0.0,0.07199318460000001,-0.13408128645499232,0.34935518325697
792104306,mock_campaign_6fcee95d,googleadwords_int,2026-06-12,16.891874144299997,6.9895631815999888,44.013818255,51.003381436599987,34.11150729229999,3.0194033534053175
834117318,mock_campaign_ae804aae,googleadwords_int,2026-06-19,3.0234878736000019,1.7072221806,0.0,1.7072221806,-1.3162656930000018,0.564653225669216
810543724,mock_campaign_c492b014,googleadwords_int,2026-07-10,0.9546605058,1.0028421058,0.0,1.0028421058,0.048181600000000158,1.0504698787760411
742036733,mock_campaign_e0586969,googleadwords_int,2026-07-23,0.581316483185712,0.0003847178,0.0,0.0003847178,-0.580931765385712,0.00066180438905100679
161332031,mock_campaign_12520749,googleadwords_int,2026-06-30,0.1534752118,0.10530439569999997,0.0,0.10530439569999997,-0.048170816100000041,0.68613292312785046
148918961,mock_campaign_993fe179,googleadwords_int,2026-07-20,6.3652756584000016,0.9943770403000004,24.6575536223,25.6519306626,19.2866550042,4.0299795388669724
258346999,mock_campaign_8ba2a925,googleadwords_int,2026-07-07,0.0,0.0,0.0,0.0,0.0,
,mock_campaign_b4ba1e63,,,0.0,0.16516495669999998,45.4238204571,45.5889854138,45.5889854138,
,mock_campaign_ce3403c4,,,0.0,0.0539229131,21.643561,21.697483913099997,21.697483913099997,
,mock_campaign_a544a26e,,,0.0,0.035191487500000007,0.0,0.035191487500000007,0.035191487500000007,
,mock_campaign_993fe179,,,0.0,0.0633281168,0.0,0.0633281168,0.0633281168,
,mock_campaign_a544a26e,,,0.0,0.0010051071000000001,0.0,0.0010051071000000001,0.0010051071000000001,
,mock_campaign_d1c03fd5,,,0.0,0.1457443512,67.9614108466,68.1071551978,68.1071551978,
,mock_campaign_cdc62e82,,,0.0,0.0025248697999999997,0.0,0.0025248697999999997,0.0025248697999999997,
,mock_campaign_a544a26e,,,0.0,0.016620573300000004,0.0,0.016620573300000004,0.016620573300000004,
,,,,0.0,0.0,21.643561,21.643561,21.643561,
,,,,0.0,0.0,25.8174574069,25.8174574069,25.8174574069,
,,,,0.0,0.20736289419999993,0.0,0.20736289419999993,0.20736289419999993,
,,,,0.0,0.30348247089999997,0.0,0.30348247089999997,0.30348247089999997,
660741874,mock_campaign_7e7497dd,googleadwords_int,2026-06-30,0.032913351300000004,0.0183225037,0.0,0.0183225037,-0.014590847600000005,0.55668909352296791
660741874,mock_campaign_7e7497dd,googleadwords_int,2026-07-06,0.0202001025,0.1485966133,0.0,0.1485966133,0.1283965108,7.3562306577404746
739276167,mock_campaign_1fbdf2e3,googleadwords_int,2026-06-18,46.176015282242261,44.035158627800293,0.0,44.035158627800293,-2.1408566544419685,0.95363704205838506
998337322,mock_campaign_fe944d1c,googleadwords_int,2026-06-15,83.124710688299842,45.730244363100873,126.65225011470001,172.38249447780089,89.257783789501048,2.0737815873332655
432166127,mock_campaign_f8b84857,googleadwords_int,2026-06-23,2.1255829428000004,4.3619775506999892,0.0,4.3619775506999892,2.2363946078999888,2.0521323646651104
432166127,mock_campaign_f8b84857,googleadwords_int,2026-06-20,3.4188492433000013,5.314290413000001,0.0,5.314290413000001,1.8954411696999998,1.554409111023114
502057685,mock_campaign_befecb98,googleadwords_int,2026-06-24,2.6580576447,1.5642103449000009,0.0,1.5642103449000009,-1.0938472997999991,0.5884787141539003
502057685,mock_campaign_befecb98,googleadwords_int,2026-07-18,2.4409559751,1.1387532228999997,0.0,1.1387532228999997,-1.3022027522000004,0.46651936147817974
351751429,mock_campaign_b7e37028,googleadwords_int,2026-06-01,7.1512796909657492,4.9903096172,46.6404484609,51.630758078099994,44.479478387134243,7.2197928635521578
262368493,mock_campaign_c13d8f45,googleadwords_int,2026-06-03,10.308738447900001,4.7961213967999976,0.0,4.7961213967999976,-5.5126170511000039,0.46524814079234089
280939212,mock_campaign_45884f7b,googleadwords_int,2026-06-27,0.6431745184,0.02710349640000001,0.0,0.02710349640000001,-0.616071022,0.042140189986730685
989105150,mock_campaign_58ab9c06,googleadwords_int,2026-07-21,0.019341649,0.0342207757,0.0,0.0342207757,0.014879126699999998,1.7692791188589969
989105150,mock_campaign_58ab9c06,googleadwords_int,2026-07-06,0.0,0.0,0.0,0.0,0.0,
611748075,mock_campaign_628993e1,googleadwords_int,2026-06-29,0.2055463159,0.7058144862,0.0,0.7058144862,0.5002681703,3.433846445311064
585166272,mock_campaign_60587c25,googleadwords_int,2026-07-09,0.70874927053894832,0.38513181750000003,0.0,0.38513181750000003,-0.32361745303894829,0.54339642170938307
571438578,mock_campaign_756e1c81,googleadwords_int,2026-07-19,0.008137,0.017425678100000005,0.0,0.017425678100000005,0.0092886781000000047,2.1415359591987224
792104306,mock_campaign_6fcee95d,googleadwords_int,2026-07-14,26.997935382499982,10.176218935999984,43.5834375095,53.759656445499985,26.761721063000003,1.9912506524608882
742036733,mock_campaign_e0586969,googleadwords_int,2026-07-17,0.4297200356521314,0.56065612900000006,0.0,0.56065612900000006,0.13093609334786865,1.3047009273122758
148918961,mock_campaign_993fe179,googleadwords_int,2026-07-14,18.798338255199994,3.3695113604000047,0.0,3.3695113604000047,-15.42882689479999,0.17924517128358039
261307969,mock_campaign_b4ba1e63,googleadwords_int,2026-06-21,78.776309280099923,39.37114575660005,0.0,39.37114575660005,-39.405163523499873,0.49978408631217497
261307969,mock_campaign_b4ba1e63,googleadwords_int,2026-06-05,32.360445404800025,27.852654059800006,0.0,27.852654059800006,-4.5077913450000189,0.860700577862523
258346999,mock_campaign_8ba2a925,googleadwords_int,2026-07-23,0.0,0.0,0.0,0.0,0.0,
,mock_campaign_483107f1,,,0.0,0.0045758488000000007,0.0,0.0045758488000000007,0.0045758488000000007,
,mock_campaign_6aedfff8,,,0.0,0.054581519400000007,0.0,0.054581519400000007,0.054581519400000007,
,mock_campaign_1be3ce39,,,0.0,6.3695000000000006e-06,0.0,6.3695000000000006e-06,6.3695000000000006e-06,
,mock_campaign_970b80f7,,,0.0,1.3309834589999996,105.6295688662,106.9605523252,106.9605523252,
,mock_campaign_fb57024c,,,0.0,0.9828240412,0.0,0.9828240412,0.9828240412,
,mock_campaign_796ef0d2,,,0.0,0.0,0.0,0.0,0.0,
,mock_campaign_decd286e,,,0.0,0.55810068560000015,0.0,0.55810068560000015,0.55810068560000015,
,mock_campaign_970b80f7,,,0.0,1.8518862645999976,18.929669918000002,20.7815561826,20.7815561826,
,mock_campaign_b4ba1e63,,,0.0,0.67127778329999988,26.9582539654,27.6295317487,27.6295317487,
,mock_campaign_5dcabbd9,,,0.0,1.3266305427,38.204261,39.530891542700004,39.530891542700004,
,mock_campaign_90337527,,,0.0,0.0213722203,0.0,0.0213722203,0.0213722203,
,mock_campaign_6b5afb99,,,0.0,0.067549821400000015,0.0,0.067549821400000015,0.067549821400000015,
,mock_campaign_989b490b,,,0.0,2.6751899999999997e-05,0.0,2.6751899999999997e-05,2.6751899999999997e-05,
,mock_campaign_6b5afb99,,,0.0,2.6751900000000007e-05,0.0,2.6751900000000007e-05,2.6751900000000007e-05,
,mock_campaign_796ef0d2,,,0.0,0.018867732900000003,0.0,0.018867732900000003,0.018867732900000003,
,,,,0.0,0.44058086279999992,0.0,0.44058086279999992,0.44058086279999992,
,,,,0.0,0.0,6.1099734486000008,6.1099734486000008,6.1099734486000008,
,,,,0.0,0.0,172.2543490551,172.2543490551,172.2543490551,
,,,,0.0,0.0,216.29744917550002,216.29744917550002,216.29744917550002,
,,,,0.0,0.0,92.4238539449,92.4238539449,92.4238539449,
654635500,mock_campaign_67ff1f36,googleadwords_int,2026-07-04,2.7402625008999979,1.137239829700001,0.0,1.137239829700001,-1.6030226711999969,0.41501127330921461
998337322,mock_campaign_fe944d1c,googleadwords_int,2026-07-19,21.640195269599996,24.580359104000138,69.364810425,93.94516952900014,72.30497425940014,4.3412348344644416
161694703,mock_campaign_2c0c0430,googleadwords_int,2026-06-09,114.98269064719997,70.487678114896354,94.2137012795,164.70137939439635,49.718688747196381,1.4324015072820626
510225620,mock_campaign_10287894,googleadwords_int,2026-06-24,9.1249164248000341,2.5534217207000167,0.0,2.5534217207000167,-6.5714947041000169,0.27982960082354652
502057685,mock_campaign_befecb98,googleadwords_int,2026-07-02,2.2535169252999996,1.3753432048000005,0.0,1.3753432048000005,-0.87817372049999909,0.61030968499023275
502057685,mock_campaign_befecb98,googleadwords_int,2026-07-12,0.34539205270000006,0.25007548729999957,0.0,0.25007548729999957,-0.0953165654000005,0.72403370414897661
434877610,mock_campaign_0dfbbe6f,googleadwords_int,2026-07-02,0.55603050319999991,0.47926028849999985,0.0,0.47926028849999985,-0.076770214700000061,0.86193164896857033
351751429,mock_campaign_b7e37028,googleadwords_int,2026-06-20,11.096478109504138,5.3365250635999972,0.0,5.3365250635999972,-5.7599530459041413,0.48092061381432916
571438578,mock_campaign_756e1c81,googleadwords_int,2026-06-25,0.0001570441,0.0,0.0,0.0,-0.0001570441,0.0
585166272,mock_campaign_60587c25,googleadwords_int,2026-07-18,0.68322085344142525,1.5831850854,0.0,1.5831850854,0.89996423195857478,2.3172376507909558
742036733,mock_campaign_e0586969,googleadwords_int,2026-07-01,0.622541420807333,0.2258522788,0.0,0.2258522788,-0.39668914200733296,0.36279076580495967
788967442,mock_campaign_475f8981,googleadwords_int,2026-06-08,0.053278634899999996,0.0502719157,53.617977109200005,53.668249024900007,53.61497039,1007.3127647814417
148918961,mock_campaign_993fe179,googleadwords_int,2026-06-07,35.391106857599965,4.9436033475999945,34.9856698465,39.9292731941,4.5381663365000335,1.1282290026915476
148918961,mock_campaign_993fe179,googleadwords_int,2026-06-24,17.716177469000009,2.8966829930000104,6.1861959812,9.08287897420001,-8.6332984947999982,0.51268841656691166
243641668,mock_campaign_1e8723bd,googleadwords_int,2026-07-19,12.123051609321282,10.712400898199993,0.0,10.712400898199993,-1.4106507111212885,0.88363897502204358
,mock_campaign_09bed4a1,,,0.0,0.014056212600000003,0.0,0.014056212600000003,0.014056212600000003,
,mock_campaign_fb57024c,,,0.0,0.062494986200000005,0.0,0.062494986200000005,0.062494986200000005,
,mock_campaign_708ecf59,,,0.0,0.0145046254,0.0,0.0145046254,0.0145046254,
,mock_campaign_67ff1f36,,,0.0,0.0176396933,38.204261,38.2219006933,38.2219006933,
,mock_campaign_cc915a95,,,0.0,0.0034713775000000005,0.0,0.0034713775000000005,0.0034713775000000005,
,mock_campaign_759b1811,,,0.0,0.0048306288,0.0,0.0048306288,0.0048306288,
,mock_campaign_21ff68ff,,,0.0,0.082172919500000011,0.0,0.082172919500000011,0.082172919500000011,
,mock_campaign_90337527,,,0.0,0.12078482850000001,0.0,0.12078482850000001,0.12078482850000001,
,mock_campaign_0365d47f,,,0.0,0.0066968923,0.0,0.0066968923,0.0066968923,
,mock_campaign_337b8797,,,0.0,0.0002012762,0.0,0.0002012762,0.0002012762,
,mock_campaign_25502999,,,0.0,0.0056930591,0.0,0.0056930591,0.0056930591,
,,,,0.0,0.19988382729999904,0.0,0.19988382729999904,0.19988382729999904,
,,,,0.0,0.0,174.5058908711,174.5058908711,174.5058908711,
,,,,0.0,3.3000201154000082,0.0,3.3000201154000082,3.3000201154000082,
243641668,mock_campaign_1e8723bd,googleadwords_int,2026-06-09,12.474204115527712,10.6024251112,0.0,10.6024251112,-1.8717790043277116,0.849948021774171
739276167,mock_campaign_1fbdf2e3,googleadwords_int,2026-07-19,45.291925216624669,48.835788356700029,38.204261,87.040049356700024,41.748124140075355,1.9217564486473067
998337322,mock_campaign_fe944d1c,googleadwords_int,2026-06-01,83.824630203599725,49.674755966499433,266.7890603956,316.46381636209946,232.63918615849974,3.7753082309274464
161694703,mock_campaign_2c0c0430,googleadwords_int,2026-07-18,43.0603082865,20.682036566805102,107.8199316347,128.50196820150509,85.44165991500509,2.9842324245920975
262368493,mock_campaign_c13d8f45,googleadwords_int,2026-06-06,15.225995898699999,5.3223809519000032,44.158469600000004,49.480850551900005,34.254854653200006,3.249761190079179
351751429,mock_campaign_b7e37028,googleadwords_int,2026-06-26,19.791804006386453,15.055354026300009,0.0,15.055354026300009,-4.7364499800864444,0.76068629324754433
369626124,mock_campaign_617ec63b,googleadwords_int,2026-06-28,0.38669302359999996,0.15854704619999999,0.0,0.15854704619999999,-0.22814597739999998,0.410007516360065
351751429,mock_campaign_b7e37028,googleadwords_int,2026-07-14,15.542369967956933,10.420494356600004,0.0,10.420494356600004,-5.1218756113569288,0.67045723258959289
900383572,mock_campaign_45368c6d,googleadwords_int,2026-07-10,4.3096058196000042,5.486996857700011,0.0,5.486996857700011,1.1773910381000068,1.273201561206655
972671114,mock_campaign_9911559c,googleadwords_int,2026-07-02,0.0,0.0,0.0,0.0,0.0,
611748075,mock_campaign_628993e1,googleadwords_int,2026-07-04,0.19929547250000001,0.11407137550000003,0.0,0.11407137550000003,-0.085224096999999985,0.57237314058903177
792104306,mock_campaign_6fcee95d,googleadwords_int,2026-07-17,34.27577559089994,11.798008287000117,48.881829650499995,60.67983793750011,26.40406234660017,1.7703417907080219
161332031,mock_campaign_12520749,googleadwords_int,2026-06-27,6.3686899436000015,1.3769712489999992,0.0,1.3769712489999992,-4.9917186946000021,0.21620949696000505
258346999,mock_campaign_8ba2a925,googleadwords_int,2026-07-06,0.1613965813,0.0,0.0,0.0,-0.1613965813,0.0
,mock_campaign_c7abcb25,,,0.0,0.00089300389999999994,0.0,0.00089300389999999994,0.00089300389999999994,
,mock_campaign_fb57024c,,,0.0,0.1273441396,0.0,0.1273441396,0.1273441396,
,mock_campaign_149c320f,,,0.0,7.6434e-06,0.0,7.6434e-06,7.6434e-06,
,mock_campaign_d1c03fd5,,,0.0,0.33051080720000003,0.0,0.33051080720000003,0.33051080720000003,
,mock_campaign_541ebe5c,,,0.0,0.0008496913,0.0,0.0008496913,0.0008496913,
,mock_campaign_483107f1,,,0.0,0.0,0.0,0.0,0.0,
,mock_campaign_b0c8a1e0,,,0.0,0.098718332699999772,0.0,0.098718332699999772,0.098718332699999772,
,mock_campaign_759b1811,,,0.0,0.029838559700000003,0.0,0.029838559700000003,0.029838559700000003,
,mock_campaign_90337527,,,0.0,0.1000826796,0.0,0.1000826796,0.1000826796,
,mock_campaign_b4ba1e63,,,0.0,0.49837388409999994,84.864456184799991,85.3628300689,85.3628300689,
,mock_campaign_f81bdda1,,,0.0,0.0041287098999999994,0.0,0.0041287098999999994,0.0041287098999999994,
,mock_campaign_970b80f7,,,0.0,1.4929725830000009,76.7865989593,78.27957154229999,78.27957154229999,
,mock_campaign_5dcabbd9,,,0.0,3.1543649371999996,0.0,3.1543649371999996,3.1543649371999996,
,mock_campaign_ce3403c4,,,0.0,0.32650184390000003,0.0,0.32650184390000003,0.32650184390000003,
,,,,0.0,0.035309960200000032,0.0,0.035309960200000032,0.035309960200000032,
,,,,0.0,0.0,184.53447244050002,184.53447244050002,184.53447244050002,
,mock_campaign_6fdcae3c,,,0.0,0.0,43.3005463582,43.3005463582,43.3005463582,
,,,,0.0,0.0,64.930682999999988,64.930682999999988,64.930682999999988,
,,,,0.0,4.1552745367000039,0.0,4.1552745367000039,4.1552745367000039,
,,,,0.0,1.9383394881000009,0.0,1.9383394881000009,1.9383394881000009,
232552584,mock_campaign_a5da28b5,googleadwords_int,2026-07-03,19.56399916830043,11.880507324900009,0.0,11.880507324900009,-7.6834918434004216,0.60726374105300551
232552584,mock_campaign_a5da28b5,googleadwords_int,2026-07-22,33.029586216550619,17.231823641399973,0.0,17.231823641399973,-15.797762575150646,0.52170873496336356
739276167,mock_campaign_1fbdf2e3,googleadwords_int,2026-06-15,47.218971666634296,34.631968963699983,44.561022,79.192990963699984,31.974019297065688,1.677143490603779
998337322,mock_campaign_fe944d1c,googleadwords_int,2026-07-02,23.976606255000007,26.241458461199837,178.8286335757,205.07009203689984,181.09348578189983,8.5529240400373663
161694703,mock_campaign_2c0c0430,googleadwords_int,2026-06-28,43.221578744300032,27.044256228300064,106.67000503489999,133.71426126320006,90.492682518900025,3.0936922053277383
432166127,mock_campaign_f8b84857,googleadwords_int,2026-07-22,6.9468303032000005,5.2445227316999912,0.0,5.2445227316999912,-1.7023075715000093,0.75495189932653817
351751429,mock_campaign_b7e37028,googleadwords_int,2026-06-10,12.156185672623984,11.336704892899997,0.0,11.336704892899997,-0.81948077972398714,0.93258734262594578
369626124,mock_campaign_617ec63b,googleadwords_int,2026-07-06,0.4216487619,0.45036314089999985,0.0,0.45036314089999985,0.028714378999999846,1.0681002331670781
900383572,mock_campaign_45368c6d,googleadwords_int,2026-06-30,3.9021935528999974,5.0678914011000842,0.0,5.0678914011000842,1.1656978482000868,1.2987288642650168
900383572,mock_campaign_45368c6d,googleadwords_int,2026-07-07,4.4279495339,6.1374629367000084,0.0,6.1374629367000084,1.7095134028000087,1.3860733709162947
900383572,mock_campaign_45368c6d,googleadwords_int,2026-07-01,3.6938481090000006,8.5267120688001281,0.0,8.5267120688001281,4.8328639598001271,2.3083548151384279
585166272,mock_campaign_60587c25,googleadwords_int,2026-06-24,0.016641836743616686,0.207785829,0.0,0.207785829,0.19114399225638332,12.485750954124729
148918961,mock_campaign_993fe179,googleadwords_int,2026-07-12,18.765162078799985,2.7021151503999983,18.6954786898,21.3975938402,2.6324317614000137,1.1402829216366861
243641668,mock_campaign_1e8723bd,googleadwords_int,2026-06-30,6.80279025438059,9.1702621447000112,6.136847643,15.307109787700011,8.5043195333194213,2.2501222609124465
,mock_campaign_b4ba1e63,,,0.0,0.1064139626,0.0,0.1064139626,0.1064139626,
,mock_campaign_09bed4a1,,,0.0,0.0306028997,0.0,0.0306028997,0.0306028997,
,mock_campaign_0365d47f,,,0.0,0.0196078688,0.0,0.0196078688,0.0196078688,
,mock_campaign_ce3403c4,,,0.0,0.00014012899999999996,31.834761,31.834901129,31.834901129,
,mock_campaign_149c320f,,,0.0,0.014764501,0.0,0.014764501,0.014764501,
,mock_campaign_b0c8a1e0,,,0.0,0.0126141578,0.0,0.0126141578,0.0126141578,
,mock_campaign_e6a4a79e,,,0.0,0.00038217,38.204261,38.204643170000004,38.204643170000004,
,mock_campaign_12520749,,,0.0,0.0510923073,0.0,0.0510923073,0.0510923073,
,mock_campaign_df87094f,,,0.0,0.000840774,0.0,0.000840774,0.000840774,
,mock_campaign_a3bfa925,,,0.0,0.015888080800000003,0.0,0.015888080800000003,0.015888080800000003,
,mock_campaign_b4ba1e63,,,0.0,0.7042297546,83.9288186735,84.633048428100011,84.633048428100011,
,,,,0.0,0.0,60.9128074956,60.9128074956,60.9128074956,
,,,,0.0,0.0,20.642250122000004,20.642250122000004,20.642250122000004,
660741874,mock_campaign_7e7497dd,googleadwords_int,2026-06-20,0.53096040619999985,0.2545940106,0.0,0.2545940106,-0.27636639559999987,0.47949716707143814
739276167,mock_campaign_1fbdf2e3,googleadwords_int,2026-07-16,53.154883446845723,42.458932858100056,0.0,42.458932858100056,-10.695950588745667,0.79877764948085161
510225620,mock_campaign_10287894,googleadwords_int,2026-07-14,9.8932477676000143,2.4657837702000136,6.5133946483999994,8.9791784186000125,-0.91406934900000181,0.90760674649294215
510225620,mock_campaign_10287894,googleadwords_int,2026-07-07,15.182751812200012,4.3263529372000153,44.158469600000004,48.484822537200017,33.302070725000007,3.1934146811410247
464541057,mock_campaign_d8ff83e7,googleadwords_int,2026-07-23,7.2268358649999991,6.1599944060000071,0.0,6.1599944060000071,-1.0668414589999919,0.85237779314087248
369804654,mock_campaign_92e554bf,googleadwords_int,2026-07-10,0.63420103480000012,1.2920874703,0.0,1.2920874703,0.65788643549999992,2.0373468338907221
974591165,mock_campaign_674dbd59,googleadwords_int,2026-07-11,0.60686641069999969,0.36669084110000005,0.0,0.36669084110000005,-0.24017556959999964,0.60423650845502341
585166272,mock_campaign_60587c25,googleadwords_int,2026-07-20,1.0266933752192955,0.5394342289,0.0,0.5394342289,-0.48725914631929546,0.52540928179728452
834117318,mock_campaign_ae804aae,googleadwords_int,2026-06-21,2.9181511538,1.3919306567000003,0.0,1.3919306567000003,-1.5262204970999995,0.47699059553081619
848321939,mock_campaign_c41abc99,googleadwords_int,2026-07-01,0.0,0.0,0.0,0.0,0.0,
148918961,mock_campaign_993fe179,googleadwords_int,2026-06-14,27.419964956000033,4.8347180189999976,70.0301454648,74.8648634838,47.444898527799964,2.7303048564771442
148918961,mock_campaign_993fe179,googleadwords_int,2026-07-03,23.4108373902,4.5472459233000073,0.0,4.5472459233000073,-18.863591466899994,0.19423679074391109
243641668,mock_campaign_1e8723bd,googleadwords_int,2026-07-20,9.1797374797747668,11.142277179299985,0.0,11.142277179299985,1.9625396995252178,1.2137903947524837
,mock_campaign_796ef0d2,,,0.0,0.00083695230000000007,0.0,0.00083695230000000007,0.00083695230000000007,
,mock_campaign_df87094f,,,0.0,1.2603023914,50.943261000000007,52.20356339140001,52.20356339140001,
,mock_campaign_d1c03fd5,,,0.0,0.38689999070000003,0.0,0.38689999070000003,0.38689999070000003,
,mock_campaign_2c0c0430,,,0.0,0.57985125419998063,94.10870389370001,94.68855514789999,94.68855514789999,
,mock_campaign_759b1811,,,0.0,0.0082217506,0.0,0.0082217506,0.0082217506,
,mock_campaign_d1c03fd5,,,0.0,0.045954668600000005,0.0,0.045954668600000005,0.045954668600000005,
,mock_campaign_759b1811,,,0.0,0.0025439783000000002,0.0,0.0025439783000000002,0.0025439783000000002,
,mock_campaign_337b8797,,,0.0,7.3886199999999991e-05,0.0,7.3886199999999991e-05,7.3886199999999991e-05,
,mock_campaign_a3bfa925,,,0.0,0.035090849400000006,0.0,0.035090849400000006,0.035090849400000006,
,mock_campaign_6b5afb99,,,0.0,0.0163887235,0.0,0.0163887235,0.0163887235,
,mock_campaign_6b5afb99,,,0.0,0.030822010500000007,0.0,0.030822010500000007,0.030822010500000007,
,mock_campaign_a3bfa925,,,0.0,0.0031923934,0.0,0.0031923934,0.0031923934,
,mock_campaign_90337527,,,0.0,0.0646096602,0.0,0.0646096602,0.0646096602,
,mock_campaign_b8b1eac5,,,0.0,0.042005578599999933,0.0,0.042005578599999933,0.042005578599999933,
,mock_campaign_a544a26e,,,0.0,0.29566964220000008,0.0,0.29566964220000008,0.29566964220000008,
,,,,0.0,2.4523899856000013,0.0,2.4523899856000013,2.4523899856000013,
,,,,0.0,12.943282604000061,0.0,12.943282604000061,12.943282604000061,
,,,,0.0,1.8897300118999991,0.0,1.8897300118999991,1.8897300118999991,
,,,,0.0,0.0,6.3567610000000005,6.3567610000000005,6.3567610000000005,
,,,,0.0,0.0,466.51317885259994,466.51317885259994,466.51317885259994,
,,,,0.0,0.0,304.36094214879995,304.36094214879995,304.36094214879995,
,,,,0.0,2.7527730577999994,0.0,2.7527730577999994,2.7527730577999994,
660741874,mock_campaign_7e7497dd,googleadwords_int,2026-07-01,0.001423975,0.0,0.0,0.0,-0.001423975,0.0
660741874,mock_campaign_7e7497dd,googleadwords_int,2026-07-19,0.0341192547,0.2289236517,0.0,0.2289236517,0.19480439700000002,6.7095150146993108
140410898,mock_campaign_a2e93e84,googleadwords_int,2026-07-12,2.3866008150999991,5.9506149280999985,174.46060500000002,180.41121992810002,178.02461911300003,75.593378996034886
140410898,mock_campaign_a2e93e84,googleadwords_int,2026-06-09,84.662499534699975,56.277249728698209,103.13494399999999,159.41219372869818,74.749694193998209,1.8829138592035204
140410898,mock_campaign_a2e93e84,googleadwords_int,2026-06-26,36.975765637700007,42.153064372500729,67.887527194400008,110.04059156690073,73.064825929200722,2.9760192836873887
180761354,mock_campaign_07fb7039,googleadwords_int,2026-06-28,0.0056332451,0.014917368999999998,0.0,0.014917368999999998,0.0092841238999999982,2.6480951450168568
510225620,mock_campaign_10287894,googleadwords_int,2026-07-20,5.2485814442000063,1.8130450536000033,0.0,1.8130450536000033,-3.4355363906000029,0.34543525195813157
434877610,mock_campaign_0dfbbe6f,googleadwords_int,2026-07-26,0.97261479629999981,0.5671823187,0.0,0.5671823187,-0.40543247759999979,0.58315205655688429
434877610,mock_campaign_0dfbbe6f,googleadwords_int,2026-06-30,0.3324054007,0.8507244329000001,0.0,0.8507244329000001,0.51831903220000008,2.5592978667268689
280939212,mock_campaign_45884f7b,googleadwords_int,2026-07-25,1.4730826087000002,0.6161765127,0.0,0.6161765127,-0.85690609600000023,0.41829053514098408
974591165,mock_campaign_674dbd59,googleadwords_int,2026-07-05,0.5376457654,0.26913430519999981,0.0,0.26913430519999981,-0.26851146020000016,0.500579233614475
516932962,mock_campaign_60e17b09,googleadwords_int,2026-06-25,0.0,0.0,0.0,0.0,0.0,
624225880,mock_campaign_ae3dba5e,googleadwords_int,2026-06-06,0.2692085765,0.0,0.0,0.0,-0.2692085765,0.0
585166272,mock_campaign_60587c25,googleadwords_int,2026-06-20,0.40361256187182087,1.5385960375999999,0.0,1.5385960375999999,1.1349834757281789,3.8120618210307997
571438578,mock_campaign_756e1c81,googleadwords_int,2026-07-03,0.049598269799999956,0.087189537699999958,0.0,0.087189537699999958,0.0375912679,1.7579149041203053
571438578,mock_campaign_756e1c81,googleadwords_int,2026-07-16,0.016274,0.0213174426,0.0,0.0213174426,0.0050434426,1.3099079882020401
810543724,mock_campaign_c492b014,googleadwords_int,2026-07-17,0.784357978,0.3429580841,0.0,0.3429580841,-0.44139989389999995,0.43724688690550939
848321939,mock_campaign_c41abc99,googleadwords_int,2026-07-10,0.0002270223,0.0,0.0,0.0,-0.0002270223,0.0
148918961,mock_campaign_993fe179,googleadwords_int,2026-06-25,16.949867357000006,2.8914014036000064,85.4338436244,88.325245028,71.375377671,5.2109696888880475
161332031,mock_campaign_12520749,googleadwords_int,2026-07-04,0.14800145189999997,0.058868192900000019,0.0,0.058868192900000019,-0.089133258999999951,0.39775415811309367
161332031,mock_campaign_12520749,googleadwords_int,2026-07-09,0.1946671469,0.0381634962,0.0,0.0381634962,-0.1565036507,0.19604487355847716
,mock_campaign_6b5afb99,,,0.0,0.0047363602,0.0,0.0047363602,0.0047363602,
,mock_campaign_e6a4a79e,,,0.0,0.1892365711,0.0,0.1892365711,0.1892365711,
,mock_campaign_d1c03fd5,,,0.0,0.06140198,0.0,0.06140198,0.06140198,
,mock_campaign_970b80f7,,,0.0,1.0334246230999979,76.049186657499988,77.082611280599991,77.082611280599991,
,mock_campaign_b8b1eac5,,,0.0,0.10317698269999998,0.0,0.10317698269999998,0.10317698269999998,
,mock_campaign_b0c8a1e0,,,0.0,0.0127084264,61.621107360699995,61.6338157871,61.6338157871,
,mock_campaign_6b5afb99,,,0.0,0.20209276989999944,0.0,0.20209276989999944,0.20209276989999944,
,mock_campaign_96cf8fb0,,,0.0,0.0003363096,0.0,0.0003363096,0.0003363096,
,mock_campaign_ae3dba5e,,,0.0,0.2564768348,0.0,0.2564768348,0.2564768348,
,mock_campaign_970b80f7,,,0.0,0.90353777909999011,92.9629429469,93.866480725999992,93.866480725999992,
,mock_campaign_a3bfa925,,,0.0,0.0050166182,0.0,0.0050166182,0.0050166182,
,mock_campaign_d1c03fd5,,,0.0,0.3334000124,25.8253887083,26.1587887207,26.1587887207,
,,,,0.0,14.872455107699999,0.0,14.872455107699999,14.872455107699999,
,mock_campaign_708ecf59,,,0.0,0.0,24.3592380898,24.3592380898,24.3592380898,
,,,,0.0,0.0,175.77740230860002,175.77740230860002,175.77740230860002,
,,,,0.0,0.0,40.9385714251,40.9385714251,40.9385714251,
,mock_campaign_859c6e7e,,,0.0,0.0,45.756806452000006,45.756806452000006,45.756806452000006,
232552584,mock_campaign_a5da28b5,googleadwords_int,2026-06-30,18.511723675458622,14.256632739199995,0.0,14.256632739199995,-4.2550909362586271,0.77014074913511754
654635500,mock_campaign_67ff1f36,googleadwords_int,2026-06-24,0.49352206920000008,0.17413703439999997,0.0,0.17413703439999997,-0.31938503480000013,0.35284548608388744
161694703,mock_campaign_2c0c0430,googleadwords_int,2026-07-10,40.163180699600012,20.891436427102995,170.049318602,190.940755029103,150.77757432950298,4.75412434232343
161694703,mock_campaign_2c0c0430,googleadwords_int,2026-06-17,50.819750672800069,23.867837534300509,90.8071168813,114.67495441560051,63.855203742800441,2.2565036801130405
180761354,mock_campaign_07fb7039,googleadwords_int,2026-06-24,0.0542119488,0.0340360602,0.0,0.0340360602,-0.020175888599999997,0.6278331798321185
464541057,mock_campaign_d8ff83e7,googleadwords_int,2026-06-24,1.6302267938000001,2.6314009614,0.0,2.6314009614,1.0011741675999997,1.6141318320908582
432166127,mock_campaign_f8b84857,googleadwords_int,2026-07-18,4.2535134101000009,5.7512928907000029,45.153742191999996,50.905035082699996,46.6515216726,11.967761747694409
351751429,mock_campaign_b7e37028,googleadwords_int,2026-06-06,10.289197602969773,8.7984043652000121,0.0,8.7984043652000121,-1.4907932377697612,0.855110836112286
351751429,mock_campaign_b7e37028,googleadwords_int,2026-06-29,17.650531321402504,12.314708496500002,0.0,12.314708496500002,-5.3358228249025021,0.69769619238416669
525989111,mock_campaign_c82cc8f4,googleadwords_int,2026-07-15,0.13538096489999998,0.0885729931,0.0,0.0885729931,-0.046807971799999987,0.65424997646770355
571438578,mock_campaign_756e1c81,googleadwords_int,2026-07-23,0.16264072860000003,0.03154558570000001,0.0,0.03154558570000001,-0.13109514290000002,0.19395870869211049
585166272,mock_campaign_60587c25,googleadwords_int,2026-07-26,0.7919878636405141,0.21845219370000002,0.0,0.21845219370000002,-0.57353566994051408,0.27582770359111991
834117318,mock_campaign_ae804aae,googleadwords_int,2026-06-24,0.6281999973,0.1490654085,0.0,0.1490654085,-0.4791345888,0.23728973120134078
848321939,mock_campaign_c41abc99,googleadwords_int,2026-06-27,0.0,0.0,0.0,0.0,0.0,
148918961,mock_campaign_993fe179,googleadwords_int,2026-06-13,28.535815363300014,5.0619868745999872,35.2528308806,40.314817755199989,11.779002391899976,1.4127795979171136
148918961,mock_campaign_993fe179,googleadwords_int,2026-06-30,21.3811319047,3.9316057224999956,53.6752682139,57.606873936399992,36.225742031699994,2.6942855127205334
148918961,mock_campaign_993fe179,googleadwords_int,2026-07-06,16.58333049609999,2.6016528486000023,0.0,2.6016528486000023,-13.981677647499987,0.15688361570143283
243641668,mock_campaign_1e8723bd,googleadwords_int,2026-07-07,10.256700622550033,10.061155192399935,6.1950126431,16.256167835499937,5.999467212949904,1.5849314934433867
258346999,mock_campaign_8ba2a925,googleadwords_int,2026-06-20,0.11678629249999997,0.0,0.0,0.0,-0.11678629249999997,0.0
,mock_campaign_c9d56aa3,,,0.0,0.0045771227,0.0,0.0045771227,0.0045771227,
,mock_campaign_c13d8f45,,,0.0,0.28106947429999984,83.6073207088,83.8883901831,83.8883901831,
,mock_campaign_d1c03fd5,,,0.0,0.5282391957,0.0,0.5282391957,0.5282391957,
,mock_campaign_1700d8b1,,,0.0,0.10938087569999999,0.0,0.10938087569999999,0.10938087569999999,
,mock_campaign_6b5afb99,,,0.0,0.016240951099999991,0.0,0.016240951099999991,0.016240951099999991,
,mock_campaign_a544a26e,,,0.0,0.014072773299999999,0.0,0.014072773299999999,0.014072773299999999,
,mock_campaign_c13d8f45,,,0.0,0.067403322899999993,0.0,0.067403322899999993,0.067403322899999993,
,mock_campaign_e6535e2b,,,0.0,0.016900831300000002,0.0,0.016900831300000002,0.016900831300000002,
,mock_campaign_2472b5d9,,,0.0,0.0001006381,0.0,0.0001006381,0.0001006381,
,mock_campaign_2472b5d9,,,0.0,0.0021936558,0.0,0.0021936558,0.0021936558,
,mock_campaign_09bed4a1,,,0.0,0.00048026030000000003,0.0,0.00048026030000000003,0.00048026030000000003,
,mock_campaign_970b80f7,,,0.0,0.79021290900003183,5.531928584600001,6.3221414936000331,6.3221414936000331,
,mock_campaign_a544a26e,,,0.0,0.1210434302,0.0,0.1210434302,0.1210434302,
,mock_campaign_a3bfa925,,,0.0,0.053786605800000005,0.0,0.053786605800000005,0.053786605800000005,
,mock_campaign_df87094f,,,0.0,0.38510761340000005,21.643561,22.028668613399997,22.028668613399997,
,mock_campaign_b0c8a1e0,,,0.0,0.0064714119999999993,0.0,0.0064714119999999993,0.0064714119999999993,
,mock_campaign_df87094f,,,0.0,0.0019172195000000001,0.0,0.0019172195000000001,0.0019172195000000001,
,mock_campaign_fb57024c,,,0.0,2.3754757253000003,0.0,2.3754757253000003,2.3754757253000003,
,,,,0.0,5.9497448544000013,0.0,5.9497448544000013,5.9497448544000013,
,,,,0.0,0.0,212.2588409486,212.2588409486,212.2588409486,
,mock_campaign_d1c03fd5,,,0.0,0.0,26.8508896734,26.8508896734,26.8508896734,
654635500,mock_campaign_67ff1f36,googleadwords_int,2026-07-05,3.1393473617999987,1.2887702346999999,0.0,1.2887702346999999,-1.8505771270999989,0.41052170600231425
654635500,mock_campaign_67ff1f36,googleadwords_int,2026-06-29,0.92665946140000011,0.47486405960000011,0.0,0.47486405960000011,-0.4517954018,0.51244721430089746
660741874,mock_campaign_7e7497dd,googleadwords_int,2026-07-23,0.0796709944,0.0865220141,0.0,0.0865220141,0.0068510197000000023,1.0859913918684565
140410898,mock_campaign_a2e93e84,googleadwords_int,2026-06-06,78.535477677399939,60.219483598899842,81.491383,141.71086659889983,63.175388921499888,1.8044184716238099
161694703,mock_campaign_2c0c0430,googleadwords_int,2026-07-16,30.917005073400016,16.36102764010532,43.7049395437,60.06596718380532,29.148962110405304,1.9428132524868691
464541057,mock_campaign_d8ff83e7,googleadwords_int,2026-07-07,3.3808746779999987,2.4121640453000026,0.0,2.4121640453000026,-0.96871063269999613,0.71347336859198529
502057685,mock_campaign_befecb98,googleadwords_int,2026-07-24,2.4106131020999997,1.102593571400005,0.0,1.102593571400005,-1.3080195306999947,0.45739134597728826
624225880,mock_campaign_ae3dba5e,googleadwords_int,2026-06-11,0.0671847679,0.2225961904,0.0,0.2225961904,0.1554114225,3.3131943051633286
585166272,mock_campaign_60587c25,googleadwords_int,2026-06-14,3.8898564749306836,3.1284703719000042,0.0,3.1284703719000042,-0.76138610303067944,0.80426370280300707
590094865,mock_campaign_23f341fc,googleadwords_int,2026-07-13,0.016274,0.0048841326,0.0,0.0048841326,-0.0113898674,0.3001187538404817
590094865,mock_campaign_23f341fc,googleadwords_int,2026-07-21,0.0061133280999999991,0.0,0.0,0.0,-0.0061133280999999991,0.0
148918961,mock_campaign_993fe179,googleadwords_int,2026-06-03,20.775819661000003,4.4452192722999984,35.4191690992,39.8643883715,19.088568710499995,1.9187877552832591
148918961,mock_campaign_993fe179,googleadwords_int,2026-07-02,18.9416869705,4.106747864000007,65.9626795812,70.06942744520002,51.127740474700019,3.6992178972404592
,mock_campaign_0365d47f,,,0.0,0.0040968624,0.0,0.0040968624,0.0040968624,
,mock_campaign_759b1811,,,0.0,2.42041e-05,0.0,2.42041e-05,2.42041e-05,
,mock_campaign_b0c8a1e0,,,0.0,0.0430234247,20.4553295011,20.4983529258,20.4983529258,
,mock_campaign_5dcabbd9,,,0.0,1.6637057565999998,0.0,1.6637057565999998,1.6637057565999998,
,mock_campaign_25502999,,,0.0,0.0057108937000000005,0.0,0.0057108937000000005,0.0057108937000000005,
,mock_campaign_e6535e2b,,,0.0,0.002076457,0.0,0.002076457,0.002076457,
,mock_campaign_970b80f7,,,0.0,0.62164281759999762,106.2042952207,106.8259380383,106.8259380383,
,mock_campaign_96cf8fb0,,,0.0,6.3695e-06,0.0,6.3695e-06,6.3695e-06,
,mock_campaign_befecb98,,,0.0,0.07376135780000001,0.0,0.07376135780000001,0.07376135780000001,
,mock_campaign_ce3403c4,,,0.0,0.6850945027,0.0,0.6850945027,0.6850945027,
,mock_campaign_b0c8a1e0,,,0.0,0.0059300045,0.0,0.0059300045,0.0059300045,
,mock_campaign_d1c03fd5,,,0.0,0.060582862300000012,106.53340728570001,106.593990148,106.593990148,
,mock_campaign_9772a6c4,,,0.0,0.0048815848,0.0,0.0048815848,0.0048815848,
,mock_campaign_21ff68ff,,,0.0,4.33126e-05,0.0,4.33126e-05,4.33126e-05,
,mock_campaign_9cb1c00c,,,0.0,0.00042548259999999991,0.0,0.00042548259999999991,0.00042548259999999991,
,mock_campaign_a544a26e,,,0.0,0.033377453900000006,0.0,0.033377453900000006,0.033377453900000006,
,mock_campaign_541ebe5c,,,0.0,2.16563e-05,0.0,2.16563e-05,2.16563e-05,
,mock_campaign_cb530cbb,,,0.0,0.0111937593,0.0,0.0111937593,0.0111937593,
,mock_campaign_0365d47f,,,0.0,0.0,0.0,0.0,0.0,
,,,,0.0,0.106459823,0.0,0.106459823,0.106459823,
,,,,0.0,0.0,71.4443999451,71.4443999451,71.4443999451,
,,,,0.0,0.0,90.91352957,90.91352957,90.91352957,
,,,,0.0,1.3409861217999999,0.0,1.3409861217999999,1.3409861217999999,
464541057,mock_campaign_d8ff83e7,googleadwords_int,2026-07-22,6.7474135893999989,3.5079116781000006,0.0,3.5079116781000006,-3.2395019112999983,0.51988982617144341
434877610,mock_campaign_0dfbbe6f,googleadwords_int,2026-07-19,0.64630970449999992,0.4487325489,0.0,0.4487325489,-0.19757715559999994,0.69429956841998808
262368493,mock_campaign_c13d8f45,googleadwords_int,2026-06-19,146.85940279379994,54.15224567359094,44.0303343685,98.182580042090933,-48.676822751709011,0.66854813634197874
369626124,mock_campaign_617ec63b,googleadwords_int,2026-07-04,0.77540076840000016,0.51718938709999973,0.0,0.51718938709999973,-0.25821138130000043,0.66699622721188889
351751429,mock_campaign_b7e37028,googleadwords_int,2026-07-15,19.046496179226693,10.759472777100008,0.0,10.759472777100008,-8.2870234021266853,0.56490562231781849
989105150,mock_campaign_58ab9c06,googleadwords_int,2026-07-24,0.0,0.0,0.0,0.0,0.0,
529859974,mock_campaign_d2ea5396,googleadwords_int,2026-06-28,4.1248560482999954,4.6458355921000072,0.0,4.6458355921000072,0.52097954380001177,1.1263024788500744
525989111,mock_campaign_c82cc8f4,googleadwords_int,2026-07-20,0.25137878209999986,0.14890107539999994,0.0,0.14890107539999994,-0.10247770669999992,0.59233748431785416
557162896,mock_campaign_b0c8a1e0,googleadwords_int,2026-06-03,35.527865416599951,15.960352968700132,41.2861766964,57.246529665100127,21.718664248500176,1.6113135138806398
585166272,mock_campaign_60587c25,googleadwords_int,2026-06-28,0.40826208108470485,0.5072720756,0.0,0.5072720756,0.09900999451529513,1.2425157738192023
611748075,mock_campaign_628993e1,googleadwords_int,2026-06-30,0.731288464,0.063784173000000013,0.0,0.063784173000000013,-0.667504291,0.08722163159953801
788967442,mock_campaign_475f8981,googleadwords_int,2026-07-07,0.1811515899,0.049576366300000008,0.0,0.049576366300000008,-0.13157522359999999,0.27367337116592433
742036733,mock_campaign_e0586969,googleadwords_int,2026-07-21,1.5371513904408354,0.4248176242,0.0,0.4248176242,-1.1123337662408352,0.27636680865777818
161332031,mock_campaign_12520749,googleadwords_int,2026-06-28,1.7488919195999992,0.42069146210000019,0.0,0.42069146210000019,-1.328200457499999,0.24054743314053356
,mock_campaign_96cf8fb0,,,0.0,0.0,0.0,0.0,0.0,
,mock_campaign_ae804aae,,,0.0,0.0191505387,0.0,0.0191505387,0.0191505387,
,mock_campaign_0365d47f,,,0.0,0.0012968302,0.0,0.0012968302,0.0012968302,
,mock_campaign_b8b1eac5,,,0.0,0.0008051048,0.0,0.0008051048,0.0008051048,
,mock_campaign_21ff68ff,,,0.0,0.14829597290000002,0.0,0.14829597290000002,0.14829597290000002,
,mock_campaign_5dcabbd9,,,0.0,1.1206192564000002,0.0,1.1206192564000002,1.1206192564000002,
,mock_campaign_483107f1,,,0.0,0.051553459100000004,0.0,0.051553459100000004,0.051553459100000004,
,mock_campaign_6b5afb99,,,0.0,0.046219639799999983,0.0,0.046219639799999983,0.046219639799999983,
,mock_campaign_5dcabbd9,,,0.0,0.65251833190000008,87.848143999999991,88.500662331899989,88.500662331899989,
,mock_campaign_c7abcb25,,,0.0,0.0199136048,0.0,0.0199136048,0.0199136048,
,mock_campaign_c95b5395,,,0.0,0.101912,0.0,0.101912,0.101912,
,mock_campaign_e6535e2b,,,0.0,0.0,0.0,0.0,0.0,
,mock_campaign_a3bfa925,,,0.0,0.0056586638,0.0,0.0056586638,0.0056586638,
,mock_campaign_15f5ae79,,,0.0,0.0668937629,0.0,0.0668937629,0.0668937629,
,mock_campaign_df87094f,,,0.0,0.0,63.669522,63.669522,63.669522,
,,,,0.0,0.0,50.9934182647,50.9934182647,50.9934182647,
,,,,0.0,0.0,45.800758549800008,45.800758549800008,45.800758549800008,
,,,,0.0,0.31201632700000009,0.0,0.31201632700000009,0.31201632700000009,
,,,,0.0,15.435404256702906,0.0,15.435404256702906,15.435404256702906,
660741874,mock_campaign_7e7497dd,googleadwords_int,2026-07-08,0.0,0.0,0.0,0.0,0.0,
464541057,mock_campaign_d8ff83e7,googleadwords_int,2026-07-17,3.8513218426000004,2.2244051982,0.0,2.2244051982,-1.6269166444000005,0.57756928377045724
464541057,mock_campaign_d8ff83e7,googleadwords_int,2026-07-05,3.1210675913000014,1.7679413501999999,0.0,1.7679413501999999,-1.3531262411000016,0.56645404128002519
432166127,mock_campaign_f8b84857,googleadwords_int,2026-07-26,5.7283031613999995,4.0748201083000017,0.0,4.0748201083000017,-1.6534830530999978,0.71134854310052165
502057685,mock_campaign_befecb98,googleadwords_int,2026-06-29,2.9895630932000015,1.4978643589999983,0.0,1.4978643589999983,-1.4916987342000032,0.5010311916169321
369626124,mock_campaign_617ec63b,googleadwords_int,2026-07-01,0.79085862729999989,1.1803919182999998,0.0,1.1803919182999998,0.38953329099999989,1.492544783041529
972671114,mock_campaign_9911559c,googleadwords_int,2026-06-28,0.0013816625999999999,0.0,0.0,0.0,-0.0013816625999999999,0.0
585166272,mock_campaign_60587c25,googleadwords_int,2026-06-29,0.39303587995288436,0.4129767237,0.0,0.4129767237,0.019940843747115633,1.050735428402888
590094865,mock_campaign_23f341fc,googleadwords_int,2026-06-30,0.56115274469999987,0.51408871449999993,0.0,0.51408871449999993,-0.04706403019999994,0.91612973358054051
792104306,mock_campaign_6fcee95d,googleadwords_int,2026-06-20,21.892155033500021,7.4828911477999913,0.0,7.4828911477999913,-14.40926388570003,0.34180696858529691
788967442,mock_campaign_475f8981,googleadwords_int,2026-07-26,0.0620820552,0.0,0.0,0.0,-0.0620820552,0.0
148918961,mock_campaign_993fe179,googleadwords_int,2026-06-11,17.799764801499997,3.4890796144000049,31.3286035869,34.817683201300007,17.01791839980001,1.9560754644559066
148918961,mock_campaign_993fe179,googleadwords_int,2026-07-05,23.444725554099993,2.8135113359000021,0.0,2.8135113359000021,-20.63121421819999,0.12000615359764695
,mock_campaign_5dcabbd9,,,0.0,0.5732116874,0.0,0.5732116874,0.5732116874,
,mock_campaign_b0c8a1e0,,,0.0,9.04469e-05,5.7868882045,5.7869786514,5.7869786514,
,mock_campaign_a3bfa925,,,0.0,0.0055631213,0.0,0.0055631213,0.0055631213,
,mock_campaign_5dcabbd9,,,0.0,0.6025432349,63.669522,64.2720652349,64.2720652349,
,mock_campaign_5dcabbd9,,,0.0,0.9246131807000012,0.0,0.9246131807000012,0.9246131807000012,
,mock_campaign_a35fcde2,,,0.0,0.0326513309,0.0,0.0326513309,0.0326513309,
,mock_campaign_46e33ad3,,,0.0,0.0001515941,0.0,0.0001515941,0.0001515941,
,mock_campaign_b0c8a1e0,,,0.0,0.027704777200000006,41.2993717526,41.3270765298,41.3270765298,
,mock_campaign_970b80f7,,,0.0,1.4048288941999987,113.40840227080001,114.813231165,114.813231165,
,mock_campaign_10287894,,,0.0,0.16613312069999997,41.6504445797,41.8165777004,41.8165777004,
,mock_campaign_759b1811,,,0.0,0.0,0.0,0.0,0.0,
,mock_campaign_6b5afb99,,,0.0,0.0139963393,0.0,0.0139963393,0.0139963393,
,mock_campaign_970b80f7,,,0.0,1.0087071413999904,40.6019930322,41.610700173599987,41.610700173599987,
,mock_campaign_96cf8fb0,,,0.0,0.0005235729,0.0,0.0005235729,0.0005235729,
,mock_campaign_cb530cbb,,,0.0,2.29302e-05,0.0,2.29302e-05,2.29302e-05,
,,,,0.0,0.0,284.93501302070007,284.93501302070007,284.93501302070007,
,,,,0.0,0.0,40.552981003599996,40.552981003599996,40.552981003599996,
,,,,0.0,0.0,237.711740023,237.711740023,237.711740023,
,,,,0.0,0.71856367740000016,0.0,0.71856367740000016,0.71856367740000016,
660741874,mock_campaign_7e7497dd,googleadwords_int,2026-07-17,0.015278844899999998,0.0,0.0,0.0,-0.015278844899999998,0.0
660741874,mock_campaign_7e7497dd,googleadwords_int,2026-07-22,0.23744010110000002,0.063895002299999948,0.0,0.063895002299999948,-0.17354509880000007,0.26909945710093003
660741874,mock_campaign_7e7497dd,googleadwords_int,2026-07-02,0.0082484769,0.0,0.0,0.0,-0.0082484769,0.0
739276167,mock_campaign_1fbdf2e3,googleadwords_int,2026-06-17,46.145756891504085,34.053875691500039,38.204261,72.258136691500042,26.112379799995956,1.5658674070812244
998337322,mock_campaign_fe944d1c,googleadwords_int,2026-06-21,21.225047970700004,21.518541727900029,103.3813850506,124.89992677850003,103.67487880780003,5.88455333297326
161694703,mock_campaign_2c0c0430,googleadwords_int,2026-07-03,45.349703685900039,22.115790634399833,200.7090189552,222.82480958959985,177.47510590369981,4.9134788428370637
464541057,mock_campaign_d8ff83e7,googleadwords_int,2026-07-03,2.9385408483999997,4.4746743881000013,0.0,4.4746743881000013,1.5361335397000015,1.52275384925699
434877610,mock_campaign_0dfbbe6f,googleadwords_int,2026-07-11,1.0206955156000002,0.79501805980000007,0.0,0.79501805980000007,-0.22567745580000009,0.7788983567079365
974591165,mock_campaign_674dbd59,googleadwords_int,2026-07-04,0.49232186169999992,0.34809827059999976,0.0,0.34809827059999976,-0.14422359110000016,0.70705426201876875
972671114,mock_campaign_9911559c,googleadwords_int,2026-07-17,0.2508531319,0.25221691320000006,0.0,0.25221691320000006,0.0013637813000000332,1.0054365727454568
529859974,mock_campaign_d2ea5396,googleadwords_int,2026-06-23,2.7450771637999991,3.9155698693000027,0.0,3.9155698693000027,1.1704927055000036,1.4263970138747195
525989111,mock_campaign_c82cc8f4,googleadwords_int,2026-06-23,0.3921252848000002,0.060441459400000029,0.0,0.060441459400000029,-0.33168382540000019,0.15413813325204884
585166272,mock_campaign_60587c25,googleadwords_int,2026-06-02,3.4928158568548278,3.1244346567000019,0.0,3.1244346567000019,-0.36838120015482589,0.89453174308291716
848321939,mock_campaign_c41abc99,googleadwords_int,2026-07-24,0.001082221,0.0,0.0,0.0,-0.001082221,0.0
161332031,mock_campaign_12520749,googleadwords_int,2026-06-20,0.99160980910000129,0.43000112329999962,0.0,0.43000112329999962,-0.56160868580000167,0.43363944099168861
243641668,mock_campaign_1e8723bd,googleadwords_int,2026-07-16,8.9903495487180347,8.3930328244999846,0.0,8.3930328244999846,-0.59731672421805015,0.9335602335614166
,mock_campaign_e6535e2b,,,0.0,0.0008267611,0.0,0.0008267611,0.0008267611,
,mock_campaign_337b8797,,,0.0,0.010402667400000001,0.0,0.010402667400000001,0.010402667400000001,
,mock_campaign_e4bf86e4,,,0.0,0.0021439737,0.0,0.0021439737,0.0021439737,
,mock_campaign_0365d47f,,,0.0,0.0072268347,0.0,0.0072268347,0.0072268347,
,mock_campaign_6b5afb99,,,0.0,0.0158422204,0.0,0.0158422204,0.0158422204,
,mock_campaign_b0c8a1e0,,,0.0,0.080933414799999978,41.4869981141,41.5679315289,41.5679315289,
,mock_campaign_5dcabbd9,,,0.0,0.12887154569999998,76.408522,76.5373935457,76.5373935457,
,mock_campaign_970b80f7,,,0.0,1.712663007499996,150.0115900816,151.7242530891,151.7242530891,
,mock_campaign_fb57024c,,,0.0,0.0001095554,0.0,0.0001095554,0.0001095554,
,mock_campaign_b8b1eac5,,,0.0,0.039541856,19.178870236,19.218412092,19.218412092,
,mock_campaign_df87094f,,,0.0,0.5195957842,0.0,0.5195957842,0.5195957842,
,mock_campaign_6b5afb99,,,0.0,0.18302758249999987,7.4701496,7.6531771825,7.6531771825,
,mock_campaign_0365d47f,,,0.0,0.0099376939,0.0,0.0099376939,0.0099376939,
,mock_campaign_df87094f,,,0.0,0.5276213542,38.204261,38.7318823542,38.7318823542,
,mock_campaign_f81bdda1,,,0.0,2.5478e-06,0.0,2.5478e-06,2.5478e-06,
,mock_campaign_541ebe5c,,,0.0,0.007528749,0.0,0.007528749,0.007528749,
,,,,0.0,0.0,50.854512208700008,50.854512208700008,50.854512208700008,
,mock_campaign_d1c03fd5,,,0.0,0.0,27.131579525499998,27.131579525499998,27.131579525499998,
,,,,0.0,0.0,173.9218586771,173.9218586771,173.9218586771,
,,,,0.0,13.264026419900018,0.0,13.264026419900018,13.264026419900018,
660741874,mock_campaign_7e7497dd,googleadwords_int,2026-07-14,0.12519018610000002,0.0902125024,0.0,0.0902125024,-0.034977683700000012,0.72060362884946616
998337322,mock_campaign_fe944d1c,googleadwords_int,2026-07-13,5.2964091028,3.7649834242000044,0.0,3.7649834242000044,-1.5314256785999958,0.71085585556629449
998337322,mock_campaign_fe944d1c,googleadwords_int,2026-07-09,23.018968420900013,17.452952299000088,145.0339417565,162.4868940555001,139.46792563460008,7.0588260552966631
998337322,mock_campaign_fe944d1c,googleadwords_int,2026-06-18,30.6879778166,37.535054578100365,276.68233467650003,314.21738925460039,283.52941143800041,10.239103766707993
180761354,mock_campaign_07fb7039,googleadwords_int,2026-07-15,0.66788414630000015,0.41820226149999973,0.0,0.41820226149999973,-0.24968188480000042,0.62615988688575885
161694703,mock_campaign_2c0c0430,googleadwords_int,2026-07-09,46.083772562800036,26.757352291999403,130.32224136370002,157.07959365569943,110.99582109289939,3.4085662896118443
510225620,mock_campaign_10287894,googleadwords_int,2026-06-22,1.7851023833000013,0.569133933499999,0.0,0.569133933499999,-1.2159684498000023,0.31882425278480586
502057685,mock_campaign_befecb98,googleadwords_int,2026-07-16,1.4506863299000003,0.99003431520000051,0.0,0.99003431520000051,-0.46065201469999983,0.68245925724566947
369626124,mock_campaign_617ec63b,googleadwords_int,2026-07-03,0.5446387032,1.0336539250999992,0.0,1.0336539250999992,0.48901522189999924,1.8978708619619071
369626124,mock_campaign_617ec63b,googleadwords_int,2026-07-12,0.0414946315,0.336806421,0.0,0.336806421,0.29531178950000003,8.1168673831938971
369804654,mock_campaign_92e554bf,googleadwords_int,2026-07-20,0.4386420727,0.29039951789999996,0.0,0.29039951789999996,-0.14824255480000004,0.66204209758650445
989105150,mock_campaign_58ab9c06,googleadwords_int,2026-07-04,0.0201179188,0.0378564863,0.0,0.0378564863,0.0177385675,1.881729749301901
516932962,mock_campaign_60e17b09,googleadwords_int,2026-07-01,0.0,0.0,0.0,0.0,0.0,
525989111,mock_campaign_c82cc8f4,googleadwords_int,2026-07-17,0.1538096425,0.12584858099999996,0.0,0.12584858099999996,-0.027961061500000051,0.81820995715531908
585166272,mock_campaign_60587c25,googleadwords_int,2026-06-08,3.8353333153972793,3.468323961699999,0.0,3.468323961699999,-0.36700935369728027,0.90430835509813734
590094865,mock_campaign_23f341fc,googleadwords_int,2026-07-22,0.0082159289,0.0,0.0,0.0,-0.0082159289,0.0
810543724,mock_campaign_c492b014,googleadwords_int,2026-07-15,0.98568688679999994,0.8522683997,0.0,0.8522683997,-0.13341848709999993,0.86464414928645483
810543724,mock_campaign_c492b014,googleadwords_int,2026-07-11,1.2013784143,0.42659726249999996,0.0,0.42659726249999996,-0.7747811518,0.35508983466176464
810543724,mock_campaign_c492b014,googleadwords_int,2026-07-22,2.2434075165,3.536908189900001,0.0,3.536908189900001,1.293500673400001,1.5765785591277799
792104306,mock_campaign_6fcee95d,googleadwords_int,2026-07-01,37.267084884299976,17.786645308399851,0.0,17.786645308399851,-19.480439575900125,0.47727492943493094
742036733,mock_campaign_e0586969,googleadwords_int,2026-07-07,0.0011395574733855994,0.0,0.0,0.0,-0.0011395574733855994,0.0
788967442,mock_campaign_475f8981,googleadwords_int,2026-07-15,0.0011261608,0.0010344068000000001,0.0,0.0010344068000000001,-9.1753999999999881e-05,0.91852495664917488
848321939,mock_campaign_c41abc99,googleadwords_int,2026-06-22,0.0,0.0,0.0,0.0,0.0,
158774250,mock_campaign_09b16686,googleadwords_int,2026-06-23,0.0,0.0,0.0,0.0,0.0,
261307969,mock_campaign_b4ba1e63,googleadwords_int,2026-06-22,95.590106468300007,41.661805219899669,0.0,41.661805219899669,-53.928301248400338,0.43583804599815706
258346999,mock_campaign_8ba2a925,googleadwords_int,2026-07-19,0.042082936599999995,0.0,0.0,0.0,-0.042082936599999995,0.0
,mock_campaign_cc915a95,,,0.0,0.0002012762,0.0,0.0002012762,0.0002012762,
,mock_campaign_541ebe5c,,,0.0,0.0038777516000000002,0.0,0.0038777516000000002,0.0038777516000000002,
,mock_campaign_13ddbb14,,,0.0,0.0053198064,0.0,0.0053198064,0.0053198064,
,mock_campaign_2254e49d,,,0.0,0.0093529737999999991,0.0,0.0093529737999999991,0.0093529737999999991,
,mock_campaign_d1c03fd5,,,0.0,0.11411214030000001,0.0,0.11411214030000001,0.11411214030000001,
,mock_campaign_541ebe5c,,,0.0,0.00027643629999999996,0.0,0.00027643629999999996,0.00027643629999999996,
,mock_campaign_90337527,,,0.0,0.049592926999999995,0.0,0.049592926999999995,0.049592926999999995,
,mock_campaign_541ebe5c,,,0.0,0.0053299976,0.0,0.0053299976,0.0053299976,
,mock_campaign_cb530cbb,,,0.0,3.56692e-05,0.0,3.56692e-05,3.56692e-05,
,mock_campaign_759b1811,,,0.0,8.9173e-06,0.0,8.9173e-06,8.9173e-06,
,mock_campaign_d1e62852,,,0.0,0.0066064454,0.0,0.0066064454,0.0066064454,
,mock_campaign_cb530cbb,,,0.0,1.52868e-05,0.0,1.52868e-05,1.52868e-05,
,mock_campaign_c13d8f45,,,0.0,0.22074521369999997,20.3491397449,20.5698849586,20.5698849586,
,mock_campaign_f81bdda1,,,0.0,0.0340424297,0.0,0.0340424297,0.0340424297,
,mock_campaign_f81bdda1,,,0.0,1.2739e-06,0.0,1.2739e-06,1.2739e-06,
,mock_campaign_13d78e8d,,,0.0,0.0058140796000000008,0.0,0.0058140796000000008,0.0058140796000000008,
,mock_campaign_df87094f,,,0.0,0.2949422453,59.847822,60.1427642453,60.1427642453,
,mock_campaign_b4ba1e63,,,0.0,0.1067617373,0.0,0.1067617373,0.1067617373,
,mock_campaign_fb57024c,,,0.0,0.0,38.204261,38.204261,38.204261,
,mock_campaign_df87094f,,,0.0,0.0,47.096083,47.096083,47.096083,
739276167,mock_campaign_1fbdf2e3,googleadwords_int,2026-07-14,74.635741196129118,77.724618663600012,0.0,77.724618663600012,3.0888774674708941,1.0413860359389195
140410898,mock_campaign_a2e93e84,googleadwords_int,2026-06-12,48.723383628500017,32.74867469459987,164.25666600000002,197.00534069459991,148.28195706609989,4.0433427652870266
998337322,mock_campaign_fe944d1c,googleadwords_int,2026-06-16,57.818162232699883,42.227163313799672,94.4892866143,136.71644992809968,78.8982876953998,2.3645934884242612
510225620,mock_campaign_10287894,googleadwords_int,2026-06-29,12.01796656100001,4.2418003725000233,0.0,4.2418003725000233,-7.7761661884999871,0.35295491553997671
464541057,mock_campaign_d8ff83e7,googleadwords_int,2026-07-13,0.1769992788,0.0,0.0,0.0,-0.1769992788,0.0
280939212,mock_campaign_45884f7b,googleadwords_int,2026-07-01,0.30516272470000005,0.0104816492,0.0,0.0104816492,-0.29468107550000006,0.034347737621966509
369804654,mock_campaign_92e554bf,googleadwords_int,2026-07-26,0.86224778309999994,1.3019805777000002,0.0,1.3019805777000002,0.43973279460000025,1.5099842565196853
529859974,mock_campaign_d2ea5396,googleadwords_int,2026-07-16,2.8104530765999991,1.7346849168000016,0.0,1.7346849168000016,-1.0757681597999975,0.61722607334849044
585166272,mock_campaign_60587c25,googleadwords_int,2026-06-18,0.24867935470924202,0.69723349579999994,0.0,0.69723349579999994,0.44855414109075792,2.8037449936896097
585166272,mock_campaign_60587c25,googleadwords_int,2026-06-22,0.82881771244534963,0.96502638429999965,0.0,0.96502638429999965,0.13620867185465002,1.1643409278172627
611748075,mock_campaign_628993e1,googleadwords_int,2026-06-22,0.3507868837,0.6581922825000005,0.0,0.6581922825000005,0.30740539880000051,1.8763309379118627
243641668,mock_campaign_1e8723bd,googleadwords_int,2026-06-26,7.9409628769330221,10.936490099399965,0.0,10.936490099399965,2.9955272224669427,1.3772246853298327
261307969,mock_campaign_b4ba1e63,googleadwords_int,2026-06-15,50.014184418000006,30.083702646500047,27.401655242800004,57.485357889300047,7.4711734713000411,1.1493810917490674
,mock_campaign_c9d56aa3,,,0.0,0.0,0.0,0.0,0.0,
,mock_campaign_9772a6c4,,,0.0,0.0819474392,0.0,0.0819474392,0.0819474392,
,mock_campaign_c7abcb25,,,0.0,0.058064361999999987,0.0,0.058064361999999987,0.058064361999999987,
,mock_campaign_f81bdda1,,,0.0,0.024870349700000006,0.0,0.024870349700000006,0.024870349700000006,
,mock_campaign_e6535e2b,,,0.0,0.10997069139999971,0.0,0.10997069139999971,0.10997069139999971,
,mock_campaign_b7e37028,,,0.0,0.2835867007,0.0,0.2835867007,0.2835867007,
,mock_campaign_c95b5395,,,0.0,0.014925012400000002,0.0,0.014925012400000002,0.014925012400000002,
,mock_campaign_a544a26e,,,0.0,0.028712432100000004,0.0,0.028712432100000004,0.028712432100000004,
,mock_campaign_f42ebe24,,,0.0,0.22461914360000002,0.0,0.22461914360000002,0.22461914360000002,
,mock_campaign_970b80f7,,,0.0,0.78224976010000957,108.33250440820001,109.11475416830002,109.11475416830002,
,mock_campaign_cb530cbb,,,0.0,0.018460084900000003,0.0,0.018460084900000003,0.018460084900000003,
,mock_campaign_541ebe5c,,,0.0,3.5669200000000007e-05,0.0,3.5669200000000007e-05,3.5669200000000007e-05,
,mock_campaign_ce3403c4,,,0.0,0.3995982259,0.0,0.3995982259,0.3995982259,
,mock_campaign_df87094f,,,0.0,1.9690595865999996,75.121883,77.0909425866,77.0909425866,
,mock_campaign_5dcabbd9,,,0.0,0.89001533059999993,0.0,0.89001533059999993,0.89001533059999993,
,,,,0.0,13.768178714400104,0.0,13.768178714400104,13.768178714400104,
,,,,0.0,0.0,43.287122,43.287122,43.287122,
,,,,0.0,0.0,31.8679282604,31.8679282604,31.8679282604,
,,,,0.0,0.0,245.66329388520003,245.66329388520003,245.66329388520003,
,,,,0.0,15.153065977999971,0.0,15.153065977999971,15.153065977999971,
232552584,mock_campaign_a5da28b5,googleadwords_int,2026-07-11,21.77362146227982,13.460362435699995,0.0,13.460362435699995,-8.313259026579825,0.61819585037879221
660741874,mock_campaign_7e7497dd,googleadwords_int,2026-06-19,0.5217127057,0.74602513970000017,0.0,0.74602513970000017,0.22431243400000023,1.4299539412194926
654635500,mock_campaign_67ff1f36,googleadwords_int,2026-06-18,0.00079823969999999987,0.009429407800000001,0.0,0.009429407800000001,0.0086311681000000012,11.812752234698428
739276167,mock_campaign_1fbdf2e3,googleadwords_int,2026-07-25,54.6101248884943,61.352853320399973,38.204261,99.557114320399975,44.946989431905678,1.8230523098725868
739276167,mock_campaign_1fbdf2e3,googleadwords_int,2026-07-04,47.184984571515677,36.892542730699837,38.204261,75.096803730699833,27.911819159184155,1.5915402836866408
140410898,mock_campaign_a2e93e84,googleadwords_int,2026-06-03,102.67816823940009,73.225656098099549,100.561666,173.78732209809954,71.109153858699443,1.6925440439578581
140410898,mock_campaign_a2e93e84,googleadwords_int,2026-07-06,31.161504835700004,20.913330946401004,66.204583,87.117913946401,55.956409110701,2.7956902083430468
434877610,mock_campaign_0dfbbe6f,googleadwords_int,2026-07-08,0.3777179126,0.30990420079999986,0.0,0.30990420079999986,-0.06781371180000012,0.82046466546103614
369626124,mock_campaign_617ec63b,googleadwords_int,2026-06-19,0.28800097799999996,0.26223741059999994,0.0,0.26223741059999994,-0.02576356740000002,0.91054347252945778
351751429,mock_campaign_b7e37028,googleadwords_int,2026-06-21,14.74093008299516,5.5269578268,37.776256078,43.3032139048,28.562283821804844,2.9376174814609373
262368493,mock_campaign_c13d8f45,googleadwords_int,2026-06-22,178.43696383129998,59.000058110697715,95.9814451752,154.9815032858977,-23.455460545402275,0.86855043909188112
369804654,mock_campaign_92e554bf,googleadwords_int,2026-07-09,0.4961560161,1.0648542838999997,0.0,1.0648542838999997,0.56869826779999966,2.1462085500246739
974591165,mock_campaign_674dbd59,googleadwords_int,2026-06-27,1.8256962489000002,0.7306606318000004,0.0,0.7306606318000004,-1.0950356170999997,0.40020930767658125
624225880,mock_campaign_ae3dba5e,googleadwords_int,2026-06-08,0.32210070389999995,0.2095909453,0.0,0.2095909453,-0.11250975859999995,0.65070005362381955
590094865,mock_campaign_23f341fc,googleadwords_int,2026-07-02,0.0253532646,0.0054879612000000005,0.0,0.0054879612000000005,-0.0198653034,0.21645974538521562
611892113,mock_campaign_9bfd19ea,googleadwords_int,2026-07-07,2.7607661135000017,1.187152505599999,7.1154028453,8.3025553508999987,5.5417892373999971,3.00733745980905
571438578,mock_campaign_756e1c81,googleadwords_int,2026-07-21,0.1711170415,0.026221957600000005,0.0,0.026221957600000005,-0.1448950839,0.15323989574702881
571438578,mock_campaign_756e1c81,googleadwords_int,2026-07-25,0.13888963930000009,0.046311360600000011,0.0,0.046311360600000011,-0.092578278700000072,0.33343999475704578
792104306,mock_campaign_6fcee95d,googleadwords_int,2026-06-17,14.320455207099991,4.759922254400033,38.204261,42.964183254400034,28.643728047300044,3.0001967558334783
810543724,mock_campaign_c492b014,googleadwords_int,2026-07-18,0.69302178040000006,0.20316029810000003,0.0,0.20316029810000003,-0.48986148230000004,0.29315138982030181
810543724,mock_campaign_c492b014,googleadwords_int,2026-07-01,0.8014757849,0.8608914288,0.0,0.8608914288,0.059415643899999981,1.0741327997918406
161332031,mock_campaign_12520749,googleadwords_int,2026-07-08,0.25636106719999996,0.0610593009,0.0,0.0610593009,-0.19530176629999996,0.23817696488353521
,mock_campaign_ce3403c4,,,0.0,0.69767044350000007,72.586822000000012,73.284492443500014,73.284492443500014,
,mock_campaign_a544a26e,,,0.0,0.010503305499999999,0.0,0.010503305499999999,0.010503305499999999,
,mock_campaign_ce3403c4,,,0.0,2.1732530175999996,64.930682999999988,67.103936017599992,67.103936017599992,
,mock_campaign_f42ebe24,,,0.0,0.1080050637,0.0,0.1080050637,0.1080050637,
,mock_campaign_ce3403c4,,,0.0,0.36336086650000005,0.0,0.36336086650000005,0.36336086650000005,
,mock_campaign_0365d47f,,,0.0,0.018421867900000003,0.0,0.018421867900000003,0.018421867900000003,
,mock_campaign_759b1811,,,0.0,0.0022586246999999997,0.0,0.0022586246999999997,0.0022586246999999997,
,mock_campaign_6b5afb99,,,0.0,0.0071516745999999996,0.0,0.0071516745999999996,0.0071516745999999996,
,mock_campaign_5dcabbd9,,,0.0,0.5309156596,76.408522,76.9394376596,76.9394376596,
,,,,0.0,0.0,85.308745370499992,85.308745370499992,85.308745370499992,
,,,,0.0,0.30529905229999993,0.0,0.30529905229999993,0.30529905229999993,
,,,,0.0,17.376317022800048,0.0,17.376317022800048,17.376317022800048,
232552584,mock_campaign_a5da28b5,googleadwords_int,2026-06-23,2.6350485759827764,3.3959931936,0.0,3.3959931936,0.76094461761722343,1.2887782124978167
660741874,mock_campaign_7e7497dd,googleadwords_int,2026-07-20,0.4628472066,0.2025309915,0.0,0.2025309915,-0.2603162151,0.43757635049319971
660741874,mock_campaign_7e7497dd,googleadwords_int,2026-06-25,0.1935051833,0.25763735769999996,0.0,0.25763735769999996,0.064132174399999964,1.3314235479706655
739276167,mock_campaign_1fbdf2e3,googleadwords_int,2026-07-15,82.861118770261953,68.6587577194997,0.0,68.6587577194997,-14.202361050762249,0.82860041885097813
739276167,mock_campaign_1fbdf2e3,googleadwords_int,2026-07-12,11.350129770699073,8.5098456328000243,0.0,8.5098456328000243,-2.8402841378990491,0.74975756266405125
432166127,mock_campaign_f8b84857,googleadwords_int,2026-07-16,4.0641743708000018,3.362614465800001,0.0,3.362614465800001,-0.70155990500000076,0.82737947711089377
434877610,mock_campaign_0dfbbe6f,googleadwords_int,2026-06-23,0.1877035023,0.69232898079999994,0.0,0.69232898079999994,0.5046254785,3.6884180226614767
434877610,mock_campaign_0dfbbe6f,googleadwords_int,2026-06-29,0.31146727230000004,0.2824465602,0.0,0.2824465602,-0.029020712100000068,0.90682580585209027
989105150,mock_campaign_58ab9c06,googleadwords_int,2026-07-23,0.0,0.0003210228,0.0,0.0003210228,0.0003210228,
989105150,mock_campaign_58ab9c06,googleadwords_int,2026-07-02,0.0,0.0,0.0,0.0,0.0,
516932962,mock_campaign_60e17b09,googleadwords_int,2026-07-26,0.0,0.0,0.0,0.0,0.0,
585166272,mock_campaign_60587c25,googleadwords_int,2026-06-01,3.6682047479499174,3.6390354790000008,0.0,3.6390354790000008,-0.02916926894991656,0.9920480804769094
585166272,mock_campaign_60587c25,googleadwords_int,2026-06-13,2.8716330426726344,3.3377186381,0.0,3.3377186381,0.46608559542736572,1.1623068088788875
571438578,mock_campaign_756e1c81,googleadwords_int,2026-06-27,5.4103710426000067,1.5643670346000016,0.0,1.5643670346000016,-3.8460040080000049,0.28914228290121663
611748075,mock_campaign_628993e1,googleadwords_int,2026-06-28,0.36044224789999996,1.1471010896000005,0.0,1.1471010896000005,0.78665884170000044,3.1824823429639935
571438578,mock_campaign_756e1c81,googleadwords_int,2026-07-02,0.12530329040000002,0.083948736099999963,0.0,0.083948736099999963,-0.041354554300000054,0.66996433878164108
590094865,mock_campaign_23f341fc,googleadwords_int,2026-07-18,0.0,0.0,0.0,0.0,0.0,
571438578,mock_campaign_756e1c81,googleadwords_int,2026-07-20,0.090462283800000015,0.0212703083,0.0,0.0212703083,-0.069191975500000016,0.23512902180344905
611892113,mock_campaign_9bfd19ea,googleadwords_int,2026-07-24,2.7252472948000013,1.2708349965999999,0.0,1.2708349965999999,-1.4544122982000014,0.466319147999838
788967442,mock_campaign_475f8981,googleadwords_int,2026-06-07,0.183155733,0.0738314223,0.0,0.0738314223,-0.10932431069999998,0.403107350726499
,mock_campaign_b8b1eac5,,,0.0,0.0744823852,41.827468271499995,41.901950656699995,41.901950656699995,
,mock_campaign_1be3ce39,,,0.0,0.0029592697000000003,0.0,0.0029592697000000003,0.0029592697000000003,
,mock_campaign_9772a6c4,,,0.0,0.010611586999999995,0.0,0.010611586999999995,0.010611586999999995,
,mock_campaign_708ecf59,,,0.0,0.0083937271,0.0,0.0083937271,0.0083937271,
,mock_campaign_d1c03fd5,,,0.0,0.083916888600000017,22.1080402268,22.1919571154,22.1919571154,
,mock_campaign_5dcabbd9,,,0.0,3.8217e-06,59.847822,59.8478258217,59.8478258217,
,mock_campaign_cb530cbb,,,0.0,6.3695000000000006e-06,0.0,6.3695000000000006e-06,6.3695000000000006e-06,
,mock_campaign_970b80f7,,,0.0,0.91477485099999944,46.8170555874,47.731830438399996,47.731830438399996,
,mock_campaign_a999e2ed,,,0.0,0.022897078600000002,0.0,0.022897078600000002,0.022897078600000002,
,mock_campaign_5dcabbd9,,,0.0,6.1258628033000049,0.0,6.1258628033000049,6.1258628033000049,
,mock_campaign_6b5afb99,,,0.0,0.02197222720000001,0.0,0.02197222720000001,0.02197222720000001,
,mock_campaign_4d36fd16,,,0.0,0.0024522575,0.0,0.0024522575,0.0024522575,
,mock_campaign_fb57024c,,,0.0,0.19177290600000002,0.0,0.19177290600000002,0.19177290600000002,
,,,,0.0,0.0,66.204583,66.204583,66.204583,
,,,,0.0,0.0,369.31890571729997,369.31890571729997,369.31890571729997,
,,,,0.0,20.42797759420003,0.0,20.42797759420003,20.42797759420003,
,,,,0.0,19.591654600799835,0.0,19.591654600799835,19.591654600799835,
232552584,mock_campaign_a5da28b5,googleadwords_int,2026-06-20,1.0260315462624705,0.52484043050000007,0.0,0.52484043050000007,-0.50119111576247044,0.51152465283532322
232552584,mock_campaign_a5da28b5,googleadwords_int,2026-06-28,13.029922220832972,8.4611571748000038,44.7880768404,53.2492340152,40.21931179436703,4.0866885552134864
654635500,mock_campaign_67ff1f36,googleadwords_int,2026-07-08,2.2050391204,0.9407203722999995,0.0,0.9407203722999995,-1.2643187481000004,0.42662298532343063
739276167,mock_campaign_1fbdf2e3,googleadwords_int,2026-07-13,18.217845406884919,24.619741722499992,0.0,24.619741722499992,6.4018963156150726,1.3514079833609554
464541057,mock_campaign_d8ff83e7,googleadwords_int,2026-07-16,3.1858202099,3.3337338788999982,0.0,3.3337338788999982,0.14791366899999803,1.0464287559418304
434877610,mock_campaign_0dfbbe6f,googleadwords_int,2026-07-10,1.2425011849,0.63214484920000136,0.0,0.63214484920000136,-0.6103563356999987,0.50876800511934972
265069104,mock_campaign_b8b1eac5,googleadwords_int,2026-06-03,22.961663328220379,4.5853903110000225,0.0,4.5853903110000225,-18.376273017220356,0.19969765454075267
369804654,mock_campaign_92e554bf,googleadwords_int,2026-06-30,0.36937586019999996,0.93207186519999985,0.0,0.93207186519999985,0.56269600499999983,2.5233697315664485
280939212,mock_campaign_45884f7b,googleadwords_int,2026-07-03,0.63224652740000009,0.0022331467,0.0,0.0022331467,-0.63001338070000013,0.0035320821913936216
280939212,mock_campaign_45884f7b,googleadwords_int,2026-07-05,0.9328452088000001,0.56991228639999991,0.0,0.56991228639999991,-0.36293292240000019,0.6109398226240853
369804654,mock_campaign_92e554bf,googleadwords_int,2026-07-15,0.6812825305,1.3229617106999998,0.0,1.3229617106999998,0.64167918019999981,1.9418694175661089
972671114,mock_campaign_9911559c,googleadwords_int,2026-07-14,0.2921003986,0.11250447850000002,0.0,0.11250447850000002,-0.17959592009999997,0.38515688112450258
972671114,mock_campaign_9911559c,googleadwords_int,2026-06-24,1.7901399999999998e-05,0.0,0.0,0.0,-1.7901399999999998e-05,0.0
529859974,mock_campaign_d2ea5396,googleadwords_int,2026-07-14,2.0989367089,2.1951755627000056,0.0,2.1951755627000056,0.096238853800005408,1.0458512414366423
525989111,mock_campaign_c82cc8f4,googleadwords_int,2026-06-30,1.4369706026999993,0.72197263379999954,0.0,0.72197263379999954,-0.71499796889999978,0.50242686415675264
525989111,mock_campaign_c82cc8f4,googleadwords_int,2026-07-19,0.166914281,0.1329926122,0.0,0.1329926122,-0.0339216688,0.7967719203127982
611892113,mock_campaign_9bfd19ea,googleadwords_int,2026-07-01,1.8094295721999982,1.7894562472999986,7.082820305,8.8722765522999989,7.0628469801000007,4.903355559461
742036733,mock_campaign_e0586969,googleadwords_int,2026-07-04,1.7902478396688952,0.3915675603,0.0,0.3915675603,-1.3986802793688953,0.2187225431158292
243641668,mock_campaign_1e8723bd,googleadwords_int,2026-06-04,11.794043418188393,12.47174342340006,40.1514579148,52.623201338200062,40.829157920011667,4.4618456514282681
261307969,mock_campaign_b4ba1e63,googleadwords_int,2026-06-14,48.951954399599977,27.240166761499971,0.0,27.240166761499971,-21.711787638100006,0.55646739942466061
261307969,mock_campaign_b4ba1e63,googleadwords_int,2026-06-20,82.850311519499925,30.709825770399952,45.551295808400006,76.261121578799958,-6.589189940699967,0.92046873669088
,mock_campaign_6b5afb99,,,0.0,0.022241020100000009,0.0,0.022241020100000009,0.022241020100000009,
,mock_campaign_a3bfa925,,,0.0,0.019400223100000006,0.0,0.019400223100000006,0.019400223100000006,
,mock_campaign_2c0c0430,,,0.0,0.673775901199996,73.7319077798,74.405683681,74.405683681,
,mock_campaign_e6535e2b,,,0.0,0.0,0.0,0.0,0.0,
,mock_campaign_b8b1eac5,,,0.0,0.0231034504,0.0,0.0231034504,0.0231034504,
,mock_campaign_ce3403c4,,,0.0,0.463368386,0.0,0.463368386,0.463368386,
,mock_campaign_b8b1eac5,,,0.0,0.056282175899999995,4.6921112835,4.7483934594,4.7483934594,
,mock_campaign_96cf8fb0,,,0.0,0.0089644343,0.0,0.0089644343,0.0089644343,
,mock_campaign_a3bfa925,,,0.0,0.0069720547,0.0,0.0069720547,0.0069720547,
,mock_campaign_483107f1,,,0.0,0.014471503999999998,0.0,0.014471503999999998,0.014471503999999998,
,mock_campaign_a3bfa925,,,0.0,0.030153213000000005,0.0,0.030153213000000005,0.030153213000000005,
,,,,0.0,0.0,150.8708356316,150.8708356316,150.8708356316,
,,,,0.0,0.0,92.3479065747,92.3479065747,92.3479065747,
,,,,0.0,3.1193288655000062,0.0,3.1193288655000062,3.1193288655000062,
,,,,0.0,20.1001763723002,0.0,20.1001763723002,20.1001763723002,
660741874,mock_campaign_7e7497dd,googleadwords_int,2026-06-28,0.1073603917,0.1558565694,0.0,0.1558565694,0.048496177700000004,1.451713867023829
161694703,mock_campaign_2c0c0430,googleadwords_int,2026-06-06,124.55632112329995,78.003254988898163,219.8057901579,297.80904514679816,173.25272402349822,2.390958904863552
161694703,mock_campaign_2c0c0430,googleadwords_int,2026-07-20,37.8766747489,16.193104689903752,82.1053989783,98.29850366820375,60.421828919303749,2.5952252757103103
514288304,mock_campaign_c95b5395,googleadwords_int,2026-06-09,2.5175593205,2.1110204547999945,0.0,2.1110204547999945,-0.40653886570000575,0.83851865479806642
590094865,mock_campaign_23f341fc,googleadwords_int,2026-06-27,0.1303718277,0.027744268099999997,0.0,0.027744268099999997,-0.1026275596,0.2128087685005278
611892113,mock_campaign_9bfd19ea,googleadwords_int,2026-06-29,1.5373038811999982,2.4361821559000019,0.0,2.4361821559000019,0.8988782747000037,1.5847108601575584
611748075,mock_campaign_628993e1,googleadwords_int,2026-07-06,0.1598562472,0.3506932049,0.0,0.3506932049,0.1908369577,2.1938035644064589
792104306,mock_campaign_6fcee95d,googleadwords_int,2026-06-14,18.368899129500008,8.7653886988999563,0.0,8.7653886988999563,-9.6035104306000516,0.47718639190646728
788967442,mock_campaign_475f8981,googleadwords_int,2026-06-26,0.24207575,0.054656679500000006,0.0,0.054656679500000006,-0.1874190705,0.22578337359277006
258346999,mock_campaign_8ba2a925,googleadwords_int,2026-07-10,0.0221855305,0.0233824345,0.0,0.0233824345,0.0011969039999999986,1.0539497579289347
,mock_campaign_970b80f7,,,0.0,1.6887277004000014,59.260169382200004,60.948897082600006,60.948897082600006,
,mock_campaign_796ef0d2,,,0.0,0.032122662400000015,0.0,0.032122662400000015,0.032122662400000015,
,mock_campaign_970b80f7,,,0.0,1.523095222399989,46.818333309100005,48.341428531499993,48.341428531499993,
,mock_campaign_21ff68ff,,,0.0,0.077369042600000007,0.0,0.077369042600000007,0.077369042600000007,
,mock_campaign_b4ba1e63,,,0.0,0.56591988380000036,27.210363871000002,27.7762837548,27.7762837548,
,mock_campaign_b0c8a1e0,,,0.0,0.25065511179999994,41.6097804178,41.860435529600004,41.860435529600004,
,mock_campaign_796ef0d2,,,0.0,0.00522299,0.0,0.00522299,0.00522299,
,mock_campaign_d1c03fd5,,,0.0,0.36481183860000005,71.6765593028,72.0413711414,72.0413711414,
,mock_campaign_6b5afb99,,,0.0,0.0413189465,0.0,0.0413189465,0.0413189465,
,mock_campaign_796ef0d2,,,0.0,0.036917622000000004,0.0,0.036917622000000004,0.036917622000000004,
,mock_campaign_0365d47f,,,0.0,0.0061745933,0.0,0.0061745933,0.0061745933,
,mock_campaign_96cf8fb0,,,0.0,0.0085784426000000014,0.0,0.0085784426000000014,0.0085784426000000014,
,mock_campaign_5dcabbd9,,,0.0,1.3121208217,38.204261,39.5163818217,39.5163818217,
,mock_campaign_5dcabbd9,,,0.0,1.367213175,76.408522,77.775735175000008,77.775735175000008,
,mock_campaign_f81bdda1,,,0.0,0.043251452799999993,0.0,0.043251452799999993,0.043251452799999993,
,mock_campaign_34262d9c,,,0.0,0.21163555480000001,0.0,0.21163555480000001,0.21163555480000001,
,mock_campaign_2254e49d,,,0.0,2.16563e-05,0.0,2.16563e-05,2.16563e-05,
,mock_campaign_b0c8a1e0,,,0.0,0.017505933799999998,0.0,0.017505933799999998,0.017505933799999998,
,mock_campaign_5dcabbd9,,,0.0,0.0,43.287122,43.287122,43.287122,
140410898,mock_campaign_a2e93e84,googleadwords_int,2026-07-02,42.663778443599988,37.2944811108999,119.695644,156.9901251108999,114.3263466672999,3.6797051465667843
510225620,mock_campaign_10287894,googleadwords_int,2026-07-06,17.080017044600027,4.4378472130000031,0.0,4.4378472130000031,-12.642169831600023,0.2598268609107191
464541057,mock_campaign_d8ff83e7,googleadwords_int,2026-06-21,2.8213208537999996,2.0900100221,0.0,2.0900100221,-0.73131083169999966,0.74079132803523329
432166127,mock_campaign_f8b84857,googleadwords_int,2026-06-26,2.4372902566000003,2.7692751583999988,0.0,2.7692751583999988,0.33198490179999851,1.1362106548044526
432166127,mock_campaign_f8b84857,googleadwords_int,2026-07-23,5.9476661033000005,6.1706798792000024,0.0,6.1706798792000024,0.22301377590000193,1.0374960147437102
265069104,mock_campaign_b8b1eac5,googleadwords_int,2026-06-05,22.168002245259967,4.2792746888000055,0.0,4.2792746888000055,-17.888727556459962,0.19303835507843353
369626124,mock_campaign_617ec63b,googleadwords_int,2026-06-23,0.3895523654000001,0.406437795,0.0,0.406437795,0.01688542959999989,1.043345724733725
624225880,mock_campaign_ae3dba5e,googleadwords_int,2026-06-12,1.1063366269,0.0950265705,0.0,0.0950265705,-1.0113100564,0.0858929987396949
590094865,mock_campaign_23f341fc,googleadwords_int,2026-06-28,0.34138213910000004,0.5394202159999999,0.0,0.5394202159999999,0.19803807689999986,1.5801067314830703
792104306,mock_campaign_6fcee95d,googleadwords_int,2026-07-02,41.2904277891,20.838467665100072,168.84070597700003,189.6791736421001,148.3887458530001,4.5937807816118656
148918961,mock_campaign_993fe179,googleadwords_int,2026-06-21,27.135894149,4.4085487868999991,35.1848084423,39.5933572292,12.457463080200004,1.4590769337394058
148918961,mock_campaign_993fe179,googleadwords_int,2026-06-22,17.795724781000011,3.2715204246000003,35.181658087600006,38.453178512200004,20.657453731199993,2.1608099127974474
,mock_campaign_055f8111,,,0.0,0.1261632343,0.0,0.1261632343,0.1261632343,
,mock_campaign_a3bfa925,,,0.0,0.008178438,0.0,0.008178438,0.008178438,
,mock_campaign_e6535e2b,,,0.0,0.0057593019,0.0,0.0057593019,0.0057593019,
,mock_campaign_5dcabbd9,,,0.0,1.4709099089,76.408522,77.8794319089,77.8794319089,
,mock_campaign_3016a669,,,0.0,1.2739e-06,0.0,1.2739e-06,1.2739e-06,
,mock_campaign_e6a4a79e,,,0.0,0.0743460779,0.0,0.0743460779,0.0743460779,
,mock_campaign_8c6e455c,,,0.0,0.031504820899999994,0.0,0.031504820899999994,0.031504820899999994,
,mock_campaign_fb57024c,,,0.0,0.30133977109999993,0.0,0.30133977109999993,0.30133977109999993,
,mock_campaign_b0c8a1e0,,,0.0,0.02089196,41.361727883700006,41.382619843700006,41.382619843700006,
,mock_campaign_f42ebe24,,,0.0,0.0687893261,0.0,0.0687893261,0.0687893261,
,mock_campaign_bf7e489c,,,0.0,0.0144192741,0.0,0.0144192741,0.0144192741,
,mock_campaign_ae804aae,,,0.0,0.0098676294000000012,0.0,0.0098676294000000012,0.0098676294000000012,
,mock_campaign_0365d47f,,,0.0,0.00058599400000000005,0.0,0.00058599400000000005,0.00058599400000000005,
,mock_campaign_8c2380d2,,,0.0,0.0147033538,0.0,0.0147033538,0.0147033538,
,mock_campaign_c95b5395,,,0.0,0.2992187276000004,0.0,0.2992187276000004,0.2992187276000004,
,mock_campaign_fb57024c,,,0.0,0.022681789500000007,21.643561,21.6662427895,21.6662427895,
,,,,0.0,5.2893538205000024,0.0,5.2893538205000024,5.2893538205000024,
,mock_campaign_df87094f,,,0.0,0.0,53.478322,53.478322,53.478322,
,,,,0.0,1.7619476506999974,0.0,1.7619476506999974,1.7619476506999974,
502057685,mock_campaign_befecb98,googleadwords_int,2026-06-22,2.8226968205000005,2.3141985875000017,0.0,2.3141985875000017,-0.50849823299999874,0.81985375499522273
900383572,mock_campaign_45368c6d,googleadwords_int,2026-07-13,0.25540090120000003,0.43656425609999966,0.0,0.43656425609999966,0.18116335489999963,1.7093293486781149
585166272,mock_campaign_60587c25,googleadwords_int,2026-06-21,0.71887553498376844,1.1613063485000001,0.0,1.1613063485000001,0.4424308135162317,1.6154484218554208
590094865,mock_campaign_23f341fc,googleadwords_int,2026-07-09,0.008137,0.0017439691,0.0,0.0017439691,-0.0063930309,0.2143258080373602
611748075,mock_campaign_628993e1,googleadwords_int,2026-07-12,0.0022694092999999997,0.0,0.0,0.0,-0.0022694092999999997,0.0
611748075,mock_campaign_628993e1,googleadwords_int,2026-07-17,0.12768824510000001,0.039350771000000007,0.0,0.039350771000000007,-0.088337474100000007,0.30817849340150422
611748075,mock_campaign_628993e1,googleadwords_int,2026-07-21,0.2710499796,0.3828502626,0.0,0.3828502626,0.111800283,1.4124710991123794
810543724,mock_campaign_c492b014,googleadwords_int,2026-06-29,0.75823576689999994,1.0577153483,0.0,1.0577153483,0.2994795814,1.3949689456412795
848321939,mock_campaign_c41abc99,googleadwords_int,2026-06-26,0.0,0.0,0.0,0.0,0.0,
788967442,mock_campaign_475f8981,googleadwords_int,2026-06-28,0.2138289682,0.0628325697,0.0,0.0628325697,-0.15099639850000002,0.29384498381543422
148918961,mock_campaign_993fe179,googleadwords_int,2026-07-18,27.727587495800016,4.5125410655999953,0.0,4.5125410655999953,-23.215046430200019,0.16274553515640422
243641668,mock_campaign_1e8723bd,googleadwords_int,2026-06-23,14.253401089595661,13.643392566000019,0.0,13.643392566000019,-0.61000852359564206,0.95720259889122739
243641668,mock_campaign_1e8723bd,googleadwords_int,2026-06-05,10.366240596894517,10.540709751800025,0.0,10.540709751800025,0.1744691549055073,1.0168305137503537
243641668,mock_campaign_1e8723bd,googleadwords_int,2026-06-12,10.393302219763889,9.3207759775000163,0.0,9.3207759775000163,-1.0725262422638728,0.89680601799259152
,mock_campaign_ce3403c4,,,0.0,0.2364969872,21.643561,21.880057987199997,21.880057987199997,
,mock_campaign_5dcabbd9,,,0.0,0.0010598848,76.408522,76.4095818848,76.4095818848,
,mock_campaign_e6535e2b,,,0.0,0.054720374500000037,0.0,0.054720374500000037,0.054720374500000037,
,mock_campaign_c95b5395,,,0.0,0.082668466600000032,0.0,0.082668466600000032,0.082668466600000032,
,mock_campaign_6fcee95d,,,0.0,0.28070131720000013,26.4634788488,26.744180166,26.744180166,
,mock_campaign_b8b1eac5,,,0.0,0.0034318866,0.0,0.0034318866,0.0034318866,
,mock_campaign_a544a26e,,,0.0,0.048434951900000016,33.751432723,33.7998676749,33.7998676749,
,mock_campaign_b0c8a1e0,,,0.0,0.063934493200000025,0.0,0.063934493200000025,0.063934493200000025,
,mock_campaign_d1c03fd5,,,0.0,0.113479012,21.891886148700003,22.005365160700002,22.005365160700002,
,mock_campaign_5dcabbd9,,,0.0,2.3570092709,0.0,2.3570092709,2.3570092709,
,mock_campaign_c13d8f45,,,0.0,0.088095280599999951,44.158469600000004,44.246564880600005,44.246564880600005,
,,,,0.0,0.0,69.117545161099983,69.117545161099983,69.117545161099983,
,,,,0.0,0.84889383860000078,0.0,0.84889383860000078,0.84889383860000078,
140410898,mock_campaign_a2e93e84,googleadwords_int,2026-06-02,84.315712800199918,66.536089996999834,157.89990500000002,224.43599499699985,140.12028219679993,2.6618525485141569
180761354,mock_campaign_07fb7039,googleadwords_int,2026-07-18,0.65278431540000015,0.48356734440000043,0.0,0.48356734440000043,-0.16921697099999972,0.74077659801567031
502057685,mock_campaign_befecb98,googleadwords_int,2026-07-21,4.0555922769,2.3887752413000487,0.0,2.3887752413000487,-1.666817035599951,0.58900773998069966
369626124,mock_campaign_617ec63b,googleadwords_int,2026-06-25,0.4738948114999999,0.37338518560000006,0.0,0.37338518560000006,-0.10050962589999984,0.78790730883534932
280939212,mock_campaign_45884f7b,googleadwords_int,2026-07-16,1.5224660617,0.59960816929999983,0.0,0.59960816929999983,-0.92285789240000027,0.39384008903979878
900383572,mock_campaign_45368c6d,googleadwords_int,2026-06-21,4.6783551307999991,7.27249509770005,0.0,7.27249509770005,2.5941399669000509,1.5544983000160684
972671114,mock_campaign_9911559c,googleadwords_int,2026-07-13,0.0219186369,0.0,0.0,0.0,-0.0219186369,0.0
989105150,mock_campaign_58ab9c06,googleadwords_int,2026-06-28,0.0,0.0,0.0,0.0,0.0,
529859974,mock_campaign_d2ea5396,googleadwords_int,2026-07-05,2.9428290474000005,3.0550504193000041,0.0,3.0550504193000041,0.11222137190000359,1.0381338399521207
529859974,mock_campaign_d2ea5396,googleadwords_int,2026-07-01,3.1117035317,3.2774810027000147,0.0,3.2774810027000147,0.16577747100001483,1.0532754709152663
525989111,mock_campaign_c82cc8f4,googleadwords_int,2026-07-01,1.481623203899999,0.61432044039999933,0.0,0.61432044039999933,-0.86730276349999968,0.41462663299478292
525989111,mock_campaign_c82cc8f4,googleadwords_int,2026-07-26,10.498874099500002,4.5590919193999886,0.0,4.5590919193999886,-5.9397821801000132,0.43424579399586388
590094865,mock_campaign_23f341fc,googleadwords_int,2026-06-22,0.53830730350000022,0.37852409819999971,0.0,0.37852409819999971,-0.15978320530000051,0.70317474003954239
810543724,mock_campaign_c492b014,googleadwords_int,2026-07-08,0.5121118594,0.0,0.0,0.0,-0.5121118594,0.0
148918961,mock_campaign_993fe179,googleadwords_int,2026-07-15,17.928396124900004,3.6344430695000018,35.0904850646,38.724928134100004,20.7965320092,2.1599772709348248
243641668,mock_campaign_1e8723bd,googleadwords_int,2026-06-27,8.17549698211111,9.3690453223999857,39.3994416234,48.768486945799985,40.592989963688879,5.9652015103804477
243641668,mock_campaign_1e8723bd,googleadwords_int,2026-06-18,5.1469693307508795,4.463163427700005,26.0999804011,30.563143828800008,25.416174498049131,5.93808547608758
,mock_campaign_9772a6c4,,,0.0,0.0314436737,0.0,0.0314436737,0.0314436737,
,mock_campaign_6fcee95d,,,0.0,0.40563141629999938,89.1397078974,89.5453393137,89.5453393137,
,mock_campaign_c13d8f45,,,0.0,0.42615012359999993,82.319158124399991,82.745308247999986,82.745308247999986,
,mock_campaign_df87094f,,,0.0,0.293914208,31.834761,32.128675208,32.128675208,
,mock_campaign_e6535e2b,,,0.0,0.0013133908999999999,0.0,0.0013133908999999999,0.0013133908999999999,
,mock_campaign_fb57024c,,,0.0,0.0026624509999999997,0.0,0.0026624509999999997,0.0026624509999999997,
,mock_campaign_6aedfff8,,,0.0,0.0051096129,0.0,0.0051096129,0.0051096129,
,mock_campaign_cb530cbb,,,0.0,0.0016051140000000002,0.0,0.0016051140000000002,0.0016051140000000002,
,mock_campaign_6fdcae3c,,,0.0,0.015238391799999997,44.8359105115,44.8511489033,44.8511489033,
,mock_campaign_970b80f7,,,0.0,1.2474793140000011,66.9719230345,68.2194023485,68.2194023485,
,mock_campaign_d1c03fd5,,,0.0,0.0,0.0,0.0,0.0,
,mock_campaign_caa37664,,,0.0,1.1465100000000001e-05,0.0,1.1465100000000001e-05,1.1465100000000001e-05,
,mock_campaign_9772a6c4,,,0.0,0.061539561199999974,0.0,0.061539561199999974,0.061539561199999974,
,mock_campaign_b8b1eac5,,,0.0,0.048539411699999993,0.0,0.048539411699999993,0.048539411699999993,
,mock_campaign_df87094f,,,0.0,0.0023184980000000004,0.0,0.0023184980000000004,0.0023184980000000004,
,mock_campaign_b8b1eac5,,,0.0,0.019665194300000004,4.6797799315000006,4.6994451258000005,4.6994451258000005,
,mock_campaign_970b80f7,,,0.0,1.4248762585000005,47.185255999999995,48.610132258499995,48.610132258499995,
,mock_campaign_46e33ad3,,,0.0,0.0089415041,0.0,0.0089415041,0.0089415041,
,mock_campaign_6fdcae3c,,,0.0,0.0038153304999999998,0.0,0.0038153304999999998,0.0038153304999999998,
,mock_campaign_cb530cbb,,,0.0,0.0034115042,0.0,0.0034115042,0.0034115042,
,mock_campaign_0365d47f,,,0.0,0.0030165952,0.0,0.0030165952,0.0030165952,
,mock_campaign_b4ba1e63,,,0.0,0.036805518800000048,0.0,0.036805518800000048,0.036805518800000048,
,mock_campaign_12520749,,,0.0,0.025756984100000008,0.0,0.025756984100000008,0.025756984100000008,
,mock_campaign_a3bfa925,,,0.0,0.0696160872,29.806159327400003,29.875775414600003,29.875775414600003,
,mock_campaign_a544a26e,,,0.0,0.051678301300000014,7.690343215,7.7420215163,7.7420215163,
,,,,0.0,0.0,21.643561,21.643561,21.643561,
,,,,0.0,3.8401983019,0.0,3.8401983019,3.8401983019,
,,,,0.0,16.664878268100015,0.0,16.664878268100015,16.664878268100015,
,,,,0.0,0.4896081781999998,0.0,0.4896081781999998,0.4896081781999998,
232552584,mock_campaign_a5da28b5,googleadwords_int,2026-06-26,12.11656680873813,16.306304717800003,0.0,16.306304717800003,4.1897379090618738,1.3457858958892837
660741874,mock_campaign_7e7497dd,googleadwords_int,2026-07-09,0.0,0.0,0.0,0.0,0.0,
654635500,mock_campaign_67ff1f36,googleadwords_int,2026-06-23,0.098664379799999979,0.0452310934,0.0,0.0452310934,-0.053433286399999981,0.45843386936285196
739276167,mock_campaign_1fbdf2e3,googleadwords_int,2026-07-09,47.347973326158957,36.515777888400031,0.0,36.515777888400031,-10.832195437758926,0.77122156078063175
161694703,mock_campaign_2c0c0430,googleadwords_int,2026-06-02,121.76028111479997,81.44144484609788,114.3163604829,195.75780532899788,73.997524214197909,1.6077312202033305
432166127,mock_campaign_f8b84857,googleadwords_int,2026-07-11,3.7359448785,3.8287153673000041,0.0,3.8287153673000041,0.092770488800004269,1.0248318676578687
351751429,mock_campaign_b7e37028,googleadwords_int,2026-06-12,6.8799499350487459,6.4996734715000013,0.0,6.4996734715000013,-0.38027646354874456,0.94472685598895279
900383572,mock_campaign_45368c6d,googleadwords_int,2026-06-29,5.1242781911000028,6.71304025640006,0.0,6.71304025640006,1.5887620653000569,1.3100460213224696
974591165,mock_campaign_674dbd59,googleadwords_int,2026-07-22,1.4333748624000002,0.71942738160000019,0.0,0.71942738160000019,-0.7139474808,0.50191153791787058
972671114,mock_campaign_9911559c,googleadwords_int,2026-07-04,0.0755260066,0.0003707049,0.0,0.0003707049,-0.0751553017,0.0049083079681853589
525989111,mock_campaign_c82cc8f4,googleadwords_int,2026-06-26,2.6164352623000022,1.3329796603000021,0.0,1.3329796603000021,-1.283455602,0.50946403280325525
525989111,mock_campaign_c82cc8f4,googleadwords_int,2026-07-04,0.39353949540000011,0.74965957639999981,0.0,0.74965957639999981,0.3561200809999997,1.9049157331414304
516932962,mock_campaign_60e17b09,googleadwords_int,2026-06-23,0.0,0.0,0.0,0.0,0.0,
585166272,mock_campaign_60587c25,googleadwords_int,2026-06-11,3.037209932825494,5.336736531,0.0,5.336736531,2.2995265981745057,1.7571180949073457
611748075,mock_campaign_628993e1,googleadwords_int,2026-07-15,0.21513983890000002,0.0,0.0,0.0,-0.21513983890000002,0.0
742036733,mock_campaign_e0586969,googleadwords_int,2026-06-26,4.0391153750943092,5.9975212000000013,0.0,5.9975212000000013,1.9584058249056921,1.4848600852011971
792104306,mock_campaign_6fcee95d,googleadwords_int,2026-07-06,39.746039835699975,12.798869478300084,24.45888,37.257749478300084,-2.4882903573998902,0.93739526333476619
792104306,mock_campaign_6fcee95d,googleadwords_int,2026-06-08,31.9599186675,15.02249887140022,0.0,15.02249887140022,-16.937419796099778,0.47004183670456523
792104306,mock_campaign_6fcee95d,googleadwords_int,2026-06-10,12.839639193599998,7.3131337815998787,68.5032565682,75.816390349799875,62.976751156199875,5.9048692261999891
792104306,mock_campaign_6fcee95d,googleadwords_int,2026-06-07,34.283648138400011,16.880952090499978,0.0,16.880952090499978,-17.402696047900033,0.49239077540269605
788967442,mock_campaign_475f8981,googleadwords_int,2026-06-21,0.33918352169999993,0.259709993,0.0,0.259709993,-0.079473528699999962,0.76569165771475045
261307969,mock_campaign_b4ba1e63,googleadwords_int,2026-06-12,50.91141235040002,33.080935840400038,45.5032137268,78.584149567200029,27.672737216800009,1.543546838306924
243641668,mock_campaign_1e8723bd,googleadwords_int,2026-06-15,8.2678533311383866,8.8310289442000229,0.0,8.8310289442000229,0.56317561306163633,1.0681163042576729
,mock_campaign_b8b1eac5,,,0.0,0.0356539132,0.0,0.0356539132,0.0356539132,
,mock_campaign_6b5afb99,,,0.0,0.0091376847,0.0,0.0091376847,0.0091376847,
,mock_campaign_970b80f7,,,0.0,1.1529151691999997,65.5061787901,66.6590939593,66.6590939593,
,mock_campaign_c95b5395,,,0.0,0.14965649809999823,0.0,0.14965649809999823,0.14965649809999823,
,mock_campaign_51a5d0a0,,,0.0,7.6434e-06,0.0,7.6434e-06,7.6434e-06,
,mock_campaign_796ef0d2,,,0.0,0.0,0.0,0.0,0.0,
,mock_campaign_1be3ce39,,,0.0,0.0,0.0,0.0,0.0,
,mock_campaign_a3bfa925,,,0.0,0.022802809999999996,0.0,0.022802809999999996,0.022802809999999996,
,mock_campaign_decd286e,,,0.0,0.2839714185,0.0,0.2839714185,0.2839714185,
,mock_campaign_d1c03fd5,,,0.0,0.033684463800000009,0.0,0.033684463800000009,0.033684463800000009,
,mock_campaign_c7abcb25,,,0.0,0.0004038263,0.0,0.0004038263,0.0004038263,
,mock_campaign_2254e49d,,,0.0,0.0001222944,0.0,0.0001222944,0.0001222944,
,mock_campaign_b8b1eac5,,,0.0,0.47000285720000079,42.1288870244,42.5988898816,42.5988898816,
,mock_campaign_f81bdda1,,,0.0,0.020658836299999997,0.0,0.020658836299999997,0.020658836299999997,
,,,,0.0,0.0,361.75544294229996,361.75544294229996,361.75544294229996,
,,,,0.0,0.0,212.42516260649998,212.42516260649998,212.42516260649998,
654635500,mock_campaign_67ff1f36,googleadwords_int,2026-07-16,2.2753297812,1.279060568900001,0.0,1.279060568900001,-0.996269212299999,0.56214293834163653
660741874,mock_campaign_7e7497dd,googleadwords_int,2026-06-26,0.0947439732,0.1137783785,0.0,0.1137783785,0.0190344053,1.2009036000613915
739276167,mock_campaign_1fbdf2e3,googleadwords_int,2026-06-19,44.523145761243541,47.456973774399778,0.0,47.456973774399778,2.9338280131562371,1.0658944457538773
739276167,mock_campaign_1fbdf2e3,googleadwords_int,2026-07-01,47.55047594789346,56.18615950920023,38.204261,94.390420509200226,46.839944561306766,1.9850573233511837
161694703,mock_campaign_2c0c0430,googleadwords_int,2026-06-10,113.95600548590012,79.096912151794726,198.07291220719998,277.16982435899467,163.21381887309457,2.4322528959940524
369804654,mock_campaign_92e554bf,googleadwords_int,2026-07-04,0.52512129499999993,1.0297850908000004,0.0,1.0297850908000004,0.50466379580000043,1.9610423355617306
280939212,mock_campaign_45884f7b,googleadwords_int,2026-07-17,1.1074448862999997,0.62639828629999994,0.0,0.62639828629999994,-0.48104659999999977,0.56562479456003611
972671114,mock_campaign_9911559c,googleadwords_int,2026-07-19,0.41946235000000004,0.72381978879999931,0.0,0.72381978879999931,0.30435743879999927,1.725589409395144
972671114,mock_campaign_9911559c,googleadwords_int,2026-07-20,0.4927750926,0.76449032019999985,0.0,0.76449032019999985,0.27171522759999983,1.5513980549754756
974591165,mock_campaign_674dbd59,googleadwords_int,2026-07-14,0.2101844059,0.13647418090000002,0.0,0.13647418090000002,-0.07371022499999999,0.64930688038260409
624225880,mock_campaign_ae3dba5e,googleadwords_int,2026-06-02,0.49443341320000006,0.34346891800000007,0.0,0.34346891800000007,-0.1509644952,0.69467173704351914
611892113,mock_campaign_9bfd19ea,googleadwords_int,2026-06-26,0.79214915549999987,1.3789725459000002,0.0,1.3789725459000002,0.58682339040000031,1.7407991112855519
585166272,mock_campaign_60587c25,googleadwords_int,2026-07-16,0.7807747986001442,0.3329095609,0.0,0.3329095609,-0.44786523770014419,0.42638358909236768
611748075,mock_campaign_628993e1,googleadwords_int,2026-07-22,0.5138450404,0.89902307749999988,0.0,0.89902307749999988,0.38517803709999987,1.7495996006892662
792104306,mock_campaign_6fcee95d,googleadwords_int,2026-07-19,30.887889260000016,9.7987139578000484,0.0,9.7987139578000484,-21.089175302199969,0.31723481897124761
792104306,mock_campaign_6fcee95d,googleadwords_int,2026-07-18,29.629595785499976,11.163153852500013,0.0,11.163153852500013,-18.466441932999963,0.37675687286841075
792104306,mock_campaign_6fcee95d,googleadwords_int,2026-07-21,47.430407818900015,13.575372675500185,0.0,13.575372675500185,-33.855035143399832,0.28621665509042254
742036733,mock_campaign_e0586969,googleadwords_int,2026-07-12,1.3099553759341704,0.1286116701,0.0,0.1286116701,-1.1813437058341705,0.098180191831559877
161332031,mock_campaign_12520749,googleadwords_int,2026-06-25,4.5951372181000067,1.7002271957000055,0.0,1.7002271957000055,-2.8949100224000013,0.37000575064502944
148918961,mock_campaign_993fe179,googleadwords_int,2026-06-29,27.179981228700022,4.7276836671000035,34.9551688588,39.6828525259,12.502871297199981,1.4600029408408084
,mock_campaign_5e866e66,,,0.0,0.0022395162,0.0,0.0022395162,0.0022395162,
,mock_campaign_db4f67c3,,,0.0,0.0194206055,0.0,0.0194206055,0.0194206055,
,mock_campaign_df87094f,,,0.0,0.14172901840000002,21.643561,21.785290018399998,21.785290018399998,
,mock_campaign_a544a26e,,,0.0,0.020409151900000002,0.0,0.020409151900000002,0.020409151900000002,
,mock_campaign_c13d8f45,,,0.0,0.13933663420000006,0.0,0.13933663420000006,0.13933663420000006,
,mock_campaign_ce3403c4,,,0.0,0.9005415663,0.0,0.9005415663,0.9005415663,
,mock_campaign_6b5afb99,,,0.0,0.12308039629999996,0.0,0.12308039629999996,0.12308039629999996,
,mock_campaign_759b1811,,,0.0,0.004242087,0.0,0.004242087,0.004242087,
,mock_campaign_a544a26e,,,0.0,0.020867755900000003,0.0,0.020867755900000003,0.020867755900000003,
,mock_campaign_cdc62e82,,,0.0,0.0612147167,0.0,0.0612147167,0.0612147167,
,mock_campaign_970b80f7,,,0.0,0.74622514199998347,60.2180975957,60.964322737699987,60.964322737699987,
,mock_campaign_d1e62852,,,0.0,0.0167887281,0.0,0.0167887281,0.0167887281,
,mock_campaign_d1c03fd5,,,0.0,0.097300482000000008,0.0,0.097300482000000008,0.097300482000000008,
,,,,0.0,0.3102698101,0.0,0.3102698101,0.3102698101,
,,,,0.0,0.0,38.204261,38.204261,38.204261,
,,,,0.0,0.12813140979999976,0.0,0.12813140979999976,0.12813140979999976,
232552584,mock_campaign_a5da28b5,googleadwords_int,2026-07-01,22.541113138464425,12.071662389399995,0.0,12.071662389399995,-10.46945074906443,0.53553976306523943
660741874,mock_campaign_7e7497dd,googleadwords_int,2026-07-21,0.1116298756,0.0,0.0,0.0,-0.1116298756,0.0
654635500,mock_campaign_67ff1f36,googleadwords_int,2026-06-27,0.18654642089999998,0.0176078458,0.0,0.0176078458,-0.1689385751,0.094388547982053525
140410898,mock_campaign_a2e93e84,googleadwords_int,2026-07-01,48.904311450900018,47.266794517299743,126.052405,173.31919951729975,124.41488806639973,3.5440474341676893
161694703,mock_campaign_2c0c0430,googleadwords_int,2026-07-12,12.900315988900001,6.7488075467021957,125.1775325187,131.9263400654022,119.0260240765022,10.226597563882731
432166127,mock_campaign_f8b84857,googleadwords_int,2026-07-08,4.0378511757999993,6.4216713006000052,0.0,6.4216713006000052,2.3838201248000059,1.5903684957699591
502057685,mock_campaign_befecb98,googleadwords_int,2026-06-25,2.3646659042000011,1.933777652200001,0.0,1.933777652200001,-0.43088825200000014,0.81778049438837086
900383572,mock_campaign_45368c6d,googleadwords_int,2026-07-06,3.2903123090999995,5.5955624374000079,0.0,5.5955624374000079,2.3052501283000084,1.7006174222198878
900383572,mock_campaign_45368c6d,googleadwords_int,2026-07-20,5.0043518303000063,5.56981691839998,0.0,5.56981691839998,0.56546508809997409,1.1129946708934881
529859974,mock_campaign_d2ea5396,googleadwords_int,2026-07-25,5.7632556449,3.4509963739000127,0.0,3.4509963739000127,-2.3122592709999874,0.59879286752685634
590094865,mock_campaign_23f341fc,googleadwords_int,2026-06-26,0.33740721459999989,0.13510601229999997,0.0,0.13510601229999997,-0.20230120229999993,0.40042419501956911
571438578,mock_campaign_756e1c81,googleadwords_int,2026-07-11,0.024638836,0.0090383205,0.0,0.0090383205,-0.0156005155,0.36683228460954892
585166272,mock_campaign_60587c25,googleadwords_int,2026-07-14,0.54426091711457913,0.30368629489999993,0.0,0.30368629489999993,-0.2405746222145792,0.55797924368702589
742036733,mock_campaign_e0586969,googleadwords_int,2026-07-15,0.0019093385592862289,0.0,0.0,0.0,-0.0019093385592862289,0.0
742036733,mock_campaign_e0586969,googleadwords_int,2026-07-05,0.815751073976522,1.2103527724,0.0,1.2103527724,0.39460169842347803,1.4837280771202943
161332031,mock_campaign_12520749,googleadwords_int,2026-07-16,3.7472577496000024,1.3380281260000022,0.0,1.3380281260000022,-2.4092296236,0.35706861267891937
148918961,mock_campaign_993fe179,googleadwords_int,2026-07-16,16.945903010599995,3.1645599589000062,47.2896164358,50.454176394700006,33.508273384100008,2.9773672352036908
258346999,mock_campaign_8ba2a925,googleadwords_int,2026-07-17,0.0,0.0,0.0,0.0,0.0,
,mock_campaign_b8b1eac5,,,0.0,0.0065159984999999991,19.2641387325,19.270654731,19.270654731,
,mock_campaign_d1c03fd5,,,0.0,0.0481929109,93.5547089878,93.6029018987,93.6029018987,
,mock_campaign_b67b22e1,,,0.0,0.0,0.0,0.0,0.0,
,mock_campaign_5dcabbd9,,,0.0,1.6828652125999999,123.51734400000001,125.20020921260002,125.20020921260002,
,mock_campaign_e6a4a79e,,,0.0,0.2830465671,0.0,0.2830465671,0.2830465671,
,mock_campaign_b4ba1e63,,,0.0,0.0336997506,0.0,0.0336997506,0.0336997506,
,mock_campaign_6b5afb99,,,0.0,0.012439633500000002,0.0,0.012439633500000002,0.012439633500000002,
,mock_campaign_1941c5ac,,,0.0,0.0032892098000000002,0.0,0.0032892098000000002,0.0032892098000000002,
,,,,0.0,5.1552350806999971,0.0,5.1552350806999971,5.1552350806999971,
,mock_campaign_6b5afb99,,,0.0,0.0539280087,0.0,0.0539280087,0.0539280087,
,mock_campaign_ce3403c4,,,0.0,0.0070472148,0.0,0.0070472148,0.0070472148,
,mock_campaign_c95b5395,,,0.0,0.0,0.0,0.0,0.0,
,mock_campaign_2254e49d,,,0.0,0.080978001299999977,0.0,0.080978001299999977,0.080978001299999977,
,mock_campaign_6b5afb99,,,0.0,0.026883111699999997,0.0,0.026883111699999997,0.026883111699999997,
,mock_campaign_a3bfa925,,,0.0,0.0126944135,0.0,0.0126944135,0.0126944135,
,mock_campaign_fb57024c,,,0.0,0.1342512254,0.0,0.1342512254,0.1342512254,
,mock_campaign_e6a4a79e,,,0.0,0.0020229532,0.0,0.0020229532,0.0020229532,
,mock_campaign_759b1811,,,0.0,0.0070433931000000007,0.0,0.0070433931000000007,0.0070433931000000007,
,,,,0.0,2.643755243600002,0.0,2.643755243600002,2.643755243600002,
,,,,0.0,0.0,432.14835691010006,432.14835691010006,432.14835691010006,
739276167,mock_campaign_1fbdf2e3,googleadwords_int,2026-06-16,45.809863530528034,30.069794206300013,0.0,30.069794206300013,-15.740069324228021,0.65640436117565115
140410898,mock_campaign_a2e93e84,googleadwords_int,2026-06-08,98.44431463500004,73.367804229599528,98.05208300000001,171.41988722959954,72.9755725945995,1.741287832265068
140410898,mock_campaign_a2e93e84,googleadwords_int,2026-06-11,58.1077792189,43.641687860899765,98.05208300000001,141.69377086089978,83.585991641999783,2.4384647419946965
998337322,mock_campaign_fe944d1c,googleadwords_int,2026-07-01,26.6194371316,27.108528305,119.13647706009999,146.24500536509998,119.62556823349999,5.4939180209596605
180761354,mock_campaign_07fb7039,googleadwords_int,2026-06-29,0.010332362599999999,0.016025662,0.0,0.016025662,0.0056932994000000008,1.551016221594856
464541057,mock_campaign_d8ff83e7,googleadwords_int,2026-06-27,1.9616655189000003,1.5743110980000004,0.0,1.5743110980000004,-0.38735442089999994,0.80253798765999207
434877610,mock_campaign_0dfbbe6f,googleadwords_int,2026-06-27,0.4950192772,1.1989258893999994,0.0,1.1989258893999994,0.7039066121999995,2.4219781827114661
351751429,mock_campaign_b7e37028,googleadwords_int,2026-06-04,5.947452221216686,6.6357743996999989,0.0,6.6357743996999989,0.6883221784833129,1.1157339568072226
262368493,mock_campaign_c13d8f45,googleadwords_int,2026-06-16,57.438723344600007,23.597230600700119,42.4938657439,66.091096344600118,8.6523730000001109,1.1506365827125151
369804654,mock_campaign_92e554bf,googleadwords_int,2026-07-17,0.51066510079999983,0.95543901290000011,0.0,0.95543901290000011,0.44477391210000028,1.8709698614673775
900383572,mock_campaign_45368c6d,googleadwords_int,2026-06-28,3.0015627270999969,7.0447701859001031,0.0,7.0447701859001031,4.0432074588001061,2.347034137349683
514288304,mock_campaign_c95b5395,googleadwords_int,2026-06-18,8.5353028951999974,4.1655166927000256,0.0,4.1655166927000256,-4.3697862024999718,0.48803384529476856
525989111,mock_campaign_c82cc8f4,googleadwords_int,2026-07-07,0.7677226952,0.20468388250000003,0.0,0.20468388250000003,-0.5630388127,0.26661173856098869
557162896,mock_campaign_b0c8a1e0,googleadwords_int,2026-06-08,65.595026749700011,26.411815834300171,20.3264324774,46.738248311700175,-18.856778437999836,0.71252731537172409
571438578,mock_campaign_756e1c81,googleadwords_int,2026-07-22,0.1579700906,0.11470832549999997,0.0,0.11470832549999997,-0.04326176510000003,0.72613951833740331
810543724,mock_campaign_c492b014,googleadwords_int,2026-07-21,0.7793097832,1.1697994398,0.0,1.1697994398,0.3904896566,1.5010711594002737
788967442,mock_campaign_475f8981,googleadwords_int,2026-06-18,0.26496675840000006,0.3936134437,0.0,0.3936134437,0.12864668529999995,1.4855200934518431
243641668,mock_campaign_1e8723bd,googleadwords_int,2026-07-18,10.672292006629657,9.1180373403000736,0.0,9.1180373403000736,-1.5542546663295838,0.85436542915391778
,mock_campaign_ce3403c4,,,0.0,0.0024662704,21.643561,21.646027270399998,21.646027270399998,
,mock_campaign_0365d47f,,,0.0,0.0175441508,0.0,0.0175441508,0.0175441508,
,mock_campaign_5dcabbd9,,,0.0,1.4504370620000002,38.204261,39.654698062,39.654698062,
,mock_campaign_df87094f,,,0.0,0.0565191213,0.0,0.0565191213,0.0565191213,
,mock_campaign_b0c8a1e0,,,0.0,0.32472730120000021,47.4716491024,47.7963764036,47.7963764036,
,mock_campaign_a3bfa925,,,0.0,0.014105894700000008,0.0,0.014105894700000008,0.014105894700000008,
,mock_campaign_79db2905,,,0.0,0.0017057521000000007,0.0,0.0017057521000000007,0.0017057521000000007,
,mock_campaign_b8b1eac5,,,0.0,1.2739e-05,0.0,1.2739e-05,1.2739e-05,
,mock_campaign_796ef0d2,,,0.0,9.04469e-05,0.0,9.04469e-05,9.04469e-05,
,mock_campaign_fb57024c,,,0.0,0.5418329826,38.204261,38.7460939826,38.7460939826,
,mock_campaign_796ef0d2,,,0.0,0.0003095577,0.0,0.0003095577,0.0003095577,
,mock_campaign_f81bdda1,,,0.0,0.017694471,0.0,0.017694471,0.017694471,
,mock_campaign_cdc62e82,,,0.0,0.00010191200000000002,0.0,0.00010191200000000002,0.00010191200000000002,
,,,,0.0,0.83162612409999981,0.0,0.83162612409999981,0.83162612409999981,
,,,,0.0,0.0,21.643561,21.643561,21.643561,
,,,,0.0,0.0,82.120762212300008,82.120762212300008,82.120762212300008,
,,,,0.0,0.0,151.5939687883,151.5939687883,151.5939687883,
,,,,0.0,0.0,223.64354511960002,223.64354511960002,223.64354511960002,
,,,,0.0,0.0,46.6707927589,46.6707927589,46.6707927589,
,,,,0.0,21.876098706000349,0.0,21.876098706000349,21.876098706000349,
998337322,mock_campaign_fe944d1c,googleadwords_int,2026-06-03,70.119267100499854,42.923089788199739,228.33289076619997,271.25598055439968,201.13671345389983,3.8684942351952505
502057685,mock_campaign_befecb98,googleadwords_int,2026-06-23,1.9305130143999996,1.5357654318000007,0.0,1.5357654318000007,-0.39474758259999887,0.79552192621571849
351751429,mock_campaign_b7e37028,googleadwords_int,2026-06-07,6.02737182178119,7.0080245403999992,0.0,7.0080245403999992,0.980652718618809,1.1626998877147436
280939212,mock_campaign_45884f7b,googleadwords_int,2026-06-26,0.66486206449999985,0.486362281,0.0,0.486362281,-0.17849978349999984,0.73152358506987747
351751429,mock_campaign_b7e37028,googleadwords_int,2026-07-08,28.570066050090482,15.066293005600011,45.1096041048,60.175897110400008,31.605831060309526,2.1062568425602022
351751429,mock_campaign_b7e37028,googleadwords_int,2026-07-09,22.8859158926052,11.439188874,0.0,11.439188874,-11.446727018605202,0.49983531040137141
280939212,mock_campaign_45884f7b,googleadwords_int,2026-07-20,1.2775928110999994,0.39507842870000009,0.0,0.39507842870000009,-0.88251438239999935,0.30923657777930047
280939212,mock_campaign_45884f7b,googleadwords_int,2026-07-22,0.8655782572,0.2848809831,0.0,0.2848809831,-0.5806972741,0.32912215704394193
611748075,mock_campaign_628993e1,googleadwords_int,2026-07-02,0.69124547330000008,0.24338114279999998,0.0,0.24338114279999998,-0.44786433050000007,0.35209075820504177
792104306,mock_campaign_6fcee95d,googleadwords_int,2026-07-10,32.362168007699992,9.9727860233000545,27.3233244057,37.296110429000052,4.93394242130006,1.1524601942652952
788967442,mock_campaign_475f8981,googleadwords_int,2026-07-04,0.0135090474,0.0121096934,0.0,0.0121096934,-0.0013993540000000002,0.89641356947196738
848321939,mock_campaign_c41abc99,googleadwords_int,2026-07-21,0.00034989099999999996,0.0,0.0,0.0,-0.00034989099999999996,0.0
,mock_campaign_96cf8fb0,,,0.0,0.0029197788,0.0,0.0029197788,0.0029197788,
,mock_campaign_a544a26e,,,0.0,0.0216550261,21.643561,21.665216026099998,21.665216026099998,
,mock_campaign_a3bfa925,,,0.0,0.0047796728000000007,0.0,0.0047796728000000007,0.0047796728000000007,
,mock_campaign_796ef0d2,,,0.0,0.0028700967,0.0,0.0028700967,0.0028700967,
,mock_campaign_5dcabbd9,,,0.0,2.9108169134999997,191.021305,193.9321219135,193.9321219135,
,mock_campaign_3016a669,,,0.0,5.0956e-06,0.0,5.0956e-06,5.0956e-06,
,mock_campaign_970b80f7,,,0.0,0.70736354859999984,158.7634002804,159.470763829,159.470763829,
,mock_campaign_cdc62e82,,,0.0,8.40774e-05,0.0,8.40774e-05,8.40774e-05,
,mock_campaign_541ebe5c,,,0.0,2.5478e-06,0.0,2.5478e-06,2.5478e-06,
,mock_campaign_c95b5395,,,0.0,0.068582954299999985,0.0,0.068582954299999985,0.068582954299999985,
,mock_campaign_96cf8fb0,,,0.0,0.0040560976,0.0,0.0040560976,0.0040560976,
,mock_campaign_796ef0d2,,,0.0,3.8217e-06,0.0,3.8217e-06,3.8217e-06,
,mock_campaign_cb530cbb,,,0.0,0.0028216885000000003,0.0,0.0028216885000000003,0.0028216885000000003,
,mock_campaign_d1c03fd5,,,0.0,0.18717412700000002,0.0,0.18717412700000002,0.18717412700000002,
,mock_campaign_df87094f,,,0.0,0.026204123000000003,0.0,0.026204123000000003,0.026204123000000003,
,mock_campaign_10287894,,,0.0,0.061399432200000041,41.5851559308,41.646555363,41.646555363,
,,,,0.0,11.807277183399991,0.0,11.807277183399991,11.807277183399991,
,,,,0.0,0.0,59.847822,59.847822,59.847822,
,,,,0.0,0.0,25.935891889900002,25.935891889900002,25.935891889900002,
,,,,0.0,0.42503418720000019,0.0,0.42503418720000019,0.42503418720000019,
,,,,0.0,4.0077722034999992,0.0,4.0077722034999992,4.0077722034999992,
654635500,mock_campaign_67ff1f36,googleadwords_int,2026-07-18,2.4216639617999984,1.4291043326000019,0.0,1.4291043326000019,-0.99255962919999652,0.590133212181001
140410898,mock_campaign_a2e93e84,googleadwords_int,2026-06-27,57.523218766300005,51.103303604799777,141.339205,192.44250860479977,134.91928983849976,3.3454753181778187
161694703,mock_campaign_2c0c0430,googleadwords_int,2026-06-03,106.28074036460019,72.021735246798727,144.4016109179,216.42334616469873,110.14260580009854,2.0363364559020765
432166127,mock_campaign_f8b84857,googleadwords_int,2026-07-04,4.3574725357999995,4.3004188810000032,0.0,4.3004188810000032,-0.057053654799996245,0.98690670926064217
432166127,mock_campaign_f8b84857,googleadwords_int,2026-06-22,2.866498291500001,7.8409296600999987,0.0,7.8409296600999987,4.9744313685999977,2.7353686842760836
434877610,mock_campaign_0dfbbe6f,googleadwords_int,2026-07-07,0.54269802870000006,0.29921872759999996,0.0,0.29921872759999996,-0.2434793011000001,0.55135399757533687
280939212,mock_campaign_45884f7b,googleadwords_int,2026-06-25,0.31357963750000006,0.72837143349999989,0.0,0.72837143349999989,0.41479179599999982,2.3227638098790764
900383572,mock_campaign_45368c6d,googleadwords_int,2026-06-24,2.461792390999999,4.0214500677999165,0.0,4.0214500677999165,1.5596576767999175,1.6335455753709485
972671114,mock_campaign_9911559c,googleadwords_int,2026-06-29,0.00011635910000000001,0.0,0.0,0.0,-0.00011635910000000001,0.0
525989111,mock_campaign_c82cc8f4,googleadwords_int,2026-06-28,2.2408020490999987,1.3795215968,0.0,1.3795215968,-0.86128045229999861,0.61563742203559413
525989111,mock_campaign_c82cc8f4,googleadwords_int,2026-07-12,0.18560578370000011,0.077575414400000015,0.0,0.077575414400000015,-0.1080303693000001,0.4179579582788614
788967442,mock_campaign_475f8981,googleadwords_int,2026-07-22,0.0223328102,0.0020993872,0.0,0.0020993872,-0.020233423,0.0940046138931499
810543724,mock_campaign_c492b014,googleadwords_int,2026-07-12,0.846248,1.1149618665,0.0,1.1149618665,0.26871386650000006,1.3175356000841361
148918961,mock_campaign_993fe179,googleadwords_int,2026-06-26,18.081869709300008,3.0212436611000104,69.8881107104,72.909354371500015,54.827484662200007,4.0321800534820085
161332031,mock_campaign_12520749,googleadwords_int,2026-07-07,0.21474844920000008,0.10013236170000003,0.0,0.10013236170000003,-0.11461608750000005,0.46627746124836739
243641668,mock_campaign_1e8723bd,googleadwords_int,2026-06-08,11.638878269233674,11.242836297499981,0.0,11.242836297499981,-0.39604197173369293,0.96597249644060679
,mock_campaign_fb57024c,,,0.0,2.1111656794,0.0,2.1111656794,2.1111656794,
,mock_campaign_a35fcde2,,,0.0,0.0012675305,0.0,0.0012675305,0.0012675305,
,mock_campaign_96cf8fb0,,,0.0,0.0010522414000000001,0.0,0.0010522414000000001,0.0010522414000000001,
,mock_campaign_fb57024c,,,0.0,0.022474143800000002,0.0,0.022474143800000002,0.022474143800000002,
,mock_campaign_b8b1eac5,,,0.0,0.19747997799999964,42.1576606037,42.3551405817,42.3551405817,
,mock_campaign_f81bdda1,,,0.0,0.0014840935,0.0,0.0014840935,0.0014840935,
,mock_campaign_a544a26e,,,0.0,0.0259697254,0.0,0.0259697254,0.0259697254,
,mock_campaign_a3bfa925,,,0.0,0.0356717478,0.0,0.0356717478,0.0356717478,
,mock_campaign_a544a26e,,,0.0,0.0790442211,21.643561,21.722605221099997,21.722605221099997,
,mock_campaign_b8b1eac5,,,0.0,0.14222456550000004,0.0,0.14222456550000004,0.14222456550000004,
,mock_campaign_b7e37028,,,0.0,1.8225547170999996,37.9943757838,39.8169305009,39.8169305009,
,mock_campaign_9eb39c3f,,,0.0,1.2739e-06,0.0,1.2739e-06,1.2739e-06,
,mock_campaign_e4bf86e4,,,0.0,0.0101453396,0.0,0.0101453396,0.0101453396,
,mock_campaign_759b1811,,,0.0,0.00092612530000000018,0.0,0.00092612530000000018,0.00092612530000000018,
,mock_campaign_2254e49d,,,0.0,0.00015923750000000001,0.0,0.00015923750000000001,0.00015923750000000001,
,mock_campaign_c13d8f45,,,0.0,0.0243493246,0.0,0.0243493246,0.0243493246,
,mock_campaign_6b5afb99,,,0.0,0.084792057899999926,0.0,0.084792057899999926,0.084792057899999926,
,mock_campaign_6b5afb99,,,0.0,0.10830952579999999,0.0,0.10830952579999999,0.10830952579999999,
,mock_campaign_c13d8f45,,,0.0,0.16708472399999991,0.0,0.16708472399999991,0.16708472399999991,
,,,,0.0,1.513347339599999,0.0,1.513347339599999,1.513347339599999,
,mock_campaign_21ff68ff,,,0.0,0.0,46.343560970300004,46.343560970300004,46.343560970300004,
,,,,0.0,0.0,145.7072055499,145.7072055499,145.7072055499,
,,,,0.0,0.0,179.0502577804,179.0502577804,179.0502577804,
,,,,0.0,0.0,121.4137860514,121.4137860514,121.4137860514,
,,,,0.0,0.0,110.5706664525,110.5706664525,110.5706664525,
,,,,0.0,2.9156475422999319,0.0,2.9156475422999319,2.9156475422999319,
,,,,0.0,0.093552668199999911,0.0,0.093552668199999911,0.093552668199999911,
140410898,mock_campaign_a2e93e84,googleadwords_int,2026-07-09,48.675832627900036,39.106650995199807,141.33920500000002,180.44585599519982,131.77002336729979,3.7070933613937154
140410898,mock_campaign_a2e93e84,googleadwords_int,2026-07-26,36.781556603899972,21.884777786700045,0.0,21.884777786700045,-14.896778817199927,0.59499324681597587
998337322,mock_campaign_fe944d1c,googleadwords_int,2026-06-22,17.179718078200008,15.89897901450006,179.0935601892,194.99253920370006,177.81282112550005,11.350159433124427
161694703,mock_campaign_2c0c0430,googleadwords_int,2026-06-22,22.867380179400019,14.428472931900034,85.5734006433,100.00187357520004,77.134493395800021,4.3731233219836128
434877610,mock_campaign_0dfbbe6f,googleadwords_int,2026-06-25,0.3781540558,0.72073695079999989,0.0,0.72073695079999989,0.34258289499999989,1.9059347367708435
351751429,mock_campaign_b7e37028,googleadwords_int,2026-06-02,7.7696545745596319,4.1435673957000008,0.0,4.1435673957000008,-3.6260871788596312,0.53330136570902187
262368493,mock_campaign_c13d8f45,googleadwords_int,2026-06-24,54.73679343699996,19.478208710200505,43.7733199479,63.251528658100504,8.514735221100544,1.15555780100456
900383572,mock_campaign_45368c6d,googleadwords_int,2026-07-14,2.3037157056999975,4.4180520808999875,0.0,4.4180520808999875,2.11433637519999,1.9177939664901213
529859974,mock_campaign_d2ea5396,googleadwords_int,2026-07-17,3.2621184178000004,2.257125319700013,0.0,2.257125319700013,-1.0049930980999875,0.69192010547006344
514288304,mock_campaign_c95b5395,googleadwords_int,2026-06-20,9.6863075836,4.7281269843000118,0.0,4.7281269843000118,-4.9581805992999879,0.48812480333633618
590094865,mock_campaign_23f341fc,googleadwords_int,2026-06-25,0.72020505630000009,0.3331490540999999,0.0,0.3331490540999999,-0.38705600220000019,0.46257527795143288
243641668,mock_campaign_1e8723bd,googleadwords_int,2026-06-06,10.932309772495026,10.681167418000038,40.2455265125,50.926693930500036,39.994384158005012,4.6583654314871552
243641668,mock_campaign_1e8723bd,googleadwords_int,2026-07-10,9.3309596997125546,7.9784114959000014,39.6933290795,47.671740575400008,38.340780875687457,5.1089857966987644
,mock_campaign_ce3403c4,,,0.0,0.2201464807,21.643561,21.863707480699997,21.863707480699997,
,mock_campaign_1700d8b1,,,0.0,0.0799588813,0.0,0.0799588813,0.0799588813,
,mock_campaign_c7abcb25,,,0.0,0.0094128471,0.0,0.0094128471,0.0094128471,
,mock_campaign_a544a26e,,,0.0,0.0418807364,24.013790805099998,24.055671541499997,24.055671541499997,
,mock_campaign_df87094f,,,0.0,0.5024070515,19.095761,19.5981680515,19.5981680515,
,mock_campaign_0365d47f,,,0.0,0.0042624694000000006,0.0,0.0042624694000000006,0.0042624694000000006,
,mock_campaign_b0c8a1e0,,,0.0,0.064547239099999973,41.962273643399996,42.0268208825,42.0268208825,
,mock_campaign_cc915a95,,,0.0,0.0012942824,0.0,0.0012942824,0.0012942824,
,mock_campaign_6fdcae3c,,,0.0,0.0019006587999999998,0.0,0.0019006587999999998,0.0019006587999999998,
,mock_campaign_c7abcb25,,,0.0,0.0001732504,0.0,0.0001732504,0.0001732504,
,mock_campaign_2254e49d,,,0.0,0.0088102924,0.0,0.0088102924,0.0088102924,
,mock_campaign_fb57024c,,,0.0,0.7462009379,0.0,0.7462009379,0.7462009379,
,mock_campaign_b0c8a1e0,,,0.0,0.064702654899999962,0.0,0.064702654899999962,0.064702654899999962,
,mock_campaign_d1c03fd5,,,0.0,0.5597580295,0.0,0.5597580295,0.5597580295,
,mock_campaign_796ef0d2,,,0.0,0.0028726445000000003,0.0,0.0028726445000000003,0.0028726445000000003,
,mock_campaign_df87094f,,,0.0,0.0003579659,21.643561,21.6439189659,21.6439189659,
,,,,0.0,0.0,126.48903677280002,126.48903677280002,126.48903677280002,
,,,,0.0,3.4581442267999978,0.0,3.4581442267999978,3.4581442267999978,
,,,,0.0,0.20118830089999981,0.0,0.20118830089999981,0.20118830089999981,
,,,,0.0,15.85357976630003,0.0,15.85357976630003,15.85357976630003,
660741874,mock_campaign_7e7497dd,googleadwords_int,2026-06-27,0.095870947699999987,0.0279633789,0.0,0.0279633789,-0.067907568799999984,0.29167729714640134
660741874,mock_campaign_7e7497dd,googleadwords_int,2026-07-11,0.015202357100000001,0.0,0.0,0.0,-0.015202357100000001,0.0
739276167,mock_campaign_1fbdf2e3,googleadwords_int,2026-06-05,56.249725030366108,43.236991487200008,38.204261,81.441252487200018,25.19152745683391,1.4478515662651577
180761354,mock_campaign_07fb7039,googleadwords_int,2026-07-04,0.42754645950000009,0.40310272479999976,0.0,0.40310272479999976,-0.02444373470000033,0.94282788652118321
464541057,mock_campaign_d8ff83e7,googleadwords_int,2026-07-18,2.6083088404,2.7270708514000015,0.0,2.7270708514000015,0.11876201100000161,1.0455321889649343
369626124,mock_campaign_617ec63b,googleadwords_int,2026-06-20,0.28639229310000003,0.15612154060000002,0.0,0.15612154060000002,-0.1302707525,0.54513178029370657
369626124,mock_campaign_617ec63b,googleadwords_int,2026-07-02,0.83559097110000013,0.5723161357,0.0,0.5723161357,-0.26327483540000018,0.68492379105842138
369804654,mock_campaign_92e554bf,googleadwords_int,2026-07-24,0.91831171309999993,2.5851596653000013,0.0,2.5851596653000013,1.6668479522000013,2.8151221730289411
989105150,mock_campaign_58ab9c06,googleadwords_int,2026-07-26,0.0411675241,0.0,0.0,0.0,-0.0411675241,0.0
525989111,mock_campaign_c82cc8f4,googleadwords_int,2026-07-23,3.9998928845,1.9031658351999965,0.0,1.9031658351999965,-2.0967270493000036,0.47580420030120346
585166272,mock_campaign_60587c25,googleadwords_int,2026-07-02,0.29350896422828382,0.3350369739,0.0,0.3350369739,0.04152800967171616,1.1414880454534149
590094865,mock_campaign_23f341fc,googleadwords_int,2026-07-05,0.016322822,0.0062484795,0.0,0.0062484795,-0.0100743425,0.38280632478869153
571438578,mock_campaign_756e1c81,googleadwords_int,2026-07-08,0.040685,0.0019516148,0.0,0.0019516148,-0.0387333852,0.047968902543935113
585166272,mock_campaign_60587c25,googleadwords_int,2026-07-12,0.14328636754008833,0.36841187999999997,0.0,0.36841187999999997,0.22512551245991164,2.571157928872239
590094865,mock_campaign_23f341fc,googleadwords_int,2026-07-12,0.024411000000000002,0.0098638077,0.0,0.0098638077,-0.014547192300000003,0.40407225021506693
611892113,mock_campaign_9bfd19ea,googleadwords_int,2026-07-17,1.3326111365999982,1.2398053404000007,0.0,1.2398053404000007,-0.092805796199997515,0.93035793139416445
788967442,mock_campaign_475f8981,googleadwords_int,2026-07-03,0.1126868719,0.18660469370000002,0.0,0.18660469370000002,0.073917821800000019,1.6559577043330813
788967442,mock_campaign_475f8981,googleadwords_int,2026-07-13,0.1976469163,0.1419417597,0.0,0.1419417597,-0.0557051566,0.71815823063261219
148918961,mock_campaign_993fe179,googleadwords_int,2026-06-02,18.550698424600011,3.7934920323000041,0.0,3.7934920323000041,-14.757206392300006,0.20449321882509117
243641668,mock_campaign_1e8723bd,googleadwords_int,2026-06-22,13.001080424430643,13.022609630900048,0.0,13.022609630900048,0.021529206469404372,1.0016559551796131
243641668,mock_campaign_1e8723bd,googleadwords_int,2026-07-09,9.3526365555412116,5.8902218768999983,0.0,5.8902218768999983,-3.4624146786412133,0.62979266241348641
261307969,mock_campaign_b4ba1e63,googleadwords_int,2026-06-17,47.527024929500016,38.455939053499918,45.868107095000006,84.324046148499917,36.7970212189999,1.7742336338868963
,mock_campaign_759b1811,,,0.0,0.0009273992,0.0,0.0009273992,0.0009273992,
,mock_campaign_fb57024c,,,0.0,0.19470542380000005,0.0,0.19470542380000005,0.19470542380000005,
,mock_campaign_c13d8f45,,,0.0,0.0710403074,41.3191668847,41.3902071921,41.3902071921,
,mock_campaign_b4ba1e63,,,0.0,0.5195193502,25.4470760775,25.9665954277,25.9665954277,
,mock_campaign_b4ba1e63,,,0.0,1.1034368932,0.0,1.1034368932,1.1034368932,
,mock_campaign_5dcabbd9,,,0.0,0.6381793135,76.408522,77.046701313500009,77.046701313500009,
,mock_campaign_483107f1,,,0.0,0.029551932200000002,0.0,0.029551932200000002,0.029551932200000002,
,mock_campaign_e6535e2b,,,0.0,0.045953394700000011,0.0,0.045953394700000011,0.045953394700000011,
,mock_campaign_970b80f7,,,0.0,1.0005299772999934,45.1751296991,46.175659676399988,46.175659676399988,
,mock_campaign_12520749,,,0.0,0.010845984599999999,0.0,0.010845984599999999,0.010845984599999999,
,mock_campaign_796ef0d2,,,0.0,0.006178415,0.0,0.006178415,0.006178415,
,mock_campaign_a35fcde2,,,0.0,0.0016891914,0.0,0.0016891914,0.0016891914,
,mock_campaign_a3bfa925,,,0.0,0.0031083160000000003,0.0,0.0031083160000000003,0.0031083160000000003,
,mock_campaign_a82360d0,,,0.0,0.0487483313,0.0,0.0487483313,0.0487483313,
,mock_campaign_b0c8a1e0,,,0.0,0.0137007945,0.0,0.0137007945,0.0137007945,
,,,,0.0,16.427613119200053,0.0,16.427613119200053,16.427613119200053,
,,,,0.0,0.0,180.83542735419994,180.83542735419994,180.83542735419994,
,,,,0.0,4.3716133303000175,0.0,4.3716133303000175,4.3716133303000175,
,,,,0.0,1.5639657561000015,0.0,1.5639657561000015,1.5639657561000015,
739276167,mock_campaign_1fbdf2e3,googleadwords_int,2026-06-30,42.288713264063183,58.611114784400016,98.05208300000001,156.66319778440004,114.37448452033686,3.70461018300909
739276167,mock_campaign_1fbdf2e3,googleadwords_int,2026-07-11,46.533328209351922,42.903571092400007,59.847822,102.75139309240001,56.218064883048086,2.2081247365356043
180761354,mock_campaign_07fb7039,googleadwords_int,2026-07-09,0.2703176496000001,0.09004307369999999,0.0,0.09004307369999999,-0.18027457590000012,0.33310097891588042
161694703,mock_campaign_2c0c0430,googleadwords_int,2026-07-02,42.7158267641,25.143594880499904,108.91791114029999,134.0615060207999,91.3456792566999,3.1384504568098461
464541057,mock_campaign_d8ff83e7,googleadwords_int,2026-07-24,5.6907972873,2.9367624348000003,0.0,2.9367624348000003,-2.7540348524999994,0.51605465570771514
434877610,mock_campaign_0dfbbe6f,googleadwords_int,2026-07-16,0.5331093879,0.4983191064,0.0,0.4983191064,-0.034790281499999964,0.9347408200087336
265069104,mock_campaign_b8b1eac5,googleadwords_int,2026-06-02,24.470346492178535,5.1847386047000033,4.7146618613,9.899400466000003,-14.570946026178532,0.40454680399250381
369626124,mock_campaign_617ec63b,googleadwords_int,2026-06-30,0.39037501609999997,0.2845395778999999,0.0,0.2845395778999999,-0.10583543820000008,0.72888777755979939
280939212,mock_campaign_45884f7b,googleadwords_int,2026-07-23,0.98549729470000025,0.16854079169999997,0.0,0.16854079169999997,-0.81695650300000033,0.17102105972934836
529859974,mock_campaign_d2ea5396,googleadwords_int,2026-07-15,2.535347616200001,1.6986768594000008,0.0,1.6986768594000008,-0.83667075680000025,0.66999761632134336
529859974,mock_campaign_d2ea5396,googleadwords_int,2026-06-26,2.3141221149999991,2.1848748073000008,41.827468271499995,44.012343078799994,41.6982209638,19.019023582858768
514288304,mock_campaign_c95b5395,googleadwords_int,2026-06-15,6.3751767599999969,3.8458913610000005,0.0,3.8458913610000005,-2.5292853989999964,0.60326034960009522
624225880,mock_campaign_ae3dba5e,googleadwords_int,2026-06-04,0.4062421661,0.15982731569999997,0.0,0.15982731569999997,-0.24641485040000005,0.3934286714606014
611748075,mock_campaign_628993e1,googleadwords_int,2026-07-13,0.0018690688999999999,0.0,0.0,0.0,-0.0018690688999999999,0.0
792104306,mock_campaign_6fcee95d,googleadwords_int,2026-06-28,41.594834586500014,18.671533191500128,27.4498812751,46.121414466600129,4.5265798801001154,1.1088255290614681
,mock_campaign_ce3403c4,,,0.0,0.061801984600000005,0.0,0.061801984600000005,0.061801984600000005,
,mock_campaign_970b80f7,,,0.0,0.83929627599999024,6.3567610000000005,7.1960572759999906,7.1960572759999906,
,mock_campaign_9772a6c4,,,0.0,0.00032739229999999991,0.0,0.00032739229999999991,0.00032739229999999991,
,mock_campaign_cb530cbb,,,0.0,0.023134024,0.0,0.023134024,0.023134024,
,mock_campaign_631a1654,,,0.0,0.0026140428000000003,0.0,0.0026140428000000003,0.0026140428000000003,
,mock_campaign_541ebe5c,,,0.0,0.0032751969,0.0,0.0032751969,0.0032751969,
,mock_campaign_c95b5395,,,0.0,0.0086918197,0.0,0.0086918197,0.0086918197,
,mock_campaign_b8b1eac5,,,0.0,0.02320663630000001,0.0,0.02320663630000001,0.02320663630000001,
,mock_campaign_d1c03fd5,,,0.0,0.3841789403,26.874103953100004,27.258282893400004,27.258282893400004,
,mock_campaign_6b5afb99,,,0.0,0.11496565329999998,42.0916139843,42.206579637599994,42.206579637599994,
,mock_campaign_12520749,,,0.0,0.004624257,0.0,0.004624257,0.004624257,
,mock_campaign_2c0c0430,,,0.0,0.6726892645000736,104.3798283797,105.05251764420008,105.05251764420008,
,mock_campaign_d1c03fd5,,,0.0,0.0,21.672900190900002,21.672900190900002,21.672900190900002,
,,,,0.0,0.0,914.75638454559987,914.75638454559987,914.75638454559987,
,,,,0.0,14.702856979000593,0.0,14.702856979000593,14.702856979000593,
654635500,mock_campaign_67ff1f36,googleadwords_int,2026-07-17,2.9719554388999985,1.1765676705,0.0,1.1765676705,-1.7953877683999984,0.3958900779937265
739276167,mock_campaign_1fbdf2e3,googleadwords_int,2026-07-03,47.575069260151466,49.0167611384997,76.408522,125.42528313849971,77.850213878348242,2.6363657497300803
998337322,mock_campaign_fe944d1c,googleadwords_int,2026-06-04,72.432753715799691,42.200156633799672,131.75835469410003,173.95851132789971,101.52575761210002,2.4016553617504437
998337322,mock_campaign_fe944d1c,googleadwords_int,2026-06-05,71.568946883499777,44.978428073999829,135.4471130379,180.42554111189983,108.85659422840006,2.5210031580539707
432166127,mock_campaign_f8b84857,googleadwords_int,2026-07-13,1.2808826002,0.64262522450000015,0.0,0.64262522450000015,-0.63825737569999985,0.50170501527591926
502057685,mock_campaign_befecb98,googleadwords_int,2026-07-01,2.0043302510000003,1.849399611799994,0.0,1.849399611799994,-0.15493063920000627,0.92270204018389268
369804654,mock_campaign_92e554bf,googleadwords_int,2026-07-13,0.0029024679,0.0360157008,0.0,0.0360157008,0.033113232900000004,12.408647413464935
351751429,mock_campaign_b7e37028,googleadwords_int,2026-07-16,25.525834024480019,21.286113577299997,0.0,21.286113577299997,-4.2397204471800229,0.83390472400964422
585166272,mock_campaign_60587c25,googleadwords_int,2026-06-23,0.47259867716895992,0.4063817434,0.0,0.4063817434,-0.066216933768959929,0.85988760238258866
792104306,mock_campaign_6fcee95d,googleadwords_int,2026-07-05,43.740061060999921,16.388057250300193,27.429017340900003,43.817074591200196,0.077013530200275682,1.001760709252163
148918961,mock_campaign_993fe179,googleadwords_int,2026-06-28,28.513862551,5.8421270563000034,53.616871364000005,59.458998420300006,30.945135869300007,2.085266361719722
161332031,mock_campaign_12520749,googleadwords_int,2026-07-13,0.34955005970000008,0.171186682,0.0,0.171186682,-0.17836337770000008,0.48973438066902431
261307969,mock_campaign_b4ba1e63,googleadwords_int,2026-06-13,49.005660227000021,23.090910128400033,0.0,23.090910128400033,-25.914750098599988,0.47118863456670523
,mock_campaign_ce3403c4,,,0.0,0.5380201999,89.147522000000009,89.685542199900013,89.685542199900013,
,mock_campaign_d1e62852,,,0.0,0.0089733516,0.0,0.0089733516,0.0089733516,
,mock_campaign_a3bfa925,,,0.0,0.018081736600000002,0.0,0.018081736600000002,0.018081736600000002,
,mock_campaign_fb57024c,,,0.0,1.2165388308000002,0.0,1.2165388308000002,1.2165388308000002,
,mock_campaign_c13d8f45,,,0.0,0.21520247480000013,77.38891544,77.6041179148,77.6041179148,
,mock_campaign_46e33ad3,,,0.0,0.0016930131,0.0,0.0016930131,0.0016930131,
,mock_campaign_859c6e7e,,,0.0,0.00084332180000000056,0.0,0.00084332180000000056,0.00084332180000000056,
,mock_campaign_7822c4d6,,,0.0,0.0022522552,0.0,0.0022522552,0.0022522552,
,mock_campaign_a544a26e,,,0.0,0.015121193,0.0,0.015121193,0.015121193,
,mock_campaign_a3dbd347,,,0.0,0.039971160299999996,0.0,0.039971160299999996,0.039971160299999996,
,mock_campaign_759b1811,,,0.0,0.0005210251,0.0,0.0005210251,0.0005210251,
,mock_campaign_796ef0d2,,,0.0,0.0192499029,0.0,0.0192499029,0.0192499029,
,mock_campaign_631a1654,,,0.0,0.0,0.0,0.0,0.0,
,,,,0.0,12.053629061000041,0.0,12.053629061000041,12.053629061000041,
,,,,0.0,19.180346686100176,0.0,19.180346686100176,19.180346686100176,
,,,,0.0,4.6967852225999787,0.0,4.6967852225999787,4.6967852225999787,
,,,,0.0,15.456903866999983,0.0,15.456903866999983,15.456903866999983,
,,,,0.0,12.709949984400026,0.0,12.709949984400026,12.709949984400026,
232552584,mock_campaign_a5da28b5,googleadwords_int,2026-07-06,20.485810539906886,12.33398642520001,0.0,12.33398642520001,-8.1518241147068764,0.60207461165244536
140410898,mock_campaign_a2e93e84,googleadwords_int,2026-06-24,29.6596758334,35.945871971499962,89.122044,125.06791597149996,95.408240138099956,4.216766112819748
161694703,mock_campaign_2c0c0430,googleadwords_int,2026-06-23,22.716617029700018,13.911788009200068,54.7882810134,68.700069022600076,45.983451992900058,3.0242209450808919
180761354,mock_campaign_07fb7039,googleadwords_int,2026-07-16,0.92061122930000017,0.51301609069999943,0.0,0.51301609069999943,-0.40759513860000074,0.55725595601313538
180761354,mock_campaign_07fb7039,googleadwords_int,2026-06-19,0.20739911080000004,0.15623109600000007,0.0,0.15623109600000007,-0.051168014799999967,0.75328720261803572
510225620,mock_campaign_10287894,googleadwords_int,2026-07-02,15.979626937300051,4.92264132310001,0.0,4.92264132310001,-11.056985614200041,0.30805733715907074
510225620,mock_campaign_10287894,googleadwords_int,2026-06-26,8.8654844538000166,2.5204875840000041,22.907867259099998,25.428354843100003,16.562870389299988,2.8682419980106824
464541057,mock_campaign_d8ff83e7,googleadwords_int,2026-07-12,0.20904848069999998,0.0,0.0,0.0,-0.20904848069999998,0.0
351751429,mock_campaign_b7e37028,googleadwords_int,2026-06-24,30.904375124050031,15.106364803999996,0.0,15.106364803999996,-15.798010320050034,0.48880990938542235
900383572,mock_campaign_45368c6d,googleadwords_int,2026-07-11,3.6721931108999977,4.0805424670999937,0.0,4.0805424670999937,0.408349356199996,1.1112004036465053
525989111,mock_campaign_c82cc8f4,googleadwords_int,2026-07-08,0.3334363586000002,0.34460268900000007,0.0,0.34460268900000007,0.011166330399999869,1.0334886406715931
611892113,mock_campaign_9bfd19ea,googleadwords_int,2026-06-30,1.9684289932999985,1.5208098458000021,0.0,1.5208098458000021,-0.44761914749999643,0.77260081566387651
848321939,mock_campaign_c41abc99,googleadwords_int,2026-06-24,0.0,0.0,0.0,0.0,0.0,
261307969,mock_campaign_b4ba1e63,googleadwords_int,2026-06-16,48.820045492599974,24.000063258699978,0.0,24.000063258699978,-24.819982233899996,0.49160264019700373
243641668,mock_campaign_1e8723bd,googleadwords_int,2026-07-26,11.998903629222662,8.1623639297999873,0.0,8.1623639297999873,-3.8365396994226746,0.68025914550401123
258346999,mock_campaign_8ba2a925,googleadwords_int,2026-07-11,0.0,0.0,0.0,0.0,0.0,
,mock_campaign_970b80f7,,,0.0,1.7431206825999972,93.6883563846,95.431477067199992,95.431477067199992,
,mock_campaign_055f8111,,,0.0,0.45492625070000003,0.0,0.45492625070000003,0.45492625070000003,
,mock_campaign_759b1811,,,0.0,0.0086879979999999971,0.0,0.0086879979999999971,0.0086879979999999971,
,mock_campaign_d1c03fd5,,,0.0,0.1132229581,0.0,0.1132229581,0.1132229581,
,mock_campaign_a0dc7a81,,,0.0,0.0021860124,0.0,0.0021860124,0.0021860124,
,mock_campaign_12520749,,,0.0,0.0038586430999999997,0.0,0.0038586430999999997,0.0038586430999999997,
,mock_campaign_e6535e2b,,,0.0,0.0,0.0,0.0,0.0,
,mock_campaign_5dcabbd9,,,0.0,1.0572694833000003,38.204261,39.2615304833,39.2615304833,
,mock_campaign_cdc62e82,,,0.0,1.14651e-05,0.0,1.14651e-05,1.14651e-05,
,mock_campaign_9b51e95a,,,0.0,0.0002025501,0.0,0.0002025501,0.0002025501,
,mock_campaign_ce3403c4,,,0.0,0.0040599193000000009,0.0,0.0040599193000000009,0.0040599193000000009,
,mock_campaign_1941c5ac,,,0.0,2.5478e-06,0.0,2.5478e-06,2.5478e-06,
,,,,0.0,0.0,45.122222084300006,45.122222084300006,45.122222084300006,
,mock_campaign_d1c03fd5,,,0.0,0.0,26.0103946575,26.0103946575,26.0103946575,
,,,,0.0,0.0,304.5011947171,304.5011947171,304.5011947171,
654635500,mock_campaign_67ff1f36,googleadwords_int,2026-06-26,0.1777511376,0.077060758800000032,0.0,0.077060758800000032,-0.10069037879999997,0.433531733413784
140410898,mock_campaign_a2e93e84,googleadwords_int,2026-06-17,62.525941569199993,41.30632979440005,34.357082999999996,75.663412794400045,13.137471225200052,1.2101123293067131
180761354,mock_campaign_07fb7039,googleadwords_int,2026-06-22,0.035341432099999993,0.035957101400000004,0.0,0.035957101400000004,0.00061566930000001019,1.0174206098456324
900383572,mock_campaign_45368c6d,googleadwords_int,2026-06-25,2.0978886632999987,4.4335503482999554,0.0,4.4335503482999554,2.3356616849999567,2.1133391994816058
590094865,mock_campaign_23f341fc,googleadwords_int,2026-06-19,0.50449806850000023,0.38043622210000022,0.0,0.38043622210000022,-0.12406184640000001,0.75408856020228754
611892113,mock_campaign_9bfd19ea,googleadwords_int,2026-07-15,1.5014717879999986,1.5054797332000014,0.0,1.5054797332000014,0.0040079452000028049,1.0026693443273693
611748075,mock_campaign_628993e1,googleadwords_int,2026-07-25,0.2640725021,0.1639827775,0.0,0.1639827775,-0.10008972459999999,0.62097634625320575
611748075,mock_campaign_628993e1,googleadwords_int,2026-07-26,0.6030973523,0.39042487200000003,0.0,0.39042487200000003,-0.21267248029999991,0.64736625108874657
788967442,mock_campaign_475f8981,googleadwords_int,2026-06-15,0.2173164864,0.4301629086,0.0,0.4301629086,0.2128464222,1.9794306254714047
,mock_campaign_337b8797,,,0.0,0.0002560539,0.0,0.0002560539,0.0002560539,
,mock_campaign_6b5afb99,,,0.0,0.0037057751,0.0,0.0037057751,0.0037057751,
,mock_campaign_5acba08b,,,0.0,0.0,0.0,0.0,0.0,
,mock_campaign_b0c8a1e0,,,0.0,0.087184442099999981,84.3642262284,84.4514106705,84.4514106705,
,mock_campaign_cb530cbb,,,0.0,1.2739e-06,0.0,1.2739e-06,1.2739e-06,
,mock_campaign_796ef0d2,,,0.0,0.0110854778,0.0,0.0110854778,0.0110854778,
,mock_campaign_a3bfa925,,,0.0,8.2803500000000008e-05,0.0,8.2803500000000008e-05,8.2803500000000008e-05,
,mock_campaign_5dcabbd9,,,0.0,0.2525443055,38.204261,38.456805305500005,38.456805305500005,
,mock_campaign_b4ba1e63,,,0.0,1.1267021289000005,44.8035266996,45.9302288285,45.9302288285,
,mock_campaign_e6a4a79e,,,0.0,0.0107160468,0.0,0.0107160468,0.0107160468,
,mock_campaign_759b1811,,,0.0,0.0314360303,0.0,0.0314360303,0.0314360303,
,mock_campaign_4bf50c0c,,,0.0,0.0,0.0,0.0,0.0,
,mock_campaign_96cf8fb0,,,0.0,0.0134256321,0.0,0.0134256321,0.0134256321,
,mock_campaign_b0c8a1e0,,,0.0,0.0452476541,41.4167552681,41.4620029222,41.4620029222,
,mock_campaign_a544a26e,,,0.0,0.036540547600000008,0.0,0.036540547600000008,0.036540547600000008,
,mock_campaign_a544a26e,,,0.0,0.047548317500000006,0.0,0.047548317500000006,0.047548317500000006,
,mock_campaign_796ef0d2,,,0.0,0.016858792600000005,42.1232219911,42.1400807837,42.1400807837,
,mock_campaign_df87094f,,,0.0,0.3104710863,25.465260999999998,25.7757320863,25.7757320863,
,mock_campaign_c13d8f45,,,0.0,0.35168684689999996,62.0659430495,62.4176298964,62.4176298964,
,,,,0.0,0.15201703480000003,0.0,0.15201703480000003,0.15201703480000003,
,,,,0.0,0.0,68.9105988322,68.9105988322,68.9105988322,
,,,,0.0,0.0,108.217805,108.217805,108.217805,
232552584,mock_campaign_a5da28b5,googleadwords_int,2026-07-21,29.90462373115826,15.457054187199994,45.5079768389,60.965031026099993,31.060407294941733,2.0386489920145436
660741874,mock_campaign_7e7497dd,googleadwords_int,2026-06-22,0.26756734359999995,0.060275852399999996,0.0,0.060275852399999996,-0.20729149119999996,0.22527357632293663
660741874,mock_campaign_7e7497dd,googleadwords_int,2026-07-12,0.065096,0.1230740268,0.0,0.1230740268,0.0579780268,1.8906542153127688
739276167,mock_campaign_1fbdf2e3,googleadwords_int,2026-06-20,45.202966315425911,35.418290108200011,0.0,35.418290108200011,-9.7846762072259,0.78353906823396247
140410898,mock_campaign_a2e93e84,googleadwords_int,2026-07-03,56.06206906809998,47.0716330372993,98.05208300000001,145.12371603729932,89.06164696919933,2.5886257580149952
180761354,mock_campaign_07fb7039,googleadwords_int,2026-07-14,0.89741101490000008,0.81234055199999977,0.0,0.81234055199999977,-0.08507046290000031,0.90520457016066391
161694703,mock_campaign_2c0c0430,googleadwords_int,2026-06-27,42.574778378699989,24.361113270599983,73.9536682918,98.314781562399986,55.7400031837,2.309225915115662
180761354,mock_campaign_07fb7039,googleadwords_int,2026-07-20,0.72842179889999981,0.22207134359999992,0.0,0.22207134359999992,-0.50635045529999989,0.30486641659455144
510225620,mock_campaign_10287894,googleadwords_int,2026-07-04,15.977307892300056,5.1184423009000195,22.6783359571,27.796778258000018,11.819470365699962,1.7397660760731861
502057685,mock_campaign_befecb98,googleadwords_int,2026-07-11,1.8134110062999993,1.2673585234999996,0.0,1.2673585234999996,-0.54605248279999974,0.69888101434095729
434877610,mock_campaign_0dfbbe6f,googleadwords_int,2026-07-12,0.0568589149,0.0,0.0,0.0,-0.0568589149,0.0
434877610,mock_campaign_0dfbbe6f,googleadwords_int,2026-07-17,0.67655330610000008,0.4082632937,0.0,0.4082632937,-0.26829001240000011,0.60344586305170655
434877610,mock_campaign_0dfbbe6f,googleadwords_int,2026-06-26,0.34656540809999997,0.693320075,0.0,0.693320075,0.34675466690000006,2.0005460983571259
434877610,mock_campaign_0dfbbe6f,googleadwords_int,2026-07-22,0.54773239060000012,0.75802018209999977,0.0,0.75802018209999977,0.21028779149999965,1.3839243307660607
369804654,mock_campaign_92e554bf,googleadwords_int,2026-06-19,0.2081029613,0.41313213949999988,0.0,0.41313213949999988,0.20502917819999988,1.9852295081204108
369804654,mock_campaign_92e554bf,googleadwords_int,2026-06-26,0.28501307160000006,0.6272008433,0.0,0.6272008433,0.3421877717,2.2006037820617625
972671114,mock_campaign_9911559c,googleadwords_int,2026-06-25,0.0,0.0,0.0,0.0,0.0,
529859974,mock_campaign_d2ea5396,googleadwords_int,2026-06-25,2.5596031994999988,2.506117992000013,0.0,2.506117992000013,-0.053485207499985865,0.97910410195203934
514288304,mock_campaign_c95b5395,googleadwords_int,2026-06-21,7.3642632854000061,3.4602958439000195,0.0,3.4602958439000195,-3.9039674414999865,0.46987671540209824
611892113,mock_campaign_9bfd19ea,googleadwords_int,2026-07-23,3.4530165063000009,1.8145520773000008,0.0,1.8145520773000008,-1.638464429,0.52549765516306257
792104306,mock_campaign_6fcee95d,googleadwords_int,2026-06-03,21.748674498800039,12.652416838700075,0.0,12.652416838700075,-9.0962576600999636,0.58175576812270369
742036733,mock_campaign_e0586969,googleadwords_int,2026-07-26,9.6348440731826877,25.28954432959998,0.0,25.28954432959998,15.654700256417293,2.62480058187865
243641668,mock_campaign_1e8723bd,googleadwords_int,2026-06-10,11.876461503377396,10.622244447400002,39.1608898355,49.7831342829,37.906672779522609,4.1917480445453226
258346999,mock_campaign_8ba2a925,googleadwords_int,2026-07-25,0.0,0.0,0.0,0.0,0.0,
,mock_campaign_2254e49d,,,0.0,0.0012293135,43.942276031,43.9435053445,43.9435053445,
,mock_campaign_2254e49d,,,0.0,0.0,0.0,0.0,0.0,
,mock_campaign_df87094f,,,0.0,0.19669143390000002,21.643561,21.840252433899998,21.840252433899998,
,mock_campaign_337b8797,,,0.0,0.0230295642,0.0,0.0230295642,0.0230295642,
,mock_campaign_21ff68ff,,,0.0,0.2198687705,0.0,0.2198687705,0.2198687705,
,mock_campaign_df87094f,,,0.0,0.8279267185,25.465260999999998,26.293187718499997,26.293187718499997,
,mock_campaign_15f5ae79,,,0.0,0.0415660831,0.0,0.0415660831,0.0415660831,
,mock_campaign_b0c8a1e0,,,0.0,0.0098561643000000011,0.0,0.0098561643000000011,0.0098561643000000011,
,mock_campaign_759b1811,,,0.0,0.0013872771000000002,0.0,0.0013872771000000002,0.0013872771000000002,
,,,,0.0,1.8665705098999892,0.0,1.8665705098999892,1.8665705098999892,
,,,,0.0,4.0367801803999974,0.0,4.0367801803999974,4.0367801803999974,
180761354,mock_campaign_07fb7039,googleadwords_int,2026-07-10,0.28546711620000004,0.14791635069999992,0.0,0.14791635069999992,-0.13755076550000012,0.51815548028435188
434877610,mock_campaign_0dfbbe6f,googleadwords_int,2026-07-14,0.42978006600000013,0.39130131519999989,0.0,0.39130131519999989,-0.038478750800000239,0.91046874007413781
434877610,mock_campaign_0dfbbe6f,googleadwords_int,2026-07-03,0.48755276600000008,0.28946702310000016,0.0,0.28946702310000016,-0.19808574289999992,0.5937142465109102
262368493,mock_campaign_c13d8f45,googleadwords_int,2026-06-14,10.803417598500001,6.7229422810999884,0.0,6.7229422810999884,-4.0804753174000128,0.62229773308341185
972671114,mock_campaign_9911559c,googleadwords_int,2026-07-06,0.0095137804,0.0,0.0,0.0,-0.0095137804,0.0
900383572,mock_campaign_45368c6d,googleadwords_int,2026-07-22,5.2487360471999969,5.9347039170999949,0.0,5.9347039170999949,0.685967869899998,1.1306920111301721
525989111,mock_campaign_c82cc8f4,googleadwords_int,2026-07-13,0.035853249399999988,0.037609349699999996,0.0,0.037609349699999996,0.0017561003000000075,1.0489802271589923
585166272,mock_campaign_60587c25,googleadwords_int,2026-07-21,0.79393891376087866,1.0048714285,0.0,1.0048714285,0.21093251473912134,1.2656785189428954
810543724,mock_campaign_c492b014,googleadwords_int,2026-06-23,0.4698580458,0.9002944297,0.0,0.9002944297,0.43043638389999994,1.9160987829145735
161332031,mock_campaign_12520749,googleadwords_int,2026-07-05,0.13065092680000009,0.048212019400000021,0.0,0.048212019400000021,-0.082438907400000067,0.3690139869715795
,mock_campaign_21ff68ff,,,0.0,0.078956321999999926,0.0,0.078956321999999926,0.078956321999999926,
,mock_campaign_e6535e2b,,,0.0,0.0,0.0,0.0,0.0,
,mock_campaign_9772a6c4,,,0.0,0.010291838099999995,0.0,0.010291838099999995,0.010291838099999995,
,mock_campaign_21ff68ff,,,0.0,0.2317083971,0.0,0.2317083971,0.2317083971,
,mock_campaign_2254e49d,,,0.0,7.6434e-06,0.0,7.6434e-06,7.6434e-06,
,mock_campaign_e6535e2b,,,0.0,0.04728589410000001,0.0,0.04728589410000001,0.04728589410000001,
,mock_campaign_c13d8f45,,,0.0,0.25878768940000008,5.7910283795,6.0498160689,6.0498160689,
,mock_campaign_c95b5395,,,0.0,0.000165607,0.0,0.000165607,0.000165607,
,mock_campaign_ae804aae,,,0.0,0.011401405,0.0,0.011401405,0.011401405,
,mock_campaign_fb57024c,,,0.0,0.1129554391,0.0,0.1129554391,0.1129554391,
,mock_campaign_fb57024c,,,0.0,0.0025707302000000003,0.0,0.0025707302000000003,0.0025707302000000003,
,mock_campaign_4d69402b,,,0.0,0.086302903300000011,0.0,0.086302903300000011,0.086302903300000011,
,mock_campaign_970b80f7,,,0.0,0.99078082060000239,79.600389279300018,80.591170099900026,80.591170099900026,
,mock_campaign_6aedfff8,,,0.0,0.098686485199999952,0.0,0.098686485199999952,0.098686485199999952,
,,,,0.0,0.084529634500000048,0.0,0.084529634500000048,0.084529634500000048,
,,,,0.0,0.0,94.920748900900008,94.920748900900008,94.920748900900008,
,,,,0.0,0.0,367.70622984690004,367.70622984690004,367.70622984690004,
,,,,0.0,10.746250968999991,0.0,10.746250968999991,10.746250968999991,
654635500,mock_campaign_67ff1f36,googleadwords_int,2026-07-12,1.9540037196999998,1.0348577606,0.0,1.0348577606,-0.91914595909999974,0.52960890000704952
998337322,mock_campaign_fe944d1c,googleadwords_int,2026-07-14,16.6037413469,19.367613807799955,101.9985258358,121.36613964359995,104.76239829669996,7.3095657844766171
998337322,mock_campaign_fe944d1c,googleadwords_int,2026-07-21,14.133897394399987,15.134179136600087,146.699037338,161.83321647460011,147.69931908020013,11.450006460264831
161694703,mock_campaign_2c0c0430,googleadwords_int,2026-07-04,51.190604212200022,25.442882398700128,165.0994693227,190.54235172140014,139.35174750920012,3.7222133759458353
510225620,mock_campaign_10287894,googleadwords_int,2026-07-10,13.01871584850004,3.7701095978000394,0.0,3.7701095978000394,-9.2486062507,0.28959151130366018
351751429,mock_campaign_b7e37028,googleadwords_int,2026-06-11,21.307624703617307,12.4418933986,0.0,12.4418933986,-8.8657313050173077,0.58391742729013763
369804654,mock_campaign_92e554bf,googleadwords_int,2026-07-19,0.6640792851,0.74244802849999991,0.0,0.74244802849999991,0.078368743399999885,1.1180111248135058
974591165,mock_campaign_674dbd59,googleadwords_int,2026-07-19,0.64938549049999994,0.5369297415,0.0,0.5369297415,-0.112455749,0.8268274381778784
974591165,mock_campaign_674dbd59,googleadwords_int,2026-07-15,0.19829218040000002,0.33293886060000005,0.0,0.33293886060000005,0.13464668020000004,1.6790317193970399
989105150,mock_campaign_58ab9c06,googleadwords_int,2026-07-22,0.0207591144,0.0,0.0,0.0,-0.0207591144,0.0
611892113,mock_campaign_9bfd19ea,googleadwords_int,2026-06-22,0.000683508,0.0,0.0,0.0,-0.000683508,0.0
611892113,mock_campaign_9bfd19ea,googleadwords_int,2026-06-23,0.39732075930000021,0.68145369649999954,0.0,0.68145369649999954,0.28413293719999932,1.71512230496233
611892113,mock_campaign_9bfd19ea,googleadwords_int,2026-07-03,2.1537060422000009,2.0857029661999995,0.0,2.0857029661999995,-0.068003076000001439,0.96842508927980875
792104306,mock_campaign_6fcee95d,googleadwords_int,2026-06-30,30.944558582800003,18.131795774400107,43.394614955899996,61.5264107303001,30.581852147500097,1.9882788298844403
,mock_campaign_970b80f7,,,0.0,0.72588095899999472,53.491061,54.216941958999996,54.216941958999996,
,mock_campaign_15f5ae79,,,0.0,0.0097440611000000014,0.0,0.0097440611000000014,0.0097440611000000014,
,mock_campaign_b0c8a1e0,,,0.0,0.014437108699999998,20.3496900697,20.3641271784,20.3641271784,
,mock_campaign_ce3403c4,,,0.0,0.5444342864,38.204261,38.7486952864,38.7486952864,
,mock_campaign_a999e2ed,,,0.0,1.2739e-06,0.0,1.2739e-06,1.2739e-06,
,mock_campaign_a544a26e,,,0.0,0.000140129,0.0,0.000140129,0.000140129,
,mock_campaign_796ef0d2,,,0.0,0.031204180500000008,0.0,0.031204180500000008,0.031204180500000008,
,mock_campaign_13d78e8d,,,0.0,0.0091771756,0.0,0.0091771756,0.0091771756,
,mock_campaign_541ebe5c,,,0.0,0.0028229624,0.0,0.0028229624,0.0028229624,
,mock_campaign_6b5afb99,,,0.0,0.050485930900000024,7.4701496,7.5206355309,7.5206355309,
161694703,mock_campaign_2c0c0430,googleadwords_int,2026-07-08,52.4181430815,26.002641702100284,68.6109992085,94.613640910600282,42.195497829100283,1.8049788746521316
974591165,mock_campaign_674dbd59,googleadwords_int,2026-07-18,0.33401652670000015,0.39722622409999986,0.0,0.39722622409999986,0.063209697399999709,1.1892412271467394
611892113,mock_campaign_9bfd19ea,googleadwords_int,2026-07-19,1.4099809873999984,1.4033715525999995,0.0,1.4033715525999995,-0.0066094347999989811,0.995312394380447
611892113,mock_campaign_9bfd19ea,googleadwords_int,2026-07-26,3.2099154943000014,1.8837414080000012,0.0,1.8837414080000012,-1.3261740863000002,0.58685077888967785
148918961,mock_campaign_993fe179,googleadwords_int,2026-06-09,19.557849089999998,3.2050674311000038,69.7976408802,73.002708311300012,53.444859221300014,3.7326552615965616
161332031,mock_campaign_12520749,googleadwords_int,2026-06-22,7.5566935710000136,2.4767342146000093,22.9372433931,25.413977607700012,17.857284036699998,3.3631081330636592
261307969,mock_campaign_b4ba1e63,googleadwords_int,2026-06-11,45.912054196999989,29.454582035900021,7.5764323509,37.031014386800024,-8.8810398101999652,0.80656409377604643
,mock_campaign_6b5afb99,,,0.0,0.013933918200000001,0.0,0.013933918200000001,0.013933918200000001,
,mock_campaign_6b5afb99,,,0.0,0.0051108868,0.0,0.0051108868,0.0051108868,
,mock_campaign_2254e49d,,,0.0,0.0067784219000000005,0.0,0.0067784219000000005,0.0067784219000000005,
,mock_campaign_e6a4a79e,,,0.0,0.48570749640000005,0.0,0.48570749640000005,0.48570749640000005,
,mock_campaign_e6535e2b,,,0.0,0.0,0.0,0.0,0.0,
,mock_campaign_b8b1eac5,,,0.0,0.060878407100000038,0.0,0.060878407100000038,0.060878407100000038,
,mock_campaign_483107f1,,,0.0,0.0013872771000000002,0.0,0.0013872771000000002,0.0013872771000000002,
,mock_campaign_5dcabbd9,,,0.0,1.4184659937,21.643561,23.062026993699998,23.062026993699998,
,mock_campaign_048d3b97,,,0.0,0.0,0.0,0.0,0.0,
,mock_campaign_0365d47f,,,0.0,0.011480386800000002,0.0,0.011480386800000002,0.011480386800000002,
,mock_campaign_d1c03fd5,,,0.0,0.1565648578,21.7967449272,21.953309785,21.953309785,
,mock_campaign_2472b5d9,,,0.0,5.0956000000000005e-05,0.0,5.0956000000000005e-05,5.0956000000000005e-05,
,,,,0.0,0.0,321.1878299233,321.1878299233,321.1878299233,
,,,,0.0,0.0,126.6943690704,126.6943690704,126.6943690704,
,,,,0.0,2.6706014122000026,0.0,2.6706014122000026,2.6706014122000026,
243641668,mock_campaign_1e8723bd,googleadwords_int,2026-07-22,14.338046826015999,11.50884063039997,0.0,11.50884063039997,-2.8292061956160293,0.80267841011074736
654635500,mock_campaign_67ff1f36,googleadwords_int,2026-06-21,0.4443819125,0.22605992450000012,0.0,0.22605992450000012,-0.21832198799999986,0.508706403526269
739276167,mock_campaign_1fbdf2e3,googleadwords_int,2026-07-06,46.9333916932708,39.799360872099967,0.0,39.799360872099967,-7.1340308211708319,0.84799669140055578
739276167,mock_campaign_1fbdf2e3,googleadwords_int,2026-06-14,46.38338465661402,35.7192158618,0.0,35.7192158618,-10.664168794814017,0.77008644639102752
161694703,mock_campaign_2c0c0430,googleadwords_int,2026-06-14,121.87775091530006,83.048983077796123,118.38920095059999,201.43818402839611,79.560433113096053,1.6527888192520654
161694703,mock_campaign_2c0c0430,googleadwords_int,2026-07-15,30.138055759300009,16.024566446007611,43.9434633058,59.968029751807613,29.829973992507604,1.989777649585198
464541057,mock_campaign_d8ff83e7,googleadwords_int,2026-07-10,2.4297667863999997,2.2365722171,0.0,2.2365722171,-0.19319456929999967,0.92048843107850642
464541057,mock_campaign_d8ff83e7,googleadwords_int,2026-07-04,2.6807362774000008,2.9067799244000003,0.0,2.9067799244000003,0.22604364699999957,1.0843214787316697
432166127,mock_campaign_f8b84857,googleadwords_int,2026-06-28,2.8350007781999991,3.9268935663999964,0.0,3.9268935663999964,1.0918927881999974,1.3851472622498759
432166127,mock_campaign_f8b84857,googleadwords_int,2026-07-15,4.6743915981000024,5.8291727671999993,0.0,5.8291727671999993,1.154781169099997,1.2470441649709836
432166127,mock_campaign_f8b84857,googleadwords_int,2026-07-03,4.1170306953999996,4.9473511613999985,0.0,4.9473511613999985,0.830320465999999,1.201679445073782
432166127,mock_campaign_f8b84857,googleadwords_int,2026-07-17,3.2356992062000005,3.2302702686999996,0.0,3.2302702686999996,-0.0054289375000009521,0.99832217485185326
502057685,mock_campaign_befecb98,googleadwords_int,2026-07-09,2.6984887703000004,1.4777507519000022,0.0,1.4777507519000022,-1.2207380183999983,0.5476216051607713
434877610,mock_campaign_0dfbbe6f,googleadwords_int,2026-07-13,0.0026070947999999997,0.0069682330000000008,0.0,0.0069682330000000008,0.0043611382000000014,2.6727961714318949
265069104,mock_campaign_b8b1eac5,googleadwords_int,2026-06-09,12.29733429004264,2.3560831456000022,0.0,2.3560831456000022,-9.9412511444426386,0.1915929981270626
280939212,mock_campaign_45884f7b,googleadwords_int,2026-06-24,0.1301895589,0.0,0.0,0.0,-0.1301895589,0.0
280939212,mock_campaign_45884f7b,googleadwords_int,2026-07-02,0.39216678350000006,0.255022041,0.0,0.255022041,-0.13714474250000008,0.65028975356858576
974591165,mock_campaign_674dbd59,googleadwords_int,2026-07-02,1.0399907836999998,0.714347068399999,35.4265793755,36.1409264439,35.1009356602,34.751198770551191
900383572,mock_campaign_45368c6d,googleadwords_int,2026-07-25,6.0901433459000041,6.5183985276000334,0.0,6.5183985276000334,0.4282551817000293,1.0703193927263368
972671114,mock_campaign_9911559c,googleadwords_int,2026-06-23,0.0609501985,0.0,0.0,0.0,-0.0609501985,0.0
525989111,mock_campaign_c82cc8f4,googleadwords_int,2026-06-29,1.5910894511999993,0.87119855369999932,0.0,0.87119855369999932,-0.7198908975,0.54754844427064842
571438578,mock_campaign_756e1c81,googleadwords_int,2026-06-30,1.5419639410999946,0.3853687629,0.0,0.3853687629,-1.1565951781999946,0.24992073590585298
571438578,mock_campaign_756e1c81,googleadwords_int,2026-07-24,0.20639337760000015,0.17171789829999998,0.0,0.17171789829999998,-0.034675479300000173,0.8319932562603688
792104306,mock_campaign_6fcee95d,googleadwords_int,2026-06-02,23.8209560231,13.377063388600014,62.640698703700004,76.017762092300018,52.196806069200022,3.1912137371221787
258346999,mock_campaign_8ba2a925,googleadwords_int,2026-06-28,0.1939811978,0.38329994930000005,0.0,0.38329994930000005,0.18931875150000005,1.9759644421579092
,mock_campaign_e6a4a79e,,,0.0,0.1484717711,43.287122,43.435593771099995,43.435593771099995,
,mock_campaign_e4bf86e4,,,0.0,0.0044790324,0.0,0.0044790324,0.0044790324,
,mock_campaign_a3bfa925,,,0.0,0.026611771,0.0,0.026611771,0.026611771,
,mock_campaign_970b80f7,,,0.0,1.2856058670999946,123.6732489776,124.95885484469999,124.95885484469999,
,mock_campaign_6b5afb99,,,0.0,0.010281646900000002,0.0,0.010281646900000002,0.010281646900000002,
,mock_campaign_ce3403c4,,,0.0,0.0008165699,81.491383,81.4921995699,81.4921995699,
,mock_campaign_9cb1c00c,,,0.0,0.0039070513000000005,0.0,0.0039070513000000005,0.0039070513000000005,
,mock_campaign_970b80f7,,,0.0,1.9420541804999982,242.4535206675,244.395574848,244.395574848,
,mock_campaign_796ef0d2,,,0.0,0.0037503616,0.0,0.0037503616,0.0037503616,
,mock_campaign_d7a6e79d,,,0.0,0.0029248744,0.0,0.0029248744,0.0029248744,
,mock_campaign_b4ba1e63,,,0.0,0.3146749563,0.0,0.3146749563,0.3146749563,
,mock_campaign_b8b1eac5,,,0.0,0.077816181499999984,0.0,0.077816181499999984,0.077816181499999984,
,mock_campaign_970b80f7,,,0.0,1.205625329500001,53.648656442899991,54.854281772399993,54.854281772399993,
,mock_campaign_796ef0d2,,,0.0,0.00046752130000000014,0.0,0.00046752130000000014,0.00046752130000000014,
,mock_campaign_483107f1,,,0.0,0.0060790508,0.0,0.0060790508,0.0060790508,
,mock_campaign_0365d47f,,,0.0,0.0079134668,0.0,0.0079134668,0.0079134668,
,,,,0.0,1.7489373099999939,0.0,1.7489373099999939,1.7489373099999939,
232552584,mock_campaign_a5da28b5,googleadwords_int,2026-07-25,16.924587357537611,12.272208644699997,0.0,12.272208644699997,-4.6523787128376135,0.72511124705409091
998337322,mock_campaign_fe944d1c,googleadwords_int,2026-06-20,22.266859815000004,20.540614558300085,306.2529639068,326.7935784651001,304.52671865010007,14.676231007883588
161694703,mock_campaign_2c0c0430,googleadwords_int,2026-06-04,130.17949424470009,83.809582907397129,64.6969325412,148.50651544859713,18.327021203897033,1.1407827039905953
180761354,mock_campaign_07fb7039,googleadwords_int,2026-07-01,0.0522045509,0.021455023800000004,0.0,0.021455023800000004,-0.030749527099999997,0.410979951558208
510225620,mock_campaign_10287894,googleadwords_int,2026-07-16,8.2291857004000111,2.5692613933000068,0.0,2.5692613933000068,-5.6599243071000043,0.312213320593205
262368493,mock_campaign_c13d8f45,googleadwords_int,2026-06-21,165.30720885339997,55.243980521398967,41.962673648,97.206654169398973,-68.100554684001,0.58803638899744
369626124,mock_campaign_617ec63b,googleadwords_int,2026-07-18,0.0787539545,0.079069699100000015,0.0,0.079069699100000015,0.0003157446000000147,1.0040092539099101
585166272,mock_campaign_60587c25,googleadwords_int,2026-06-07,3.9623208166733885,3.1593344211000014,0.0,3.1593344211000014,-0.80298639557338714,0.79734442698470254
590094865,mock_campaign_23f341fc,googleadwords_int,2026-07-24,0.040318835,0.0,0.0,0.0,-0.040318835,0.0
788967442,mock_campaign_475f8981,googleadwords_int,2026-07-12,0.0006867628,0.0027669108000000003,35.0184358284,35.0212027392,35.0205159764,50994.612316217477
788967442,mock_campaign_475f8981,googleadwords_int,2026-07-14,0.0716161781,0.0056242685,6.1349826534,6.1406069219,6.0689907438,85.743292714191909
810543724,mock_campaign_c492b014,googleadwords_int,2026-06-27,0.7776050817,0.1809918903,0.0,0.1809918903,-0.59661319139999991,0.23275553948839378
788967442,mock_campaign_475f8981,googleadwords_int,2026-07-23,0.1987584305,0.10550821969999997,0.0,0.10550821969999997,-0.093250210800000025,0.530836450230472
792104306,mock_campaign_6fcee95d,googleadwords_int,2026-07-20,49.188834675100033,15.649106077300059,77.9249661905,93.574072267800062,44.38523759270003,1.902343751094562
,mock_campaign_796ef0d2,,,0.0,0.023048672699999998,0.0,0.023048672699999998,0.023048672699999998,
,mock_campaign_67ff1f36,,,0.0,0.0209110685,0.0,0.0209110685,0.0209110685,
,mock_campaign_2472b5d9,,,0.0,0.0036140543000000003,0.0,0.0036140543000000003,0.0036140543000000003,
,mock_campaign_a35fcde2,,,0.0,0.097513223299999979,0.0,0.097513223299999979,0.097513223299999979,
,mock_campaign_759b1811,,,0.0,0.0158549594,0.0,0.0158549594,0.0158549594,
,mock_campaign_fb57024c,,,0.0,0.70928458980000009,21.643561,22.352845589799998,22.352845589799998,
,mock_campaign_a544a26e,,,0.0,0.47459144500000006,0.0,0.47459144500000006,0.47459144500000006,
,mock_campaign_970b80f7,,,0.0,1.4355553622000008,25.541695,26.977250362200003,26.977250362200003,
,mock_campaign_9eb39c3f,,,0.0,0.0046446394000000009,0.0,0.0046446394000000009,0.0046446394000000009,
,mock_campaign_970b80f7,,,0.0,0.97917049600004147,66.295787870499993,67.27495836650003,67.27495836650003,
,,,,0.0,2.768521009600001,0.0,2.768521009600001,2.768521009600001,
,,,,0.0,15.713852044799985,0.0,15.713852044799985,15.713852044799985,
,,,,0.0,0.42494374030000032,0.0,0.42494374030000032,0.42494374030000032,
,,,,0.0,21.996802004900175,0.0,21.996802004900175,21.996802004900175,
232552584,mock_campaign_a5da28b5,googleadwords_int,2026-07-19,16.069927754395312,13.211769768000014,0.0,13.211769768000014,-2.8581579863952982,0.82214244954439453
232552584,mock_campaign_a5da28b5,googleadwords_int,2026-07-26,23.80311167574229,14.605598535700008,0.0,14.605598535700008,-9.1975131400422825,0.61360038698572961
660741874,mock_campaign_7e7497dd,googleadwords_int,2026-07-16,0.0,0.0,0.0,0.0,0.0,
654635500,mock_campaign_67ff1f36,googleadwords_int,2026-07-13,1.4897260284999994,0.83465418439999994,0.0,0.83465418439999994,-0.65507184409999941,0.56027361302159073
998337322,mock_campaign_fe944d1c,googleadwords_int,2026-06-25,15.578122132600006,18.968862725400022,269.0334874801,288.0023502055,272.4242280729,18.48761665584863
351751429,mock_campaign_b7e37028,googleadwords_int,2026-06-22,19.6195633175828,18.113063074899998,0.0,18.113063074899998,-1.5065002426828009,0.92321438462737371
369626124,mock_campaign_617ec63b,googleadwords_int,2026-07-13,0.0579899579,0.021049923600000003,47.9832511641,48.0043010877,47.9463111298,827.80368922633761
972671114,mock_campaign_9911559c,googleadwords_int,2026-07-15,0.18689387079999997,0.27216363940000005,0.0,0.27216363940000005,0.085269768600000073,1.4562470039012114
972671114,mock_campaign_9911559c,googleadwords_int,2026-06-26,0.0002074935,0.0,0.0,0.0,-0.0002074935,0.0
585166272,mock_campaign_60587c25,googleadwords_int,2026-07-04,0.57665718993865867,1.0623217707,0.0,1.0623217707,0.48566458076134122,1.8422067551312475
148918961,mock_campaign_993fe179,googleadwords_int,2026-07-08,15.900530415100006,2.5645734413000012,35.0221466991,37.5867201404,21.68618972529999,2.3638658056781305
,mock_campaign_fb57024c,,,0.0,0.3888274014,0.0,0.3888274014,0.3888274014,
,mock_campaign_96cf8fb0,,,0.0,0.020330170100000003,0.0,0.020330170100000003,0.020330170100000003,
,mock_campaign_a544a26e,,,0.0,6.11472e-05,0.0,6.11472e-05,6.11472e-05,
,mock_campaign_759b1811,,,0.0,0.0047427297,0.0,0.0047427297,0.0047427297,
,mock_campaign_0365d47f,,,0.0,0.0181186797,0.0,0.0181186797,0.0181186797,
,,,,0.0,0.0,91.0086669698,91.0086669698,91.0086669698,
,,,,0.0,0.0,8.3991195187,8.3991195187,8.3991195187,
,,,,0.0,0.0,105.2311642846,105.2311642846,105.2311642846,
464541057,mock_campaign_d8ff83e7,googleadwords_int,2026-07-25,6.4898742846000008,3.1892825361999995,0.0,3.1892825361999995,-3.3005917484000014,0.49142439380804875
464541057,mock_campaign_d8ff83e7,googleadwords_int,2026-07-20,6.6264074487000046,2.2884224949000012,0.0,2.2884224949000012,-4.337984953800003,0.34534889570501026
351751429,mock_campaign_b7e37028,googleadwords_int,2026-07-07,24.185709925086829,15.607408782500013,0.0,15.607408782500013,-8.5783011425868168,0.645315305229519
900383572,mock_campaign_45368c6d,googleadwords_int,2026-07-04,4.2401931410999989,6.4079998058000758,0.0,6.4079998058000758,2.1678066647000769,1.5112518681490297
900383572,mock_campaign_45368c6d,googleadwords_int,2026-06-22,4.3740207527000043,6.085727309900042,0.0,6.085727309900042,1.7117065572000376,1.3913348047430805
542533692,mock_campaign_796ef0d2,googleadwords_int,2026-06-22,3.6101191926999991,1.4225475692999994,0.0,1.4225475692999994,-2.1875716233999998,0.39404448810901438
624225880,mock_campaign_ae3dba5e,googleadwords_int,2026-06-03,0.138239493,0.0,0.0,0.0,-0.138239493,0.0
585166272,mock_campaign_60587c25,googleadwords_int,2026-06-25,0.33270199143659196,0.0909271603,0.0,0.0909271603,-0.24177483113659196,0.27329911644766747
611892113,mock_campaign_9bfd19ea,googleadwords_int,2026-07-22,2.5418653532000004,1.4774997935999989,0.0,1.4774997935999989,-1.0643655596000015,0.581265955625835
148918961,mock_campaign_993fe179,googleadwords_int,2026-07-11,28.547540780299979,3.5210723390000171,24.8758261961,28.396898535100018,-0.15064224519996117,0.994723109554014
258346999,mock_campaign_8ba2a925,googleadwords_int,2026-07-14,0.0090605495,0.0,0.0,0.0,-0.0090605495,0.0
,mock_campaign_e6a4a79e,,,0.0,0.1772033117,0.0,0.1772033117,0.1772033117,
,mock_campaign_337b8797,,,0.0,0.021326359899999994,0.0,0.021326359899999994,0.021326359899999994,
,mock_campaign_a544a26e,,,0.0,0.013770859,7.866668809600001,7.8804396686000011,7.8804396686000011,
,mock_campaign_90337527,,,0.0,0.070918013,45.5254330906,45.5963511036,45.5963511036,
,mock_campaign_96cf8fb0,,,0.0,0.003796222000000001,0.0,0.003796222000000001,0.003796222000000001,
,mock_campaign_b8b1eac5,,,0.0,0.015276608799999999,19.1492444176,19.1645210264,19.1645210264,
,mock_campaign_970b80f7,,,0.0,1.0253697534000019,29.175332964699997,30.2007027181,30.2007027181,
,mock_campaign_c7abcb25,,,0.0,0.0005783506,0.0,0.0005783506,0.0005783506,
,mock_campaign_e6535e2b,,,0.0,0.14931509289999989,0.0,0.14931509289999989,0.14931509289999989,
,mock_campaign_cdc62e82,,,0.0,0.0091427803,0.0,0.0091427803,0.0091427803,
,mock_campaign_cb530cbb,,,0.0,0.0238270256,0.0,0.0238270256,0.0238270256,
,mock_campaign_a82360d0,,,0.0,0.11026114060000002,0.0,0.11026114060000002,0.11026114060000002,
,mock_campaign_6b5afb99,,,0.0,0.049032411000000005,0.0,0.049032411000000005,0.049032411000000005,
,mock_campaign_2dd27461,,,0.0,0.00064968900000000006,0.0,0.00064968900000000006,0.00064968900000000006,
,mock_campaign_993fe179,,,0.0,0.1114484154,53.5474591008,53.658907516199996,53.658907516199996,
,mock_campaign_d64553bd,,,0.0,0.0004000046,0.0,0.0004000046,0.0004000046,
,,,,0.0,19.980079449800044,0.0,19.980079449800044,19.980079449800044,
,,,,0.0,17.246265845700119,0.0,17.246265845700119,17.246265845700119,
,,,,0.0,14.370087547100084,0.0,14.370087547100084,14.370087547100084,
,,,,0.0,0.0,107.18464407420001,107.18464407420001,107.18464407420001,
,mock_campaign_f81bdda1,,,0.0,0.0,6.5432803424,6.5432803424,6.5432803424,
998337322,mock_campaign_fe944d1c,googleadwords_int,2026-07-08,21.349147798800018,20.019927041800102,104.0062916,124.0262186418001,102.67707084300008,5.8094224561399725
998337322,mock_campaign_fe944d1c,googleadwords_int,2026-07-07,23.720810709300004,23.436464420700052,253.0024814696,276.43894589030009,252.71813518100009,11.653857419886545
998337322,mock_campaign_fe944d1c,googleadwords_int,2026-07-26,22.489127665900007,17.46281228500003,6.3567610000000005,23.819573285000033,1.3304456191000256,1.0591595031548229
180761354,mock_campaign_07fb7039,googleadwords_int,2026-06-25,0.0067748662,0.0,0.0,0.0,-0.0067748662,0.0
464541057,mock_campaign_d8ff83e7,googleadwords_int,2026-07-08,3.0656912377999994,2.4029295441999996,0.0,2.4029295441999996,-0.66276169359999981,0.78381329292782576
432166127,mock_campaign_f8b84857,googleadwords_int,2026-06-21,3.400911226799999,7.2378845086000005,0.0,7.2378845086000005,3.8369732818000015,2.128219181836835
974591165,mock_campaign_674dbd59,googleadwords_int,2026-06-30,1.0307585435,0.5950692635999999,0.0,0.5950692635999999,-0.43568927990000006,0.57731198771286241
972671114,mock_campaign_9911559c,googleadwords_int,2026-07-10,0.18338763749999998,0.17084145509999993,0.0,0.17084145509999993,-0.01254618240000005,0.93158654219535353
900383572,mock_campaign_45368c6d,googleadwords_int,2026-07-23,6.4969127896,6.1675855760999836,0.0,6.1675855760999836,-0.32932721350001604,0.94931019944931538
542533692,mock_campaign_796ef0d2,googleadwords_int,2026-06-21,16.479057282200138,4.8648088108999863,22.9280700392,27.792878850099989,11.313821567899851,1.6865575726907922
529859974,mock_campaign_d2ea5396,googleadwords_int,2026-06-27,2.9610819658,3.0589001451000217,0.0,3.0589001451000217,0.097818179300021679,1.0330346070895049
557162896,mock_campaign_b0c8a1e0,googleadwords_int,2026-06-01,53.278163767700015,20.180998957800085,0.0,20.180998957800085,-33.09716480989993,0.37878555735877018
585166272,mock_campaign_60587c25,googleadwords_int,2026-06-10,4.2390767775964822,3.7748434101999995,0.0,3.7748434101999995,-0.46423336739648269,0.89048715280413049
611748075,mock_campaign_628993e1,googleadwords_int,2026-07-23,0.2799982385,0.0,0.0,0.0,-0.2799982385,0.0
792104306,mock_campaign_6fcee95d,googleadwords_int,2026-07-13,17.102920258500006,5.7468291451000129,38.204261,43.951090145100018,26.848169886600012,2.5698003312186817
788967442,mock_campaign_475f8981,googleadwords_int,2026-06-12,0.10144235160000001,0.059038895499999994,0.0,0.059038895499999994,-0.042403456100000014,0.58199454733460643
792104306,mock_campaign_6fcee95d,googleadwords_int,2026-06-09,19.807792505299972,9.6518957088999571,90.1493755594,99.801271268299956,79.993478762999985,5.038485295198651
788967442,mock_campaign_475f8981,googleadwords_int,2026-06-19,0.11613777360000001,0.23836962020000002,0.0,0.23836962020000002,0.12223184660000001,2.0524727899553947
,mock_campaign_a3bfa925,,,0.0,0.077790703499999989,29.480770872100003,29.558561575600002,29.558561575600002,
,mock_campaign_df87094f,,,0.0,0.2153999293,59.847822,60.0632219293,60.0632219293,
,mock_campaign_3ca54bb1,,,0.0,0.0137390115,0.0,0.0137390115,0.0137390115,
,mock_campaign_cb530cbb,,,0.0,0.0059822344,0.0,0.0059822344,0.0059822344,
,mock_campaign_970b80f7,,,0.0,1.7392123574000018,52.449303797,54.1885161544,54.1885161544,
,mock_campaign_13d78e8d,,,0.0,0.009577180200000002,0.0,0.009577180200000002,0.009577180200000002,
,mock_campaign_048d3b97,,,0.0,0.0063847868,0.0,0.0063847868,0.0063847868,
,mock_campaign_e6535e2b,,,0.0,0.12623075099999981,0.0,0.12623075099999981,0.12623075099999981,
,mock_campaign_5dcabbd9,,,0.0,0.44683189009999735,38.204261,38.6510928901,38.6510928901,
,mock_campaign_b4ba1e63,,,0.0,0.1777829362,0.0,0.1777829362,0.1777829362,
,mock_campaign_9772a6c4,,,0.0,0.0099924716,0.0,0.0099924716,0.0099924716,
,mock_campaign_541ebe5c,,,0.0,0.0157148304,0.0,0.0157148304,0.0157148304,
,mock_campaign_cb530cbb,,,0.0,0.0,0.0,0.0,0.0,
232552584,mock_campaign_a5da28b5,googleadwords_int,2026-07-07,18.835879543175675,8.2752493044000026,45.1096041048,53.384853409200005,34.548973866024326,2.8342108095791883
140410898,mock_campaign_a2e93e84,googleadwords_int,2026-06-18,58.406260652899995,50.7344738855999,49.643882999999995,100.37835688559989,41.97209623269989,1.7186232394183565
464541057,mock_campaign_d8ff83e7,googleadwords_int,2026-06-28,1.8157341197999997,0.70253164589999983,0.0,0.70253164589999983,-1.1132024739,0.38691328110163103
369804654,mock_campaign_92e554bf,googleadwords_int,2026-06-23,0.28087215229999996,1.4445834914999998,0.0,1.4445834914999998,1.1637113391999998,5.14320654315718
369626124,mock_campaign_617ec63b,googleadwords_int,2026-07-25,4.8822e-05,0.0,0.0,0.0,-4.8822e-05,0.0
972671114,mock_campaign_9911559c,googleadwords_int,2026-07-08,0.026119769999999997,0.0,0.0,0.0,-0.026119769999999997,0.0
900383572,mock_campaign_45368c6d,googleadwords_int,2026-06-19,0.0005085625,0.27673566650000092,0.0,0.27673566650000092,0.27622710400000094,544.1527177092313
585166272,mock_campaign_60587c25,googleadwords_int,2026-06-19,0.48007096530125487,0.2774668851,0.0,0.2774668851,-0.20260408020125487,0.57797056092714039
585166272,mock_campaign_60587c25,googleadwords_int,2026-07-11,0.57844939733734413,0.6458673,0.0,0.6458673,0.0674179026626559,1.1165493524117869
148918961,mock_campaign_993fe179,googleadwords_int,2026-06-08,22.011794971900027,3.870574447400009,0.0,3.870574447400009,-18.141220524500017,0.17584092766360646
161332031,mock_campaign_12520749,googleadwords_int,2026-07-10,0.46748285550000035,0.26959927869999989,0.0,0.26959927869999989,-0.19788357680000046,0.57670409840302617
243641668,mock_campaign_1e8723bd,googleadwords_int,2026-06-13,11.195960093251582,14.103020781599945,0.0,14.103020781599945,2.9070606883483627,1.2596526482887884
261307969,mock_campaign_b4ba1e63,googleadwords_int,2026-06-23,86.434864258200037,32.401218469599947,0.0,32.401218469599947,-54.03364578860009,0.37486283744034521
258346999,mock_campaign_8ba2a925,googleadwords_int,2026-06-22,0.1150555526,0.0507802018,0.0,0.0507802018,-0.064275350799999992,0.44135376913569319
243641668,mock_campaign_1e8723bd,googleadwords_int,2026-07-25,13.88726660601197,11.47612433060003,0.0,11.47612433060003,-2.4111422754119403,0.82637747630133873
258346999,mock_campaign_8ba2a925,googleadwords_int,2026-07-22,0.0,0.0,0.0,0.0,0.0,
,mock_campaign_21ff68ff,,,0.0,0.092581956400000012,0.0,0.092581956400000012,0.092581956400000012,
,mock_campaign_e6535e2b,,,0.0,0.00026114949999999997,0.0,0.00026114949999999997,0.00026114949999999997,
,mock_campaign_796ef0d2,,,0.0,0.0052535636,0.0,0.0052535636,0.0052535636,
,mock_campaign_1be3ce39,,,0.0,0.0003172011,0.0,0.0003172011,0.0003172011,
,mock_campaign_b0c8a1e0,,,0.0,0.0714887202,0.0,0.0714887202,0.0714887202,
,mock_campaign_a544a26e,,,0.0,0.083058279999999846,0.0,0.083058279999999846,0.083058279999999846,
,mock_campaign_6b57da8c,,,0.0,0.0161390391,0.0,0.0161390391,0.0161390391,
,mock_campaign_970b80f7,,,0.0,0.89205229670000008,31.702886872000004,32.5949391687,32.5949391687,
,mock_campaign_a544a26e,,,0.0,0.0509585478,0.0,0.0509585478,0.0509585478,
,mock_campaign_6b5afb99,,,0.0,0.0034306127000000007,0.0,0.0034306127000000007,0.0034306127000000007,
,mock_campaign_b0c8a1e0,,,0.0,0.47340034849999918,20.6529559776,21.1263563261,21.1263563261,
,,,,0.0,0.0,81.491383,81.491383,81.491383,
,mock_campaign_d1c03fd5,,,0.0,0.0,21.7961207162,21.7961207162,21.7961207162,
998337322,mock_campaign_fe944d1c,googleadwords_int,2026-07-03,26.067418983100019,24.29982721550012,120.527360571,144.82718778650013,118.75976880340011,5.5558698726711
161694703,mock_campaign_2c0c0430,googleadwords_int,2026-06-11,116.90475257339999,63.392620726497562,42.2312143158,105.62383504229757,-11.280917531102418,0.903503345392057
161694703,mock_campaign_2c0c0430,googleadwords_int,2026-06-26,30.47039443660001,19.499973291700094,227.7264341105,247.2264074022001,216.75601296560009,8.1136595693438114
502057685,mock_campaign_befecb98,googleadwords_int,2026-07-13,0.560387053,0.27855861739999987,0.0,0.27855861739999987,-0.28182843560000015,0.49708253591647461
502057685,mock_campaign_befecb98,googleadwords_int,2026-06-30,1.8913732307000011,1.9282896909999996,0.0,1.9282896909999996,0.03691646029999851,1.0195183371006766
900383572,mock_campaign_45368c6d,googleadwords_int,2026-07-15,4.0998534884000053,6.0068295872999853,0.0,6.0068295872999853,1.90697609889998,1.4651327429859426
974591165,mock_campaign_674dbd59,googleadwords_int,2026-07-16,0.2054315842,0.22748414470000006,0.0,0.22748414470000006,0.022052560500000068,1.1073474684327536
974591165,mock_campaign_674dbd59,googleadwords_int,2026-06-25,0.36729848409999988,0.24109194449999971,0.0,0.24109194449999971,-0.12620653960000017,0.65639242996265823
972671114,mock_campaign_9911559c,googleadwords_int,2026-07-26,0.43514234900000004,0.554988547899999,0.0,0.554988547899999,0.11984619889999892,1.2754183755624275
529859974,mock_campaign_d2ea5396,googleadwords_int,2026-07-04,2.4928806131999997,2.6268391255000112,0.0,2.6268391255000112,0.13395851230001155,1.053736433101004
516932962,mock_campaign_60e17b09,googleadwords_int,2026-07-05,0.0,0.0,0.0,0.0,0.0,
557162896,mock_campaign_b0c8a1e0,googleadwords_int,2026-06-04,53.705502733699994,23.144292907900066,0.0,23.144292907900066,-30.561209825799928,0.43094825911343926
590094865,mock_campaign_23f341fc,googleadwords_int,2026-06-24,0.59344280179999986,0.37497501279999973,0.0,0.37497501279999973,-0.21846778900000013,0.63186378141692
810543724,mock_campaign_c492b014,googleadwords_int,2026-06-30,0.2650334818,0.60746431060000006,0.0,0.60746431060000006,0.34243082880000003,2.2920285636152404
788967442,mock_campaign_475f8981,googleadwords_int,2026-06-03,0.1535256612,0.20414757060000005,0.0,0.20414757060000005,0.050621909400000054,1.3297293039113129
792104306,mock_campaign_6fcee95d,googleadwords_int,2026-06-25,28.352755646899983,13.152851892999973,27.4175280368,40.570379929799969,12.217624282899987,1.4309148794937621
810543724,mock_campaign_c492b014,googleadwords_int,2026-07-13,0.005728448,0.0,0.0,0.0,-0.005728448,0.0
243641668,mock_campaign_1e8723bd,googleadwords_int,2026-07-02,7.8541766773634425,8.0771744151000178,39.413277451300004,47.490451866400022,39.636275189036581,6.0465219738782379
243641668,mock_campaign_1e8723bd,googleadwords_int,2026-06-01,11.155768798894641,11.528044672900005,0.0,11.528044672900005,0.37227587400536422,1.0333707053916581
,mock_campaign_6aedfff8,,,0.0,0.0062280971000000032,0.0,0.0062280971000000032,0.0062280971000000032,
,mock_campaign_d1c03fd5,,,0.0,0.56883966260000007,0.0,0.56883966260000007,0.56883966260000007,
,mock_campaign_cdc62e82,,,0.0,0.0064242777,0.0,0.0064242777,0.0064242777,
,mock_campaign_cb530cbb,,,0.0,0.0036140543,0.0,0.0036140543,0.0036140543,
,mock_campaign_1700d8b1,,,0.0,0.006789887,0.0,0.006789887,0.006789887,
,mock_campaign_13d78e8d,,,0.0,0.0083911793000000009,0.0,0.0083911793000000009,0.0083911793000000009,
,mock_campaign_f81bdda1,,,0.0,9.55425e-05,0.0,9.55425e-05,9.55425e-05,
,mock_campaign_c95b5395,,,0.0,0.0098039344000000039,0.0,0.0098039344000000039,0.0098039344000000039,
,mock_campaign_9eb39c3f,,,0.0,0.0034484473000000004,0.0,0.0034484473000000004,0.0034484473000000004,
,mock_campaign_1941c5ac,,,0.0,0.0053261759,0.0,0.0053261759,0.0053261759,
,mock_campaign_149c320f,,,0.0,0.00027006679999999996,0.0,0.00027006679999999996,0.00027006679999999996,
,mock_campaign_9cb1c00c,,,0.0,0.0049083367000000017,0.0,0.0049083367000000017,0.0049083367000000017,
,mock_campaign_4d36fd16,,,0.0,0.0108166849,0.0,0.0108166849,0.0108166849,
,mock_campaign_9cb1c00c,,,0.0,0.0024153144,0.0,0.0024153144,0.0024153144,
,mock_campaign_d7a6e79d,,,0.0,0.0,0.0,0.0,0.0,
,mock_campaign_befecb98,,,0.0,0.033903574599999993,0.0,0.033903574599999993,0.033903574599999993,
,,,,0.0,23.06536461169992,0.0,23.06536461169992,23.06536461169992,
,,,,0.0,13.519198781100032,0.0,13.519198781100032,13.519198781100032,
,,,,0.0,4.2911538062999988,0.0,4.2911538062999988,4.2911538062999988,
,mock_campaign_ce3403c4,,,0.0,0.0,43.287122,43.287122,43.287122,
,,,,0.0,0.0,224.980625464,224.980625464,224.980625464,
,,,,0.0,0.0,21.643561,21.643561,21.643561,
,,,,0.0,0.0,38.7399066503,38.7399066503,38.7399066503,
660741874,mock_campaign_7e7497dd,googleadwords_int,2026-07-10,0.0,0.0,0.0,0.0,0.0,
140410898,mock_campaign_a2e93e84,googleadwords_int,2026-07-07,38.836836680399948,28.911802545600153,136.256344,165.16814654560017,126.33130986520021,4.2528733198540012
998337322,mock_campaign_fe944d1c,googleadwords_int,2026-06-02,82.013803508499919,52.059183387099843,237.6658872664,289.72507065349987,207.71126714499997,3.5326379006854953
180761354,mock_campaign_07fb7039,googleadwords_int,2026-07-03,0.67545969329999977,0.50916509100000007,0.0,0.50916509100000007,-0.16629460229999971,0.75380529149332776
180761354,mock_campaign_07fb7039,googleadwords_int,2026-06-26,0.0065022766999999993,0.0009987376,0.0,0.0009987376,-0.0055035391,0.15359813894108815
464541057,mock_campaign_d8ff83e7,googleadwords_int,2026-06-22,2.9510921709,1.3557773747000001,0.0,1.3557773747000001,-1.5953147961999998,0.45941546254264443
432166127,mock_campaign_f8b84857,googleadwords_int,2026-06-24,1.8961699922,2.7426404572,0.0,2.7426404572,0.84647046499999989,1.4464106427598806
369804654,mock_campaign_92e554bf,googleadwords_int,2026-06-24,0.26279499309999993,0.80616341090000054,0.0,0.80616341090000054,0.54336841780000067,3.067651333042086
369626124,mock_campaign_617ec63b,googleadwords_int,2026-06-27,0.49510797050000011,0.26840308659999979,0.0,0.26840308659999979,-0.22670488390000032,0.54211021149375682
369626124,mock_campaign_617ec63b,googleadwords_int,2026-07-26,0.040710224700000006,0.0,0.0,0.0,-0.040710224700000006,0.0
972671114,mock_campaign_9911559c,googleadwords_int,2026-07-18,0.127295228,0.4664779758999999,0.0,0.4664779758999999,0.33918274789999991,3.6645362377606161
989105150,mock_campaign_58ab9c06,googleadwords_int,2026-06-29,0.0,0.0,0.0,0.0,0.0,
611748075,mock_campaign_628993e1,googleadwords_int,2026-07-24,0.23777860029999998,0.3282598259,0.0,0.3282598259,0.090481225600000048,1.3805272025566719
848321939,mock_campaign_c41abc99,googleadwords_int,2026-07-18,0.0,0.0,0.0,0.0,0.0,
,mock_campaign_b0c8a1e0,,,0.0,0.0128676639,0.0,0.0128676639,0.0128676639,
,mock_campaign_796ef0d2,,,0.0,0.010891845,0.0,0.010891845,0.010891845,
,mock_campaign_1941c5ac,,,0.0,1.2739e-06,0.0,1.2739e-06,1.2739e-06,
,mock_campaign_c9d56aa3,,,0.0,0.0129007853,0.0,0.0129007853,0.0129007853,
,mock_campaign_f42ebe24,,,0.0,0.0538872439,0.0,0.0538872439,0.0538872439,
,mock_campaign_b4ba1e63,,,0.0,0.5137052706,91.960851168200008,92.474556438800008,92.474556438800008,
,mock_campaign_a3bfa925,,,0.0,0.0219098061,0.0,0.0219098061,0.0219098061,
,mock_campaign_a544a26e,,,0.0,0.00024968440000000005,0.0,0.00024968440000000005,0.00024968440000000005,
,mock_campaign_21ff68ff,,,0.0,0.0010726238000000003,0.0,0.0010726238000000003,0.0010726238000000003,
,mock_campaign_fb57024c,,,0.0,0.1354244873,0.0,0.1354244873,0.1354244873,
,,,,0.0,0.0,227.20510327450003,227.20510327450003,227.20510327450003,
,mock_campaign_21ff68ff,,,0.0,0.0,46.7221385723,46.7221385723,46.7221385723,
,,,,0.0,0.23776961330000049,0.0,0.23776961330000049,0.23776961330000049,
,,,,0.0,3.7767376995000062,0.0,3.7767376995000062,3.7767376995000062,
,,,,0.0,0.14526409089999992,0.0,0.14526409089999992,0.14526409089999992,
232552584,mock_campaign_a5da28b5,googleadwords_int,2026-07-18,15.484166772617893,8.3607674852999985,25.783302874,34.1440703593,18.659903586682109,2.2050957510791069
243641668,mock_campaign_1e8723bd,googleadwords_int,2026-07-01,8.626973228046193,8.9800395750000082,39.413277451300004,48.393317026300011,39.766343798253814,5.6095360153632887
654635500,mock_campaign_67ff1f36,googleadwords_int,2026-07-22,3.0705238021000003,1.7820510665999987,0.0,1.7820510665999987,-1.2884727355000016,0.58037363702610412
739276167,mock_campaign_1fbdf2e3,googleadwords_int,2026-06-04,55.393007914648052,31.516740782300008,21.643561,53.16030178230001,-2.2327061323480422,0.95969335812584333
432166127,mock_campaign_f8b84857,googleadwords_int,2026-07-19,6.1725923121000008,7.7811710111000041,0.0,7.7811710111000041,1.6085786990000033,1.2606001850870243
432166127,mock_campaign_f8b84857,googleadwords_int,2026-07-09,5.359876075399999,5.5390254814999977,0.0,5.5390254814999977,0.17914940609999874,1.0334241694359751
972671114,mock_campaign_9911559c,googleadwords_int,2026-07-05,0.0036762966,0.0132332732,0.0,0.0132332732,0.0095569766,3.5996206617278919
972671114,mock_campaign_9911559c,googleadwords_int,2026-07-01,0.0,0.0,0.0,0.0,0.0,
516932962,mock_campaign_60e17b09,googleadwords_int,2026-06-24,0.00045160350000000003,0.0,0.0,0.0,-0.00045160350000000003,0.0
557162896,mock_campaign_b0c8a1e0,googleadwords_int,2026-06-09,32.217575145100007,12.288895460799996,108.817633554,121.10652901479999,88.888953869699975,3.7590206112460689
590094865,mock_campaign_23f341fc,googleadwords_int,2026-06-29,0.27374902250000005,0.31566222879999994,0.0,0.31566222879999994,0.041913206299999894,1.1531081496373192
571438578,mock_campaign_756e1c81,googleadwords_int,2026-07-06,0.015605138599999999,0.018588748800000006,0.0,0.018588748800000006,0.0029836102000000073,1.1911940852611209
571438578,mock_campaign_756e1c81,googleadwords_int,2026-07-07,0.032550441099999994,0.021074127700000004,0.0,0.021074127700000004,-0.01147631339999999,0.64742986539743108
611892113,mock_campaign_9bfd19ea,googleadwords_int,2026-07-14,1.2035428562999992,1.0564860347999998,0.0,1.0564860347999998,-0.14705682149999943,0.877813390083931
742036733,mock_campaign_e0586969,googleadwords_int,2026-06-28,5.1323526369953765,5.3244994476,0.0,5.3244994476,0.19214681060462357,1.0374383492707764
792104306,mock_campaign_6fcee95d,googleadwords_int,2026-06-11,16.959465762200004,7.953690192499975,76.661352933,84.61504312549998,67.655577363299983,4.989251684690073
788967442,mock_campaign_475f8981,googleadwords_int,2026-06-05,0.0837362396,0.11286499220000001,0.0,0.11286499220000001,0.029128752600000016,1.3478631562528396
742036733,mock_campaign_e0586969,googleadwords_int,2026-07-25,5.09727293871906,10.225408036699998,0.0,10.225408036699998,5.1281350979809375,2.00605464130191
,mock_campaign_337b8797,,,0.0,0.0,0.0,0.0,0.0,
,mock_campaign_5dcabbd9,,,0.0,0.0163466848,59.847822,59.8641686848,59.8641686848,
,mock_campaign_b8b1eac5,,,0.0,0.00053885969999999974,0.0,0.00053885969999999974,0.00053885969999999974,
,mock_campaign_6aedfff8,,,0.0,0.0556936341,0.0,0.0556936341,0.0556936341,
,mock_campaign_970b80f7,,,0.0,2.0091938060999976,90.753163394600008,92.762357200700009,92.762357200700009,
,mock_campaign_759b1811,,,0.0,0.038801720100000006,0.0,0.038801720100000006,0.038801720100000006,
,mock_campaign_970b80f7,,,0.0,1.3562194179999942,6.1593791123,7.5155985302999939,7.5155985302999939,
,mock_campaign_2254e49d,,,0.0,0.0002509583,0.0,0.0002509583,0.0002509583,
,mock_campaign_25502999,,,0.0,0.023255044499999995,0.0,0.023255044499999995,0.023255044499999995,
,mock_campaign_6b5afb99,,,0.0,0.017523768400000004,0.0,0.017523768400000004,0.017523768400000004,
,mock_campaign_149c320f,,,0.0,8.15296e-05,0.0,8.15296e-05,8.15296e-05,
,mock_campaign_96cf8fb0,,,0.0,0.0039159686,0.0,0.0039159686,0.0039159686,
,mock_campaign_a3bfa925,,,0.0,0.0220792348,0.0,0.0220792348,0.0220792348,
,mock_campaign_9772a6c4,,,0.0,0.0547331135,0.0,0.0547331135,0.0547331135,
,mock_campaign_759b1811,,,0.0,0.0048051508000000005,0.0,0.0048051508000000005,0.0048051508000000005,
,mock_campaign_fb57024c,,,0.0,0.78044209600000014,0.0,0.78044209600000014,0.78044209600000014,
,,,,0.0,0.074134610500000017,0.0,0.074134610500000017,0.074134610500000017,
,,,,0.0,0.025979916600000014,0.0,0.025979916600000014,0.025979916600000014,
,,,,0.0,0.0,43.287122,43.287122,43.287122,
232552584,mock_campaign_a5da28b5,googleadwords_int,2026-07-02,19.098374346298378,6.5076378943,0.0,6.5076378943,-12.590736451998378,0.34074302745884244
998337322,mock_campaign_fe944d1c,googleadwords_int,2026-07-24,15.719026493099983,17.543048876500173,87.6952951085,105.23834398500017,89.519317491900182,6.694965749386296
280939212,mock_campaign_45884f7b,googleadwords_int,2026-07-10,0.78675432449999994,0.15113040039999998,0.0,0.15113040039999998,-0.6356239240999999,0.19209351088860777
900383572,mock_campaign_45368c6d,googleadwords_int,2026-07-05,3.9640388214000022,4.8426697028000207,0.0,4.8426697028000207,0.87863088140001855,1.2216504229617275
989105150,mock_campaign_58ab9c06,googleadwords_int,2026-07-05,0.0,0.0,0.0,0.0,0.0,
972671114,mock_campaign_9911559c,googleadwords_int,2026-07-12,0.0003197841,0.0,0.0,0.0,-0.0003197841,0.0
989105150,mock_campaign_58ab9c06,googleadwords_int,2026-07-07,0.0,0.0,0.0,0.0,0.0,
529859974,mock_campaign_d2ea5396,googleadwords_int,2026-07-24,4.619151132499999,3.1592490698000253,0.0,3.1592490698000253,-1.4599020626999737,0.68394581150891276
516932962,mock_campaign_60e17b09,googleadwords_int,2026-07-24,0.013641680499999998,0.0,0.0,0.0,-0.013641680499999998,0.0
516932962,mock_campaign_60e17b09,googleadwords_int,2026-06-26,0.0049456686,0.0,0.0,0.0,-0.0049456686,0.0
585166272,mock_campaign_60587c25,googleadwords_int,2026-07-08,0.1842699085825813,0.12274790840000004,0.0,0.12274790840000004,-0.061522000182581263,0.66613105386650839
590094865,mock_campaign_23f341fc,googleadwords_int,2026-07-08,0.0,0.013345376400000001,0.0,0.013345376400000001,0.013345376400000001,
590094865,mock_campaign_23f341fc,googleadwords_int,2026-07-10,0.0244118137,0.0,0.0,0.0,-0.0244118137,0.0
571438578,mock_campaign_756e1c81,googleadwords_int,2026-07-14,0.008137,2.29302e-05,0.0,2.29302e-05,-0.0081140698,0.0028180164679857439
788967442,mock_campaign_475f8981,googleadwords_int,2026-06-24,0.012265713800000001,0.11508539990000001,18.748935355500002,18.864020755400002,18.8517550416,1537.9472457118638
792104306,mock_campaign_6fcee95d,googleadwords_int,2026-07-07,42.59789478199999,16.452516590300114,86.6120074916,103.06452408190012,60.466629299900127,2.4194745916281919
788967442,mock_campaign_475f8981,googleadwords_int,2026-07-02,0.1182664128,0.17104400519999996,0.0,0.17104400519999996,0.052777592399999962,1.4462601946780276
161332031,mock_campaign_12520749,googleadwords_int,2026-07-19,1.3939218042,0.39764788499999931,0.0,0.39764788499999931,-0.99627391920000052,0.28527273466980274
,mock_campaign_f42ebe24,,,0.0,0.0549076378,0.0,0.0549076378,0.0549076378,
,mock_campaign_970b80f7,,,0.0,2.5291297216000044,83.9331320989,86.4622618205,86.4622618205,
,mock_campaign_5dcabbd9,,,0.0,1.3364497639,59.847822,61.1842717639,61.1842717639,
,mock_campaign_b8b1eac5,,,0.0,0.026615592700000055,19.4607741148,19.4873897075,19.4873897075,
,mock_campaign_796ef0d2,,,0.0,0.0034178737,0.0,0.0034178737,0.0034178737,
,mock_campaign_2254e49d,,,0.0,0.030271685700000002,0.0,0.030271685700000002,0.030271685700000002,
,mock_campaign_9eb39c3f,,,0.0,7.6434e-06,0.0,7.6434e-06,7.6434e-06,
,mock_campaign_09bed4a1,,,0.0,0.011281658399999998,0.0,0.011281658399999998,0.011281658399999998,
,mock_campaign_759b1811,,,0.0,0.0080701565,0.0,0.0080701565,0.0080701565,
,mock_campaign_2254e49d,,,0.0,0.046777608,0.0,0.046777608,0.046777608,
,mock_campaign_796ef0d2,,,0.0,0.0024879267000000004,0.0,0.0024879267000000004,0.0024879267000000004,
,mock_campaign_759b1811,,,0.0,0.016407832,0.0,0.016407832,0.016407832,
,mock_campaign_fd1439b8,,,0.0,0.0039248859,0.0,0.0039248859,0.0039248859,
,mock_campaign_d1c03fd5,,,0.0,0.08013085780000001,0.0,0.08013085780000001,0.08013085780000001,
,mock_campaign_b67b22e1,,,0.0,0.0,0.0,0.0,0.0,
,mock_campaign_970b80f7,,,0.0,0.555766900800001,44.8186517143,45.374418615100005,45.374418615100005,
,mock_campaign_a3bfa925,,,0.0,0.0615013442,21.643561,21.705062344199998,21.705062344199998,
,mock_campaign_2254e49d,,,0.0,0.0639192064,0.0,0.0639192064,0.0639192064,
,,,,0.0,0.34903586099999973,0.0,0.34903586099999973,0.34903586099999973,
,,,,0.0,3.9885044659999944,0.0,3.9885044659999944,3.9885044659999944,
,,,,0.0,0.0,6.3567610000000005,6.3567610000000005,6.3567610000000005,
,,,,0.0,0.0,7.7651045843,7.7651045843,7.7651045843,
654635500,mock_campaign_67ff1f36,googleadwords_int,2026-06-28,0.32896995929999989,0.3217132538,0.0,0.3217132538,-0.0072567054999999048,0.97794113020094264
464541057,mock_campaign_d8ff83e7,googleadwords_int,2026-06-26,1.562979371,1.0601663319,44.8950334844,45.9551998163,44.392220445300005,29.402307329813123
369804654,mock_campaign_92e554bf,googleadwords_int,2026-07-01,0.5299204976,1.1853435676,0.0,1.1853435676,0.65542306999999989,2.2368328324124063
989105150,mock_campaign_58ab9c06,googleadwords_int,2026-06-22,0.0,0.0,0.0,0.0,0.0,
974591165,mock_campaign_674dbd59,googleadwords_int,2026-07-23,1.1927572628,0.5942284896,0.0,0.5942284896,-0.59852877320000009,0.49819733497580843
529859974,mock_campaign_d2ea5396,googleadwords_int,2026-07-23,5.0238936494999908,2.9991274832000165,19.1492444176,22.148371900800015,17.124478251300026,4.4086068388418926
529859974,mock_campaign_d2ea5396,googleadwords_int,2026-07-26,6.4649408891999984,4.1069249360999986,0.0,4.1069249360999986,-2.3580159531,0.63526101885336939
514288304,mock_campaign_c95b5395,googleadwords_int,2026-06-14,5.4859686548000006,3.1097707937999992,0.0,3.1097707937999992,-2.3761978610000014,0.56685901606074174
585166272,mock_campaign_60587c25,googleadwords_int,2026-06-03,2.654330077744286,3.1383303578999957,0.0,3.1383303578999957,0.48400028015570973,1.1823436671323955
624225880,mock_campaign_ae3dba5e,googleadwords_int,2026-06-10,0.7253435718,0.0887946517,0.0,0.0887946517,-0.6365489201,0.12241736902644459
611892113,mock_campaign_9bfd19ea,googleadwords_int,2026-07-05,3.0784313387000015,2.3775088696999997,0.0,2.3775088696999997,-0.70092246900000177,0.77231180692956558
788967442,mock_campaign_475f8981,googleadwords_int,2026-07-20,0.005850503,0.0048955977000000005,0.0,0.0048955977000000005,-0.00095490529999999949,0.83678235871343032
848321939,mock_campaign_c41abc99,googleadwords_int,2026-06-21,0.0,0.0,0.0,0.0,0.0,
243641668,mock_campaign_1e8723bd,googleadwords_int,2026-07-17,9.9814014829163025,7.2118574576999981,0.0,7.2118574576999981,-2.7695440252163044,0.72252954357596721
,mock_campaign_b8b1eac5,,,0.0,0.028281853900000008,0.0,0.028281853900000008,0.028281853900000008,
,mock_campaign_5dcabbd9,,,0.0,2.4801801141000004,0.0,2.4801801141000004,2.4801801141000004,
,mock_campaign_5dcabbd9,,,0.0,2.5847813169999938,38.204261,40.789042316999996,40.789042316999996,
,mock_campaign_c95b5395,,,0.0,0.0109084057,0.0,0.0109084057,0.0109084057,
,mock_campaign_d1c03fd5,,,0.0,0.066892489,0.0,0.066892489,0.066892489,
,mock_campaign_fb57024c,,,0.0,0.27008718240000007,0.0,0.27008718240000007,0.27008718240000007,
,mock_campaign_a3bfa925,,,0.0,0.0073351162,0.0,0.0073351162,0.0073351162,
,mock_campaign_ce3403c4,,,0.0,0.0109275142,0.0,0.0109275142,0.0109275142,
,mock_campaign_b0c8a1e0,,,0.0,0.049840063600000005,5.8731146738,5.9229547374,5.9229547374,
,,,,0.0,6.4731903644000024,0.0,6.4731903644000024,6.4731903644000024,
,,,,0.0,4.029423407899988,0.0,4.029423407899988,4.029423407899988,
,,,,0.0,2.1511521265000009,0.0,2.1511521265000009,2.1511521265000009,
,,,,0.0,19.299906022800133,0.0,19.299906022800133,19.299906022800133,
,,,,0.0,18.393500694800021,0.0,18.393500694800021,18.393500694800021,
660741874,mock_campaign_7e7497dd,googleadwords_int,2026-07-18,0.0082802112,0.0,0.0,0.0,-0.0082802112,0.0
998337322,mock_campaign_fe944d1c,googleadwords_int,2026-07-20,16.183754160400003,14.601142433500062,104.2981764853,118.89931891880006,102.71556475840006,7.3468317511727026
199581943,mock_campaign_f81bdda1,googleadwords_int,2026-06-23,2.9120077187999911,1.6980424571999981,0.0,1.6980424571999981,-1.213965261599993,0.583117430025132
161694703,mock_campaign_2c0c0430,googleadwords_int,2026-06-08,138.79859440699997,80.099681645299214,91.3481918934,171.44787353869921,32.649279131699245,1.2352277360674242
161694703,mock_campaign_2c0c0430,googleadwords_int,2026-07-19,46.796908193499988,22.930509557700113,35.439482708599996,58.369992266300109,11.573084072800121,1.2473044591951825
434877610,mock_campaign_0dfbbe6f,googleadwords_int,2026-06-28,0.6347063425,1.0721843044999997,0.0,1.0721843044999997,0.43747796199999966,1.6892604228230155
262368493,mock_campaign_c13d8f45,googleadwords_int,2026-06-09,9.6355050378000051,4.3633559104999975,62.6290425187,66.9923984292,57.356893391399993,6.9526608274697983
369626124,mock_campaign_617ec63b,googleadwords_int,2026-07-10,0.49655228799999995,0.4090773158,0.0,0.4090773158,-0.087474972199999945,0.82383532547533045
972671114,mock_campaign_9911559c,googleadwords_int,2026-07-07,0.011993937999999999,0.0,0.0,0.0,-0.011993937999999999,0.0
525989111,mock_campaign_c82cc8f4,googleadwords_int,2026-07-10,0.41206418960000019,0.13659392749999991,0.0,0.13659392749999991,-0.27547026210000025,0.33148701330390939
611748075,mock_campaign_628993e1,googleadwords_int,2026-06-21,0.7010163828999999,0.503751016,0.0,0.503751016,-0.19726536689999985,0.71860091759347688
590094865,mock_campaign_23f341fc,googleadwords_int,2026-06-23,0.68271789729999988,0.48663616950000033,0.0,0.48663616950000033,-0.19608172779999955,0.712792459996347
571438578,mock_campaign_756e1c81,googleadwords_int,2026-07-26,0.18723887960000024,0.28850905029999996,0.0,0.28850905029999996,0.10127017069999972,1.5408608026086457
742036733,mock_campaign_e0586969,googleadwords_int,2026-07-22,1.7418679694401438,1.2947677559,0.0,1.2947677559,-0.44710021354014384,0.74332141047185862
148918961,mock_campaign_993fe179,googleadwords_int,2026-07-13,13.427058174300003,2.0974941846000017,69.8166780418,71.9141722264,58.4871140521,5.3559142511236733
,mock_campaign_759b1811,,,0.0,0.0038000437,0.0,0.0038000437,0.0038000437,
,mock_campaign_5dcabbd9,,,0.0,0.3361401713,76.408522,76.7446621713,76.7446621713,
,mock_campaign_e6535e2b,,,0.0,0.020469025200000008,0.0,0.020469025200000008,0.020469025200000008,
,mock_campaign_e6535e2b,,,0.0,1.2739e-06,0.0,1.2739e-06,1.2739e-06,
,mock_campaign_27d7bb3b,,,0.0,0.0,0.0,0.0,0.0,
,mock_campaign_13d78e8d,,,0.0,0.0039108730000000005,0.0,0.0039108730000000005,0.0039108730000000005,
,mock_campaign_a999e2ed,,,0.0,0.0,0.0,0.0,0.0,
,mock_campaign_9772a6c4,,,0.0,4.71343e-05,0.0,4.71343e-05,4.71343e-05,
,mock_campaign_c13d8f45,,,0.0,1.1918493749000021,106.1931689781,107.385018353,107.385018353,
,mock_campaign_e6a4a79e,,,0.0,0.42261632499999996,0.0,0.42261632499999996,0.42261632499999996,
,mock_campaign_5dcabbd9,,,0.0,3.8762152766,21.643561,25.5197762766,25.5197762766,
,mock_campaign_a3bfa925,,,0.0,0.0031146855,0.0,0.0031146855,0.0031146855,
,,,,0.0,2.4441019921999976,0.0,2.4441019921999976,2.4441019921999976,
,,,,0.0,0.0,66.440132205600008,66.440132205600008,66.440132205600008,
,,,,0.0,0.16388723499999994,0.0,0.16388723499999994,0.16388723499999994,
,,,,0.0,0.23116062009999966,0.0,0.23116062009999966,0.23116062009999966,
243641668,mock_campaign_1e8723bd,googleadwords_int,2026-07-23,14.880627823629709,11.772085695899994,40.232666492,52.004752187899996,37.124124364270287,3.494795569399229
660741874,mock_campaign_7e7497dd,googleadwords_int,2026-07-25,0.11698727639999998,0.020219340800000003,0.0,0.020219340800000003,-0.09676793559999998,0.1728336740729525
140410898,mock_campaign_a2e93e84,googleadwords_int,2026-06-10,65.233700823599975,49.389272428700643,183.326949,232.71622142870066,167.48252060510069,3.5674232565464008
140410898,mock_campaign_a2e93e84,googleadwords_int,2026-06-21,76.086800503000063,52.52349955469991,82.765283000000011,135.28878255469994,59.201982051699872,1.7780847881672401
140410898,mock_campaign_a2e93e84,googleadwords_int,2026-06-29,59.124908287399961,54.193913668699771,43.287122,97.481035668699775,38.356127381299814,1.6487304334554687
161694703,mock_campaign_2c0c0430,googleadwords_int,2026-07-13,12.7317621024,5.4385784665006343,119.9432060826,125.38178454910063,112.65002244670063,9.8479521955146758
510225620,mock_campaign_10287894,googleadwords_int,2026-07-08,21.149384448800028,5.081311937600006,0.0,5.081311937600006,-16.068072511200022,0.24025814793339337
502057685,mock_campaign_befecb98,googleadwords_int,2026-07-14,1.089214751499999,1.2069183380000008,0.0,1.2069183380000008,0.11770358650000179,1.1080627914173102
434877610,mock_campaign_0dfbbe6f,googleadwords_int,2026-07-09,0.60401195109999994,0.49280057159999985,0.0,0.49280057159999985,-0.1112113795000001,0.81587884263305244
351751429,mock_campaign_b7e37028,googleadwords_int,2026-06-25,25.370992009416884,23.597605127300039,0.0,23.597605127300039,-1.7733868821168457,0.93010179178415164
974591165,mock_campaign_674dbd59,googleadwords_int,2026-06-26,0.69128941309999992,0.57216581549999923,0.0,0.57216581549999923,-0.11912359760000069,0.82767912347188133
972671114,mock_campaign_9911559c,googleadwords_int,2026-06-27,0.0002888635,0.0,0.0,0.0,-0.0002888635,0.0
542533692,mock_campaign_796ef0d2,googleadwords_int,2026-06-20,21.40280724530016,7.1332234323999719,0.0,7.1332234323999719,-14.269583812900187,0.3332844776222687
542533692,mock_campaign_796ef0d2,googleadwords_int,2026-06-18,8.8383272162999944,3.6557414036000115,0.0,3.6557414036000115,-5.1825858126999833,0.41362367721099397
590094865,mock_campaign_23f341fc,googleadwords_int,2026-07-14,0.0002782854,0.0050038792,0.0,0.0050038792,0.0047255938,17.981105728148155
571438578,mock_campaign_756e1c81,googleadwords_int,2026-07-15,0.032548,0.0050051531,0.0,0.0050051531,-0.0275428469,0.1537775930932776
792104306,mock_campaign_6fcee95d,googleadwords_int,2026-07-04,43.088602262899919,15.921237869200123,0.0,15.921237869200123,-27.167364393699795,0.36949998452162841
792104306,mock_campaign_6fcee95d,googleadwords_int,2026-06-22,10.167388993500007,3.5731646578000027,21.643561,25.2167256578,15.049336664299995,2.4801574596900942
810543724,mock_campaign_c492b014,googleadwords_int,2026-07-16,1.2993544039,0.6628369219,0.0,0.6628369219,-0.636517482,0.5101278911361683
788967442,mock_campaign_475f8981,googleadwords_int,2026-07-09,0.0013963092,0.0059873300000000008,0.0,0.0059873300000000008,0.0045910208000000006,4.2879685960674045
148918961,mock_campaign_993fe179,googleadwords_int,2026-07-01,19.347414064499976,3.983583390300002,41.157361202299995,45.1409445926,25.793530528100025,2.3331771595992175
161332031,mock_campaign_12520749,googleadwords_int,2026-07-11,0.76618968440000057,0.41616402149999987,0.0,0.41616402149999987,-0.3500256629000007,0.54316056450942163
261307969,mock_campaign_b4ba1e63,googleadwords_int,2026-06-18,69.234090065099977,34.649837959000045,7.6093830483,42.259221007300042,-26.974869057799935,0.6103816915563447
,mock_campaign_a3bfa925,,,0.0,0.08197419110000001,0.0,0.08197419110000001,0.08197419110000001,
,mock_campaign_a3bfa925,,,0.0,0.035056454099999995,0.0,0.035056454099999995,0.035056454099999995,
,mock_campaign_13ddbb14,,,0.0,0.0098077561000000021,0.0,0.0098077561000000021,0.0098077561000000021,
,mock_campaign_6b5afb99,,,0.0,0.023886898900000002,0.0,0.023886898900000002,0.023886898900000002,
,mock_campaign_df87094f,,,0.0,0.3331388629,0.0,0.3331388629,0.3331388629,
,mock_campaign_e6a4a79e,,,0.0,0.3246674279,0.0,0.3246674279,0.3246674279,
,mock_campaign_fb57024c,,,0.0,0.3053742124,38.204261,38.5096352124,38.5096352124,
,mock_campaign_d7a6e79d,,,0.0,0.0,0.0,0.0,0.0,
,mock_campaign_6b5afb99,,,0.0,0.012317339100000001,0.0,0.012317339100000001,0.012317339100000001,
,mock_campaign_c13d8f45,,,0.0,0.58078629680000016,41.5600855788,42.1408718756,42.1408718756,
,mock_campaign_859c6e7e,,,0.0,0.0,25.4639399657,25.4639399657,25.4639399657,
,,,,0.0,0.0,304.1259649243,304.1259649243,304.1259649243,
,,,,0.0,15.247789360299995,0.0,15.247789360299995,15.247789360299995,
232552584,mock_campaign_a5da28b5,googleadwords_int,2026-07-08,18.431736778506963,9.2462413624000011,0.0,9.2462413624000011,-9.1854954161069617,0.501647862787512
140410898,mock_campaign_a2e93e84,googleadwords_int,2026-07-11,40.34418582350002,30.215567857200014,38.204261,68.419828857200017,28.075643033699997,1.6959030765059153
161694703,mock_campaign_2c0c0430,googleadwords_int,2026-06-13,120.36344707830007,78.442075321896183,217.2902771534,295.73235247529618,175.36890539699613,2.4569947077281138
161694703,mock_campaign_2c0c0430,googleadwords_int,2026-07-05,47.849501562800029,24.72544102720002,149.958234054,174.68367508120002,126.8341735184,3.6506895448416867
432166127,mock_campaign_f8b84857,googleadwords_int,2026-07-24,6.0437486129999991,4.0444337716000005,44.9224694687,48.9669032403,42.9231546273,8.1020747843437828
502057685,mock_campaign_befecb98,googleadwords_int,2026-07-06,1.6316784345999995,0.9849514541999983,0.0,0.9849514541999983,-0.64672698040000121,0.603643115772046
502057685,mock_campaign_befecb98,googleadwords_int,2026-06-21,3.7129928426000034,3.5879597324000012,0.0,3.5879597324000012,-0.12503311020000218,0.96632551811965028
369804654,mock_campaign_92e554bf,googleadwords_int,2026-06-21,0.46925428039999995,0.77622166530000014,0.0,0.77622166530000014,0.3069673849000002,1.6541600103004628
529859974,mock_campaign_d2ea5396,googleadwords_int,2026-07-07,2.2054012169000012,1.6900309001000051,0.0,1.6900309001000051,-0.51537031679999612,0.766314486066884
514288304,mock_campaign_c95b5395,googleadwords_int,2026-06-12,5.3760866067999986,3.6743467131000234,0.0,3.6743467131000234,-1.7017398936999752,0.6834612203703132
571438578,mock_campaign_756e1c81,googleadwords_int,2026-06-28,11.373608109099997,3.3978263357000182,0.0,3.3978263357000182,-7.9757817733999792,0.29874656336905309
590094865,mock_campaign_23f341fc,googleadwords_int,2026-07-06,0.058152697899999994,0.0030484427000000004,0.0,0.0030484427000000004,-0.055104255199999994,0.05242134604386086
590094865,mock_campaign_23f341fc,googleadwords_int,2026-07-20,4.8822e-05,0.0,0.0,0.0,-4.8822e-05,0.0
788967442,mock_campaign_475f8981,googleadwords_int,2026-06-30,0.21557028620000002,1.7834600000000004e-05,0.0,1.7834600000000004e-05,-0.21555245160000003,8.2732181296329342e-05
792104306,mock_campaign_6fcee95d,googleadwords_int,2026-06-26,35.24534959030003,15.614942627099959,43.504506665499996,59.119449292599953,23.874099702299922,1.6773687870830589
848321939,mock_campaign_c41abc99,googleadwords_int,2026-06-29,0.0001253098,0.0,0.0,0.0,-0.0001253098,0.0
148918961,mock_campaign_993fe179,googleadwords_int,2026-06-04,20.549742066699984,4.4917548393000049,31.2310152035,35.722770042800008,15.173027976100023,1.7383561276268908
,mock_campaign_db4f67c3,,,0.0,0.00047389079999999993,0.0,0.00047389079999999993,0.00047389079999999993,
,mock_campaign_d7a6e79d,,,0.0,0.0001745243,0.0,0.0001745243,0.0001745243,
,mock_campaign_970b80f7,,,0.0,2.1530591547999998,153.1643868479,155.3174460027,155.3174460027,
,mock_campaign_a3bfa925,,,0.0,0.0013044736000000002,0.0,0.0013044736000000002,0.0013044736000000002,
,mock_campaign_337b8797,,,0.0,6.11472e-05,0.0,6.11472e-05,6.11472e-05,
,mock_campaign_e6535e2b,,,0.0,0.0017465169000000001,0.0,0.0017465169000000001,0.0017465169000000001,
,mock_campaign_a544a26e,,,0.0,0.020834634500000004,49.5475545037,49.5683891382,49.5683891382,
,mock_campaign_e6535e2b,,,0.0,0.0,0.0,0.0,0.0,
,mock_campaign_df87094f,,,0.0,0.0017299561999999998,0.0,0.0017299561999999998,0.0017299561999999998,
,mock_campaign_c9d56aa3,,,0.0,0.0050586569,0.0,0.0050586569,0.0050586569,
,mock_campaign_c95b5395,,,0.0,0.0071363877999999995,0.0,0.0071363877999999995,0.0071363877999999995,
,mock_campaign_df87094f,,,0.0,0.21672988090000003,0.0,0.21672988090000003,0.21672988090000003,
,,,,0.0,2.8570863592999984,0.0,2.8570863592999984,2.8570863592999984,
,,,,0.0,0.0,6.3567610000000005,6.3567610000000005,6.3567610000000005,
,mock_campaign_e6a4a79e,,,0.0,0.0,43.287122,43.287122,43.287122,
,,,,0.0,0.0,46.6120328475,46.6120328475,46.6120328475,
,,,,0.0,0.24511619460000006,0.0,0.24511619460000006,0.24511619460000006,
,,,,0.0,6.866785973500007,0.0,6.866785973500007,6.866785973500007,
232552584,mock_campaign_a5da28b5,googleadwords_int,2026-07-10,13.976137984089862,7.4157133052000059,0.0,7.4157133052000059,-6.5604246788898557,0.53059817480636617
232552584,mock_campaign_a5da28b5,googleadwords_int,2026-07-12,7.5989919862736812,4.6078759199000023,70.841800658600008,75.4496765785,67.850684592226315,9.9289059278898222
654635500,mock_campaign_67ff1f36,googleadwords_int,2026-07-02,1.3302986011999995,0.53749025749999968,0.0,0.53749025749999968,-0.79280834369999986,0.40403730186226994
161694703,mock_campaign_2c0c0430,googleadwords_int,2026-07-21,23.4979122409,9.7423056658004956,129.89988364040002,139.64218930620052,116.14427706530051,5.9427487801721419
972671114,mock_campaign_9911559c,googleadwords_int,2026-07-16,0.0788361382,0.081786927799999992,0.0,0.081786927799999992,0.0029507895999999895,1.0374294031566349
529859974,mock_campaign_d2ea5396,googleadwords_int,2026-07-03,2.4455989472999984,6.6553300386000167,0.0,6.6553300386000167,4.2097310913000179,2.7213497315034689
529859974,mock_campaign_d2ea5396,googleadwords_int,2026-07-13,0.1379148267,0.11369430109999991,0.0,0.11369430109999991,-0.024220525600000084,0.82438055298662039
525989111,mock_campaign_c82cc8f4,googleadwords_int,2026-06-27,2.3675952242000009,1.5415578551000004,0.0,1.5415578551000004,-0.82603736910000047,0.6511070132863972
792104306,mock_campaign_6fcee95d,googleadwords_int,2026-07-12,28.887384212700027,9.95783553290008,0.0,9.95783553290008,-18.929548679799947,0.34471226122724624
810543724,mock_campaign_c492b014,googleadwords_int,2026-07-23,2.0249827707,2.5573631672999961,0.0,2.5573631672999961,0.53238039659999625,1.2629061364388607
742036733,mock_campaign_e0586969,googleadwords_int,2026-07-24,2.0363850245302846,3.6581911132999996,0.0,3.6581911132999996,1.621806088769715,1.7964142680453088
848321939,mock_campaign_c41abc99,googleadwords_int,2026-07-06,9.35755e-05,0.0,0.0,0.0,-9.35755e-05,0.0
161332031,mock_campaign_12520749,googleadwords_int,2026-07-15,3.6133723653000023,1.1733103081999992,0.0,1.1733103081999992,-2.4400620571000031,0.32471336734280482
,mock_campaign_ce3403c4,,,0.0,0.0384310152,21.643561,21.6819920152,21.6819920152,
,mock_campaign_e6a4a79e,,,0.0,0.2130444882,0.0,0.2130444882,0.2130444882,
,mock_campaign_6fdcae3c,,,0.0,0.0126931396,0.0,0.0126931396,0.0126931396,
,mock_campaign_2472b5d9,,,0.0,0.0110740127,0.0,0.0110740127,0.0110740127,
,mock_campaign_3016a669,,,0.0,0.0,0.0,0.0,0.0,
,mock_campaign_6b5afb99,,,0.0,0.064354880199999992,0.0,0.064354880199999992,0.064354880199999992,
,mock_campaign_fb57024c,,,0.0,5.47777e-05,0.0,5.47777e-05,5.47777e-05,
,mock_campaign_b7e37028,,,0.0,0.5518751363,0.0,0.5518751363,0.5518751363,
,mock_campaign_7be9c95b,,,0.0,0.0056714027999999984,0.0,0.0056714027999999984,0.0056714027999999984,
,mock_campaign_cb530cbb,,,0.0,0.0024013015000000004,0.0,0.0024013015000000004,0.0024013015000000004,
,mock_campaign_b0c8a1e0,,,0.0,0.4338750532,20.714329931800002,21.148204985000003,21.148204985000003,
,mock_campaign_fb57024c,,,0.0,0.0023643583999999997,0.0,0.0023643583999999997,0.0023643583999999997,
,mock_campaign_6b5afb99,,,0.0,0.0046612001000000012,7.4701496,7.4748108001,7.4748108001,
,mock_campaign_6fcee95d,,,0.0,0.66656944890000047,103.79671721540001,104.46328666430001,104.46328666430001,
,,,,0.0,5.5566282317000013,0.0,5.5566282317000013,5.5566282317000013,
,,,,0.0,15.224068068399998,0.0,15.224068068399998,15.224068068399998,
,,,,0.0,0.59602086690000011,0.0,0.59602086690000011,0.59602086690000011,
,,,,0.0,0.0,491.8344917004,491.8344917004,491.8344917004,
,,,,0.0,0.0,329.8819541084,329.8819541084,329.8819541084,
,,,,0.0,0.0,59.847822,59.847822,59.847822,
654635500,mock_campaign_67ff1f36,googleadwords_int,2026-07-10,2.6363627753,1.4764844953000054,0.0,1.4764844953000054,-1.1598782799999945,0.56004602596165531
739276167,mock_campaign_1fbdf2e3,googleadwords_int,2026-07-26,59.083720262717868,49.020305128299945,59.847822,108.86812712829995,49.784406865582078,1.8426078561778767
199581943,mock_campaign_f81bdda1,googleadwords_int,2026-06-26,8.62675219710001,2.4953407980000017,0.0,2.4953407980000017,-6.131411399100009,0.28925611180055005
180761354,mock_campaign_07fb7039,googleadwords_int,2026-07-22,1.1895211778999994,1.2923537154000002,0.0,1.2923537154000002,0.10283253750000076,1.0864486815455805
502057685,mock_campaign_befecb98,googleadwords_int,2026-07-17,2.809898946899998,1.4960681599999996,0.0,1.4960681599999996,-1.3138307868999983,0.5324277450085978
280939212,mock_campaign_45884f7b,googleadwords_int,2026-06-29,0.4775255409,0.9582619753000009,0.0,0.9582619753000009,0.48073643440000091,2.0067240246332152
280939212,mock_campaign_45884f7b,googleadwords_int,2026-07-11,1.6507930613000004,0.4453032101,0.0,0.4453032101,-1.2054898512000003,0.26975107936867843
351751429,mock_campaign_b7e37028,googleadwords_int,2026-07-13,8.6116836185454524,5.3718120936000009,0.0,5.3718120936000009,-3.2398715249454515,0.62378186793017854
525989111,mock_campaign_c82cc8f4,googleadwords_int,2026-06-24,1.1416064533999954,0.61832558199999987,0.0,0.61832558199999987,-0.52328087139999557,0.54162761620562716
585166272,mock_campaign_60587c25,googleadwords_int,2026-06-09,4.1074522402063733,5.6754245023000029,0.0,5.6754245023000029,1.5679722620936296,1.3817384038566078
590094865,mock_campaign_23f341fc,googleadwords_int,2026-06-20,0.69295912549999983,0.70706290820000062,0.0,0.70706290820000062,0.014103782700000789,1.0203529792465382
611748075,mock_campaign_628993e1,googleadwords_int,2026-06-24,0.3096901515,0.1240383691,0.0,0.1240383691,-0.18565178240000002,0.400524099649969
243641668,mock_campaign_1e8723bd,googleadwords_int,2026-07-05,10.317926312677832,8.4609571724999935,78.8444672105,87.305424382999988,76.987498070322161,8.461528192513466
261307969,mock_campaign_b4ba1e63,googleadwords_int,2026-06-04,35.387227136000021,28.045032068300021,54.8496142028,82.894646271100015,47.507419135099994,2.3425018850027359
,mock_campaign_d1c03fd5,,,0.0,0.6499743536,45.1491969168,45.7991712704,45.7991712704,
,mock_campaign_993fe179,,,0.0,0.0507075895,6.1610249911000006,6.2117325806000006,6.2117325806000006,
,mock_campaign_a544a26e,,,0.0,0.0136485646,0.0,0.0136485646,0.0136485646,
,mock_campaign_96cf8fb0,,,0.0,0.0124510986,0.0,0.0124510986,0.0124510986,
,mock_campaign_c13d8f45,,,0.0,0.24280406609999974,82.959495424499991,83.2022994906,83.2022994906,
,mock_campaign_96cf8fb0,,,0.0,0.0011401405,0.0,0.0011401405,0.0011401405,
,mock_campaign_5dcabbd9,,,0.0,0.3102774535,81.491383,81.8016604535,81.8016604535,
,mock_campaign_759b1811,,,0.0,0.0015694448000000002,0.0,0.0015694448000000002,0.0015694448000000002,
,mock_campaign_989b490b,,,0.0,3.8217e-06,0.0,3.8217e-06,3.8217e-06,
,mock_campaign_1941c5ac,,,0.0,0.0121899491,0.0,0.0121899491,0.0121899491,
,mock_campaign_a544a26e,,,0.0,0.059017239199999988,0.0,0.059017239199999988,0.059017239199999988,
,mock_campaign_09bed4a1,,,0.0,0.012760656300000001,0.0,0.012760656300000001,0.012760656300000001,
,mock_campaign_df87094f,,,0.0,0.29447727179999961,25.465260999999998,25.759738271799996,25.759738271799996,
,mock_campaign_970b80f7,,,0.0,0.89252363970000659,31.502201761600002,32.394725401300008,32.394725401300008,
,,,,0.0,17.520730148500032,0.0,17.520730148500032,17.520730148500032,
,,,,0.0,0.21707128609999998,0.0,0.21707128609999998,0.21707128609999998,
,mock_campaign_df87094f,,,0.0,0.0,47.108821999999996,47.108821999999996,47.108821999999996,
,mock_campaign_df87094f,,,0.0,0.0,75.121883,75.121883,75.121883,
,,,,0.0,0.0,444.2316423631,444.2316423631,444.2316423631,
,,,,0.0,16.102564795199996,0.0,16.102564795199996,16.102564795199996,
,,,,0.0,0.34445873829999979,0.0,0.34445873829999979,0.34445873829999979,
140410898,mock_campaign_a2e93e84,googleadwords_int,2026-07-17,35.160612499700015,26.75727458410001,59.847822,86.605096584100011,51.444484084399996,2.4631282115702309
998337322,mock_campaign_fe944d1c,googleadwords_int,2026-06-17,29.9772214447,34.391370018500041,279.9694463632,314.36081638170003,284.38359493700005,10.486656242027372
464541057,mock_campaign_d8ff83e7,googleadwords_int,2026-07-21,6.4861174317000012,4.4327656259,0.0,4.4327656259,-2.0533518058000011,0.68342358469112374
432166127,mock_campaign_f8b84857,googleadwords_int,2026-07-01,3.0837049284,3.6429552692999883,0.0,3.6429552692999883,0.55925034089998826,1.1813566323254407
502057685,mock_campaign_befecb98,googleadwords_int,2026-07-10,2.1878065817999985,1.540589691100001,0.0,1.540589691100001,-0.64721689069999755,0.70417088234211933
989105150,mock_campaign_58ab9c06,googleadwords_int,2026-06-30,0.0,0.0,0.0,0.0,0.0,
529859974,mock_campaign_d2ea5396,googleadwords_int,2026-06-22,3.0094190006,2.95632826490001,0.0,2.95632826490001,-0.0530907356999899,0.98235847660647957
624225880,mock_campaign_ae3dba5e,googleadwords_int,2026-06-14,0.38200692529999997,0.0,0.0,0.0,-0.38200692529999997,0.0
571438578,mock_campaign_756e1c81,googleadwords_int,2026-07-17,0.040685,0.0341252332,0.0,0.0341252332,-0.0065597667999999984,0.83876694604891244
585166272,mock_campaign_60587c25,googleadwords_int,2026-07-25,0.94953482267436229,0.8125036112,0.0,0.8125036112,-0.13703121147436226,0.85568595463575081
148918961,mock_campaign_993fe179,googleadwords_int,2026-06-06,30.758283123999991,5.9512735343999719,34.9753741867,40.926647721099975,10.168364597099984,1.330589472634311
148918961,mock_campaign_993fe179,googleadwords_int,2026-06-10,15.389917391099997,2.2070903493999978,34.8715895537,37.078679903099996,21.688762511999997,2.4092838811820152
,mock_campaign_caa37664,,,0.0,1.2739e-06,0.0,1.2739e-06,1.2739e-06,
,mock_campaign_d1e62852,,,0.0,0.0,0.0,0.0,0.0,
,mock_campaign_ce3403c4,,,0.0,0.291774056,21.643561,21.935335056,21.935335056,
,mock_campaign_d1c03fd5,,,0.0,0.00036815709999999996,0.0,0.00036815709999999996,0.00036815709999999996,
,mock_campaign_c95b5395,,,0.0,3.9490900000000005e-05,0.0,3.9490900000000005e-05,3.9490900000000005e-05,
,mock_campaign_759b1811,,,0.0,0.0003490486,0.0,0.0003490486,0.0003490486,
,mock_campaign_3016a669,,,0.0,0.0,0.0,0.0,0.0,
,,,,0.0,0.0,42.1698773047,42.1698773047,42.1698773047,
,,,,0.0,0.0,184.92856996619997,184.92856996619997,184.92856996619997,
,,,,0.0,0.0,261.1917208677,261.1917208677,261.1917208677,
,,,,0.0,2.2923664893000018,0.0,2.2923664893000018,2.2923664893000018,
,,,,0.0,16.104959727200065,0.0,16.104959727200065,16.104959727200065,
,,,,0.0,2.8399027222000042,0.0,2.8399027222000042,2.8399027222000042,
,,,,0.0,4.0813437502000012,0.0,4.0813437502000012,4.0813437502000012,
232552584,mock_campaign_a5da28b5,googleadwords_int,2026-06-27,20.059310164940065,15.223938130600027,0.0,15.223938130600027,-4.8353720343400379,0.75894624518088527
660741874,mock_campaign_7e7497dd,googleadwords_int,2026-06-24,0.11584077309999999,0.030864049200000004,0.0,0.030864049200000004,-0.084976723899999981,0.26643511066139464
739276167,mock_campaign_1fbdf2e3,googleadwords_int,2026-06-02,57.468163266398939,48.673818341199947,0.0,48.673818341199947,-8.7943449251989918,0.8469701409381748
998337322,mock_campaign_fe944d1c,googleadwords_int,2026-06-19,37.489374705100005,32.019327453700214,21.643561,53.662888453700212,16.173513748600207,1.4314159378710571
998337322,mock_campaign_fe944d1c,googleadwords_int,2026-06-26,20.5576886609,23.079382607300097,45.274035295100006,68.353417902400111,47.795729241500112,3.3249563717931925
180761354,mock_campaign_07fb7039,googleadwords_int,2026-07-05,0.555488579,0.23250840629999997,0.0,0.23250840629999997,-0.32298017270000007,0.41856559268700994
510225620,mock_campaign_10287894,googleadwords_int,2026-06-23,12.939699882600046,3.9316579524000175,0.0,3.9316579524000175,-9.0080419302000276,0.30384460134866803
434877610,mock_campaign_0dfbbe6f,googleadwords_int,2026-07-06,0.30816283659999993,0.4258736873,0.0,0.4258736873,0.11771085070000009,1.3819761396238397
262368493,mock_campaign_c13d8f45,googleadwords_int,2026-06-01,13.659576204099997,5.4066252328000157,30.592670283,35.999295515800014,22.339719311700016,2.6354621093584609
351751429,mock_campaign_b7e37028,googleadwords_int,2026-06-03,5.7771721981311925,3.2917435870999996,0.0,3.2917435870999996,-2.4854286110311929,0.56978457179531838
280939212,mock_campaign_45884f7b,googleadwords_int,2026-07-26,0.526594092,1.0797894874999996,0.0,1.0797894874999996,0.55319539549999963,2.0505157651863661
974591165,mock_campaign_674dbd59,googleadwords_int,2026-06-28,0.8495581316,0.65824960800000032,0.0,0.65824960800000032,-0.19130852359999972,0.774814086895146
529859974,mock_campaign_d2ea5396,googleadwords_int,2026-06-21,3.3794498893000009,4.1181135997999991,0.0,4.1181135997999991,0.73866371049999824,1.2185751334377681
585166272,mock_campaign_60587c25,googleadwords_int,2026-06-17,2.4785472487609,2.7333193308999997,0.0,2.7333193308999997,0.25477208213909952,1.1027908918284564
848321939,mock_campaign_c41abc99,googleadwords_int,2026-07-26,4.8822e-05,0.0,0.0,0.0,-4.8822e-05,0.0
848321939,mock_campaign_c41abc99,googleadwords_int,2026-07-20,0.0004670638,0.0,0.0,0.0,-0.0004670638,0.0
,mock_campaign_b0c8a1e0,,,0.0,0.78390965179999983,20.4151430517,21.199052703499998,21.199052703499998,
,mock_campaign_15f5ae79,,,0.0,0.0010917323,0.0,0.0010917323,0.0010917323,
,mock_campaign_2254e49d,,,0.0,5.0956e-06,0.0,5.0956e-06,5.0956e-06,
,mock_campaign_cb530cbb,,,0.0,0.0018535244999999998,0.0,0.0018535244999999998,0.0018535244999999998,
,mock_campaign_a544a26e,,,0.0,0.0492349611,0.0,0.0492349611,0.0492349611,
,mock_campaign_541ebe5c,,,0.0,0.001694287,0.0,0.001694287,0.001694287,
,mock_campaign_0365d47f,,,0.0,0.0,0.0,0.0,0.0,
,mock_campaign_796ef0d2,,,0.0,0.0026509859,0.0,0.0026509859,0.0026509859,
,mock_campaign_b0c8a1e0,,,0.0,0.042871830599999994,0.0,0.042871830599999994,0.042871830599999994,
,mock_campaign_e6535e2b,,,0.0,0.0,0.0,0.0,0.0,
,mock_campaign_cb530cbb,,,0.0,0.0065911586000000008,0.0,0.0065911586000000008,0.0065911586000000008,
,,,,0.0,2.069273477900003,0.0,2.069273477900003,2.069273477900003,
,,,,0.0,0.0,30.0128699848,30.0128699848,30.0128699848,
739276167,mock_campaign_1fbdf2e3,googleadwords_int,2026-07-02,48.201119495373725,43.709063157999907,76.408522,120.11758515799991,71.9164656626262,2.4920082026212822
510225620,mock_campaign_10287894,googleadwords_int,2026-07-18,15.742824777000038,5.1918278582000328,0.0,5.1918278582000328,-10.550996918800006,0.32979010639724532
434877610,mock_campaign_0dfbbe6f,googleadwords_int,2026-07-23,0.98573408140000007,0.83231530399999976,0.0,0.83231530399999976,-0.15341877740000032,0.84436088769284967
974591165,mock_campaign_674dbd59,googleadwords_int,2026-07-26,1.8900761929,0.64734884570000018,0.0,0.64734884570000018,-1.2427273471999998,0.34249880937696675
989105150,mock_campaign_58ab9c06,googleadwords_int,2026-06-26,0.0,0.0,0.0,0.0,0.0,
514288304,mock_campaign_c95b5395,googleadwords_int,2026-06-13,6.8485434802000009,3.3523226276999996,0.0,3.3523226276999996,-3.4962208525000014,0.48949424609655839
525989111,mock_campaign_c82cc8f4,googleadwords_int,2026-07-14,0.14779965430000003,0.089544978800000036,0.0,0.089544978800000036,-0.058254675499999992,0.60585377702064092
525989111,mock_campaign_c82cc8f4,googleadwords_int,2026-07-21,0.1329667170000001,0.0796849928,0.0,0.0796849928,-0.053281724200000088,0.59928525421891821
585166272,mock_campaign_60587c25,googleadwords_int,2026-06-12,3.2834997928947494,5.5391630627,0.0,5.5391630627,2.2556632698052508,1.6869692133638441
585166272,mock_campaign_60587c25,googleadwords_int,2026-07-03,1.3655210013233126,0.77630701659999979,0.0,0.77630701659999979,-0.58921398472331277,0.56850609829339027
611892113,mock_campaign_9bfd19ea,googleadwords_int,2026-07-16,1.3713237277999992,1.0392539894999997,0.0,1.0392539894999997,-0.33206973829999953,0.75784730361755237
585166272,mock_campaign_60587c25,googleadwords_int,2026-07-23,1.2296231614993267,3.0618211977999996,0.0,3.0618211977999996,1.8321980363006729,2.4900484096823643
590094865,mock_campaign_23f341fc,googleadwords_int,2026-07-23,0.011696937499999999,0.020733996400000003,0.0,0.020733996400000003,0.0090370589000000039,1.7726004263936612
,mock_campaign_759b1811,,,0.0,7.38862e-05,0.0,7.38862e-05,7.38862e-05,
,mock_campaign_c7abcb25,,,0.0,0.024629582600000005,0.0,0.024629582600000005,0.024629582600000005,
,mock_campaign_a544a26e,,,0.0,0.0301939778,0.0,0.0301939778,0.0301939778,
,mock_campaign_b0c8a1e0,,,0.0,0.00048408200000000005,0.0,0.00048408200000000005,0.00048408200000000005,
,mock_campaign_b0c8a1e0,,,0.0,0.0625650507,0.0,0.0625650507,0.0625650507,
,mock_campaign_e6535e2b,,,0.0,0.0,0.0,0.0,0.0,
,mock_campaign_df87094f,,,0.0,0.2908721348,0.0,0.2908721348,0.2908721348,
,mock_campaign_ae804aae,,,0.0,0.029136640800000006,0.0,0.029136640800000006,0.029136640800000006,
,mock_campaign_6aedfff8,,,0.0,0.067404596800000008,0.0,0.067404596800000008,0.067404596800000008,
,mock_campaign_a544a26e,,,0.0,0.0385507618,0.0,0.0385507618,0.0385507618,
,mock_campaign_d1c03fd5,,,0.0,0.2515481157,22.444261927699998,22.695810043399998,22.695810043399998,
,mock_campaign_6b5afb99,,,0.0,0.0326908218,6.6113231631,6.6440139849,6.6440139849,
,mock_campaign_c13d8f45,,,0.0,0.18735629470000004,31.0653241261,31.252680420799997,31.252680420799997,
,mock_campaign_ce3403c4,,,0.0,0.2333224284,21.643561,21.8768834284,21.8768834284,
,mock_campaign_ca357750,,,0.0,0.022153120999999998,0.0,0.022153120999999998,0.022153120999999998,
,mock_campaign_541ebe5c,,,0.0,0.00023057590000000002,0.0,0.00023057590000000002,0.00023057590000000002,
,mock_campaign_b67b22e1,,,0.0,0.0,0.0,0.0,0.0,
,mock_campaign_2254e49d,,,0.0,2.5478e-06,0.0,2.5478e-06,2.5478e-06,
,mock_campaign_a3bfa925,,,0.0,0.0336742726,0.0,0.0336742726,0.0336742726,
,,,,0.0,14.102718867300005,0.0,14.102718867300005,14.102718867300005,
,,,,0.0,21.044569398300016,0.0,21.044569398300016,21.044569398300016,
,,,,0.0,15.847760591100014,0.0,15.847760591100014,15.847760591100014,
,mock_campaign_d1c03fd5,,,0.0,0.0,26.0448574742,26.0448574742,26.0448574742,
,,,,0.0,0.0,83.082657350400012,83.082657350400012,83.082657350400012,
,mock_campaign_df87094f,,,0.0,0.0,50.943261000000007,50.943261000000007,50.943261000000007,
,,,,0.0,0.0,29.388121399,29.388121399,29.388121399,
,,,,0.0,1.527520751,0.0,1.527520751,1.527520751,
654635500,mock_campaign_67ff1f36,googleadwords_int,2026-07-15,2.4225500811000011,1.2687317876999995,0.0,1.2687317876999995,-1.1538182934000016,0.52371746516130213
432166127,mock_campaign_f8b84857,googleadwords_int,2026-06-25,2.4696828398999995,2.5063625807999985,0.0,2.5063625807999985,0.036679740899999036,1.0148520046005114
262368493,mock_campaign_c13d8f45,googleadwords_int,2026-06-02,12.423088262199997,6.3545609747,0.0,6.3545609747,-6.0685272874999967,0.51151218123718578
369626124,mock_campaign_617ec63b,googleadwords_int,2026-06-29,0.5465395064,0.26419412099999984,0.0,0.26419412099999984,-0.2823453854000002,0.48339437114110845
974591165,mock_campaign_674dbd59,googleadwords_int,2026-06-29,0.87250284420000013,0.52381494099999937,0.0,0.52381494099999937,-0.34868790320000076,0.60035900682969867
611892113,mock_campaign_9bfd19ea,googleadwords_int,2026-06-25,0.76505701400000059,0.86511058560000043,0.0,0.86511058560000043,0.10005357159999984,1.1307792357551012
611748075,mock_campaign_628993e1,googleadwords_int,2026-07-01,0.86257895899999992,0.3329426822999999,0.0,0.3329426822999999,-0.5296362767,0.38598516556210122
788967442,mock_campaign_475f8981,googleadwords_int,2026-06-17,0.0057650644999999992,0.0187811077,0.0,0.0187811077,0.0130160432,3.2577445924499204
243641668,mock_campaign_1e8723bd,googleadwords_int,2026-07-14,8.2775184078645427,8.6725137454999945,6.188236769,14.860750514499994,6.5832321066354513,1.7953147045110363
243641668,mock_campaign_1e8723bd,googleadwords_int,2026-07-15,10.747453878493811,9.7937355566000424,26.3004323878,36.094167944400041,25.34671406590623,3.3583924483385097
,mock_campaign_796ef0d2,,,0.0,0.0169441439,0.0,0.0169441439,0.0169441439,
,mock_campaign_e23241e2,,,0.0,0.0037312531000000004,0.0,0.0037312531000000004,0.0037312531000000004,
,mock_campaign_d64553bd,,,0.0,0.0,0.0,0.0,0.0,
,mock_campaign_2254e49d,,,0.0,0.0995858586,0.0,0.0995858586,0.0995858586,
,mock_campaign_b4ba1e63,,,0.0,2.9898687779999849,7.4556118532,10.445480631199985,10.445480631199985,
,mock_campaign_483107f1,,,0.0,0.068537093900000012,0.0,0.068537093900000012,0.068537093900000012,
,mock_campaign_df87094f,,,0.0,0.25863736919999997,38.204261,38.462898369200005,38.462898369200005,
,mock_campaign_a544a26e,,,0.0,0.05329488039999998,0.0,0.05329488039999998,0.05329488039999998,
,mock_campaign_a3bfa925,,,0.0,0.129797671,0.0,0.129797671,0.129797671,
,mock_campaign_a3bfa925,,,0.0,0.0010637065000000002,0.0,0.0010637065000000002,0.0010637065000000002,
,mock_campaign_13ddbb14,,,0.0,0.0079771618,0.0,0.0079771618,0.0079771618,
,mock_campaign_a544a26e,,,0.0,0.079388174099999875,0.0,0.079388174099999875,0.079388174099999875,
,mock_campaign_9eb39c3f,,,0.0,0.0077223818,0.0,0.0077223818,0.0077223818,
,mock_campaign_483107f1,,,0.0,0.0107440726,0.0,0.0107440726,0.0107440726,
,mock_campaign_9772a6c4,,,0.0,0.0314716995,0.0,0.0314716995,0.0314716995,
660741874,mock_campaign_7e7497dd,googleadwords_int,2026-07-13,0.0,0.0,0.0,0.0,0.0,
739276167,mock_campaign_1fbdf2e3,googleadwords_int,2026-06-06,52.780935358854443,32.685163136199975,0.0,32.685163136199975,-20.095772222654467,0.61926077880157848
140410898,mock_campaign_a2e93e84,googleadwords_int,2026-06-01,81.123802859499918,60.550567661099308,136.256344,196.80691166109932,115.6831088015994,2.4260069760530518
140410898,mock_campaign_a2e93e84,googleadwords_int,2026-06-28,50.255329295200006,57.100608241795811,109.491705,166.59231324179581,116.33698394659581,3.3149183495193491
998337322,mock_campaign_fe944d1c,googleadwords_int,2026-06-12,95.589614993499879,48.612745027398532,232.6747687227,281.28751375009853,185.69789875659865,2.9426576701791944
161694703,mock_campaign_2c0c0430,googleadwords_int,2026-06-25,21.1956530582,14.960300703900018,81.0875961909,96.047896894800019,74.852243836600024,4.5314903311102173
180761354,mock_campaign_07fb7039,googleadwords_int,2026-07-23,1.8106558180999996,0.8434975981999997,0.0,0.8434975981999997,-0.9671582199,0.465851980132325
510225620,mock_campaign_10287894,googleadwords_int,2026-07-03,14.091889318200039,5.1983311177000289,22.7472399342,27.945571051900028,13.85368173369999,1.9830961215262741
434877610,mock_campaign_0dfbbe6f,googleadwords_int,2026-07-15,0.44970432420000006,0.58789465880000014,0.0,0.58789465880000014,0.13819033460000008,1.3072915406046701
351751429,mock_campaign_b7e37028,googleadwords_int,2026-06-17,20.61087843744636,8.4381390756999952,45.868107095000006,54.3062461707,33.69536773325364,2.6348341404039846
972671114,mock_campaign_9911559c,googleadwords_int,2026-07-09,0.0220309275,0.013363211,0.0,0.013363211,-0.0086677164999999987,0.60656597412886959
900383572,mock_campaign_45368c6d,googleadwords_int,2026-07-17,3.7257207379999979,4.1130422038999921,0.0,4.1130422038999921,0.38732146589999417,1.1039588023733395
525989111,mock_campaign_c82cc8f4,googleadwords_int,2026-07-16,0.16498662570000003,0.14049715709999994,0.0,0.14049715709999994,-0.024489468600000092,0.85156694673827682
525989111,mock_campaign_c82cc8f4,googleadwords_int,2026-07-02,1.0353234005,0.44682679450000007,0.0,0.44682679450000007,-0.588496606,0.43158185576044078
611748075,mock_campaign_628993e1,googleadwords_int,2026-07-05,0.023135118399999998,0.24184991500000003,0.0,0.24184991500000003,0.21871479660000004,10.453800616814654
788967442,mock_campaign_475f8981,googleadwords_int,2026-06-14,0.0899878967,0.27031521049999996,35.054772551999996,35.3250877625,35.235099865799995,392.55376620553903
161332031,mock_campaign_12520749,googleadwords_int,2026-06-21,2.5811239370999988,0.85393975649999931,0.0,0.85393975649999931,-1.7271841805999995,0.33084027629430168
243641668,mock_campaign_1e8723bd,googleadwords_int,2026-06-14,10.425912168729051,10.578657958899994,0.0,10.578657958899994,0.15274579017094325,1.0146505924564646
258346999,mock_campaign_8ba2a925,googleadwords_int,2026-06-19,0.27955802679999991,0.0,0.0,0.0,-0.27955802679999991,0.0
,mock_campaign_6fdcae3c,,,0.0,0.0,0.0,0.0,0.0,
,mock_campaign_15f5ae79,,,0.0,0.0131542914,0.0,0.0131542914,0.0131542914,
,mock_campaign_cdc62e82,,,0.0,0.0047541948,0.0,0.0047541948,0.0047541948,
,mock_campaign_9cb1c00c,,,0.0,0.0011426883,0.0,0.0011426883,0.0011426883,
,mock_campaign_337b8797,,,0.0,2.80258e-05,0.0,2.80258e-05,2.80258e-05,
,mock_campaign_e6535e2b,,,0.0,0.000178346,0.0,0.000178346,0.000178346,
,mock_campaign_47fdd201,,,0.0,0.0066306495,0.0,0.0066306495,0.0066306495,
,mock_campaign_b0c8a1e0,,,0.0,0.0358781196,0.0,0.0358781196,0.0358781196,
,mock_campaign_79db2905,,,0.0,0.031116281399999994,0.0,0.031116281399999994,0.031116281399999994,
,mock_campaign_e6535e2b,,,0.0,0.12699636489999944,0.0,0.12699636489999944,0.12699636489999944,
,mock_campaign_b8b1eac5,,,0.0,0.026135332400000003,0.0,0.026135332400000003,0.026135332400000003,
,mock_campaign_fb57024c,,,0.0,0.63147095609999981,0.0,0.63147095609999981,0.63147095609999981,
,mock_campaign_12520749,,,0.0,0.031023286700000006,0.0,0.031023286700000006,0.031023286700000006,
,mock_campaign_c9d56aa3,,,0.0,0.004509606,0.0,0.004509606,0.004509606,
,,,,0.0,0.0,21.643561,21.643561,21.643561,
232552584,mock_campaign_a5da28b5,googleadwords_int,2026-07-23,15.290730014911089,15.253484967200007,0.0,15.253484967200007,-0.037245047711081725,0.99756420735473317
739276167,mock_campaign_1fbdf2e3,googleadwords_int,2026-07-05,46.867794677775038,44.472563657899229,39.465422000000004,83.937985657899233,37.070190980124195,1.7909523209911791
739276167,mock_campaign_1fbdf2e3,googleadwords_int,2026-06-22,44.60718871118479,46.343188991499929,0.0,46.343188991499929,1.7360002803151389,1.0389175003059508
140410898,mock_campaign_a2e93e84,googleadwords_int,2026-06-14,67.897194798000058,54.78036499879974,126.052405,180.83276999879973,112.93557520079968,2.6633319761853587
140410898,mock_campaign_a2e93e84,googleadwords_int,2026-06-23,37.304287248300007,32.948719033299945,38.204261,71.15298003329994,33.848692784999933,1.9073673639627695
510225620,mock_campaign_10287894,googleadwords_int,2026-07-05,18.805326310800055,5.083482663199967,0.0,5.083482663199967,-13.721843647600089,0.27032142804565323
434877610,mock_campaign_0dfbbe6f,googleadwords_int,2026-07-01,0.6549813054000001,1.0857615307000001,0.0,1.0857615307000001,0.43078022530000004,1.6576985049014805
262368493,mock_campaign_c13d8f45,googleadwords_int,2026-06-10,10.454936740599996,4.5499172916000017,0.0,4.5499172916000017,-5.9050194489999939,0.43519319193306644
351751429,mock_campaign_b7e37028,googleadwords_int,2026-06-13,20.065534615079244,15.056909458200003,0.0,15.056909458200003,-5.0086251568792406,0.75038665787079206
974591165,mock_campaign_674dbd59,googleadwords_int,2026-07-12,0.093302910499999989,0.14440038670000002,0.0,0.14440038670000002,0.051097476200000033,1.5476514711724887
989105150,mock_campaign_58ab9c06,googleadwords_int,2026-07-18,0.0,0.0,0.0,0.0,0.0,
989105150,mock_campaign_58ab9c06,googleadwords_int,2026-07-03,0.0,0.0,0.0,0.0,0.0,
516932962,mock_campaign_60e17b09,googleadwords_int,2026-07-17,0.0,0.0,0.0,0.0,0.0,
557162896,mock_campaign_b0c8a1e0,googleadwords_int,2026-06-02,46.368130605899985,21.389578461400234,5.7788511694,27.168429630800233,-19.199700975099752,0.58592894032573439
788967442,mock_campaign_475f8981,googleadwords_int,2026-06-23,0.002595703,0.0032841142,0.0,0.0032841142,0.0006884112,1.2652118520493292
788967442,mock_campaign_475f8981,googleadwords_int,2026-06-13,0.1842680609,1.9753411875,0.0,1.9753411875,1.7910731266,10.719932569171569
148918961,mock_campaign_993fe179,googleadwords_int,2026-06-20,30.988386092200013,3.6172339544000107,35.2153489209,38.832582875300012,7.8441967830999992,1.2531334403721799
258346999,mock_campaign_8ba2a925,googleadwords_int,2026-07-03,0.11215633950000001,0.1292358811,0.0,0.1292358811,0.017079541599999998,1.1522833366008705
258346999,mock_campaign_8ba2a925,googleadwords_int,2026-07-26,0.0,0.0,0.0,0.0,0.0,
,mock_campaign_b4ba1e63,,,0.0,0.17661604380000009,0.0,0.17661604380000009,0.17661604380000009,
,mock_campaign_10287894,,,0.0,0.11809052999999992,0.0,0.11809052999999992,0.11809052999999992,
,mock_campaign_fb57024c,,,0.0,0.0828506343,0.0,0.0828506343,0.0828506343,
,mock_campaign_f81bdda1,,,0.0,0.0,0.0,0.0,0.0,
,mock_campaign_e731112f,,,0.0,0.0074637800999999993,0.0,0.0074637800999999993,0.0074637800999999993,
,mock_campaign_f81bdda1,,,0.0,0.0079949964,0.0,0.0079949964,0.0079949964,
,mock_campaign_6b5afb99,,,0.0,0.027941722600000003,0.0,0.027941722600000003,0.027941722600000003,
,mock_campaign_796ef0d2,,,0.0,0.0125644757,0.0,0.0125644757,0.0125644757,
,mock_campaign_e23241e2,,,0.0,0.0010751716,0.0,0.0010751716,0.0010751716,
,mock_campaign_fb57024c,,,0.0,0.2991664977,0.0,0.2991664977,0.2991664977,
,mock_campaign_21ff68ff,,,0.0,0.0190804742,0.0,0.0190804742,0.0190804742,
,mock_campaign_b8b1eac5,,,0.0,0.0097644435,41.4307031992,41.440467642700007,41.440467642700007,
,mock_campaign_0365d47f,,,0.0,0.0026051255,0.0,0.0026051255,0.0026051255,
,mock_campaign_b0c8a1e0,,,0.0,0.12392881369999997,0.0,0.12392881369999997,0.12392881369999997,
,mock_campaign_0365d47f,,,0.0,0.005949113,0.0,0.005949113,0.005949113,
,,,,0.0,0.14114429830000022,0.0,0.14114429830000022,0.14114429830000022,
,,,,0.0,0.0,6.3567610000000005,6.3567610000000005,6.3567610000000005,
,,,,0.0,0.0,52.240472096099992,52.240472096099992,52.240472096099992,
,,,,0.0,0.0,117.7946552599,117.7946552599,117.7946552599,
,,,,0.0,2.9191023591000103,0.0,2.9191023591000103,2.9191023591000103,
,,,,0.0,0.3250763497999995,0.0,0.3250763497999995,0.3250763497999995,
,,,,0.0,1.9930866145000004,0.0,1.9930866145000004,1.9930866145000004,
660741874,mock_campaign_7e7497dd,googleadwords_int,2026-07-07,0.0,0.0,0.0,0.0,0.0,
140410898,mock_campaign_a2e93e84,googleadwords_int,2026-06-30,42.278155435500018,46.1928942695,275.06048799999996,321.2533822695,278.97522683399995,7.59856665836823
998337322,mock_campaign_fe944d1c,googleadwords_int,2026-06-09,92.16337735419971,46.338509956799896,133.8941193825,180.2326293392999,88.0692519851002,1.9555775245370501
432166127,mock_campaign_f8b84857,googleadwords_int,2026-06-19,2.9076235032000004,3.3285822272999979,0.0,3.3285822272999979,0.42095872409999746,1.1447775902336423
280939212,mock_campaign_45884f7b,googleadwords_int,2026-06-28,0.3296160371,0.2123769646,0.0,0.2123769646,-0.11723907249999999,0.64431623675994987
351751429,mock_campaign_b7e37028,googleadwords_int,2026-07-05,17.772441300539967,14.8231182346,0.0,14.8231182346,-2.9493230659399661,0.83405076342267292
974591165,mock_campaign_674dbd59,googleadwords_int,2026-07-09,0.74372261369999992,0.37549476400000004,0.0,0.37549476400000004,-0.36822784969999989,0.50488550043130154
624225880,mock_campaign_ae3dba5e,googleadwords_int,2026-06-13,1.2147816807,0.1313594724,0.0,0.1313594724,-1.0834222083,0.10813422237673691
585166272,mock_campaign_60587c25,googleadwords_int,2026-07-22,0.79760557464817039,0.128944158,0.0,0.128944158,-0.66866141664817036,0.16166406316415002
788967442,mock_campaign_475f8981,googleadwords_int,2026-06-02,0.7352064295,0.0782989896,6.2564515662,6.3347505558,5.5995441263000005,8.6162882989314227
810543724,mock_campaign_c492b014,googleadwords_int,2026-07-03,0.4605761699,1.0013045085000005,0.0,1.0013045085000005,0.54072833860000058,2.174025870069229
788967442,mock_campaign_475f8981,googleadwords_int,2026-07-11,0.0087106585,0.0,35.0185390143,35.0185390143,35.0098283558,4020.1942269117776
810543724,mock_campaign_c492b014,googleadwords_int,2026-07-25,1.0934655203,1.5014987956999999,0.0,1.5014987956999999,0.40803327539999978,1.3731560509453036
742036733,mock_campaign_e0586969,googleadwords_int,2026-07-20,1.4412476117873285,0.74175502690000006,0.0,0.74175502690000006,-0.69949258488732846,0.51466175612955944
148918961,mock_campaign_993fe179,googleadwords_int,2026-06-27,27.186181622699991,4.3456002922999977,0.0,4.3456002922999977,-22.840581330399992,0.15984592292547242
148918961,mock_campaign_993fe179,googleadwords_int,2026-07-09,17.476258837700016,2.2117719319000027,12.3579816056,14.569753537500002,-2.9065053002000134,0.83368835817823539
261307969,mock_campaign_b4ba1e63,googleadwords_int,2026-06-09,41.931201892500034,24.196302458100018,26.0164686127,50.212771070800017,8.2815691782999821,1.1975037395668178
,mock_campaign_483107f1,,,0.0,0.014305897,0.0,0.014305897,0.014305897,
,mock_campaign_3016a669,,,0.0,1.2739e-06,0.0,1.2739e-06,1.2739e-06,
,mock_campaign_fb57024c,,,0.0,0.0012955563000000003,0.0,0.0012955563000000003,0.0012955563000000003,
,mock_campaign_541ebe5c,,,0.0,0.0001222944,0.0,0.0001222944,0.0001222944,
,mock_campaign_c9d56aa3,,,0.0,0.0013987422,0.0,0.0013987422,0.0013987422,
,mock_campaign_0365d47f,,,0.0,0.0112370719,0.0,0.0112370719,0.0112370719,
,mock_campaign_df87094f,,,0.0,0.2607469476,85.325822,85.5865689476,85.5865689476,
,mock_campaign_ae3dba5e,,,0.0,0.1595190319,0.0,0.1595190319,0.1595190319,
,mock_campaign_e6535e2b,,,0.0,3.31214e-05,0.0,3.31214e-05,3.31214e-05,
,mock_campaign_1941c5ac,,,0.0,1.2739e-06,0.0,1.2739e-06,1.2739e-06,
,mock_campaign_451e8488,,,0.0,6.3695000000000006e-06,0.0,6.3695000000000006e-06,6.3695000000000006e-06,
,mock_campaign_541ebe5c,,,0.0,0.00020255009999999994,0.0,0.00020255009999999994,0.00020255009999999994,
,mock_campaign_90337527,,,0.0,0.0,0.0,0.0,0.0,
,mock_campaign_b0c8a1e0,,,0.0,0.12476449209999996,83.176408747000011,83.301173239100009,83.301173239100009,
,mock_campaign_ae804aae,,,0.0,0.0043414512000000006,0.0,0.0043414512000000006,0.0043414512000000006,
,mock_campaign_970b80f7,,,0.0,1.9278056090000018,130.29521557520002,132.2230211842,132.2230211842,
,mock_campaign_96cf8fb0,,,0.0,0.0101453396,0.0,0.0101453396,0.0101453396,
,,,,0.0,2.1959488200000039,0.0,2.1959488200000039,2.1959488200000039,
,,,,0.0,0.0,1.261161,1.261161,1.261161,
,mock_campaign_a35fcde2,,,0.0,0.0,42.5904987023,42.5904987023,42.5904987023,
,,,,0.0,0.0,21.643561,21.643561,21.643561,
,,,,0.0,0.083906697400000035,0.0,0.083906697400000035,0.083906697400000035,
739276167,mock_campaign_1fbdf2e3,googleadwords_int,2026-06-08,47.495494906015217,41.812399308399996,0.0,41.812399308399996,-5.6830955976152211,0.88034453354237041
739276167,mock_campaign_1fbdf2e3,googleadwords_int,2026-07-23,58.902093596878444,52.837323545799954,38.204261,91.041584545799964,32.139490948921519,1.5456425907181128
739276167,mock_campaign_1fbdf2e3,googleadwords_int,2026-06-21,45.1860482458517,23.818980921500003,0.0,23.818980921500003,-21.367067324351698,0.52713131256585821
739276167,mock_campaign_1fbdf2e3,googleadwords_int,2026-07-10,46.714283583171849,34.725367490000018,0.0,34.725367490000018,-11.988916093171831,0.74335652452367551
161694703,mock_campaign_2c0c0430,googleadwords_int,2026-06-19,29.681677467700034,19.902577921600283,76.911062811000008,96.813640732600291,67.131963264900264,3.2617307710439913
161694703,mock_campaign_2c0c0430,googleadwords_int,2026-06-01,119.49329745450007,84.245678368297078,143.45894147860002,227.70461984689712,108.21132239239705,1.9055848712652783
180761354,mock_campaign_07fb7039,googleadwords_int,2026-07-26,1.5482928996999978,0.73729637689999894,0.0,0.73729637689999894,-0.8109965227999989,0.4761995466380165
180761354,mock_campaign_07fb7039,googleadwords_int,2026-06-23,0.0323429476,0.018481741200000002,0.0,0.018481741200000002,-0.013861206399999996,0.57143032937418492
510225620,mock_campaign_10287894,googleadwords_int,2026-06-27,12.471586409600011,4.1032369956000325,0.0,4.1032369956000325,-8.36834941399998,0.32900682085172128
464541057,mock_campaign_d8ff83e7,googleadwords_int,2026-07-01,2.4307139332000007,1.7164528600000004,0.0,1.7164528600000004,-0.71426107320000032,0.70615173449897262
432166127,mock_campaign_f8b84857,googleadwords_int,2026-07-20,8.180774618900001,9.6303757162000014,0.0,9.6303757162000014,1.4496010973000004,1.1771960682000693
434877610,mock_campaign_0dfbbe6f,googleadwords_int,2026-07-18,0.49199231319999992,0.52293722389999986,0.0,0.52293722389999986,0.030944910699999939,1.0628971426377154
434877610,mock_campaign_0dfbbe6f,googleadwords_int,2026-07-25,1.2290661841999997,0.63526335639999854,0.0,0.63526335639999854,-0.59380282780000115,0.51686667859427926
369804654,mock_campaign_92e554bf,googleadwords_int,2026-07-18,0.813089725,1.6667745816999993,0.0,1.6667745816999993,0.85368485669999927,2.0499270012297837
974591165,mock_campaign_674dbd59,googleadwords_int,2026-07-08,0.5886606869,0.40374349649999974,0.0,0.40374349649999974,-0.18491719040000021,0.685867946484061
624225880,mock_campaign_ae3dba5e,googleadwords_int,2026-06-15,0.3909909869999999,0.0,0.0,0.0,-0.3909909869999999,0.0
571438578,mock_campaign_756e1c81,googleadwords_int,2026-07-12,0.032548,0.052037541099999987,0.0,0.052037541099999987,0.019489541099999987,1.5987938152881893
590094865,mock_campaign_23f341fc,googleadwords_int,2026-07-16,4.8822e-05,0.0,0.0,0.0,-4.8822e-05,0.0
810543724,mock_campaign_c492b014,googleadwords_int,2026-07-20,1.1904081109,1.1173618941,0.0,1.1173618941,-0.0730462167999999,0.9386376687699366
,mock_campaign_e6535e2b,,,0.0,0.0,0.0,0.0,0.0,
,mock_campaign_ae804aae,,,0.0,0.0,0.0,0.0,0.0,
,mock_campaign_db4f67c3,,,0.0,0.0063886085000000011,0.0,0.0063886085000000011,0.0063886085000000011,
,mock_campaign_ce3403c4,,,0.0,0.20761130470000003,0.0,0.20761130470000003,0.20761130470000003,
,mock_campaign_d1c03fd5,,,0.0,0.0834926799,25.6084155125,25.6919081924,25.6919081924,
,mock_campaign_970b80f7,,,0.0,1.4948719678999967,42.025961,43.5208329679,43.5208329679,
,mock_campaign_13d78e8d,,,0.0,0.009010294700000001,0.0,0.009010294700000001,0.009010294700000001,
,mock_campaign_13d78e8d,,,0.0,0.0043108776,0.0,0.0043108776,0.0043108776,
,mock_campaign_5dcabbd9,,,0.0,0.60944395120000006,0.0,0.60944395120000006,0.60944395120000006,
,mock_campaign_b8b1eac5,,,0.0,0.09939604749999989,0.0,0.09939604749999989,0.09939604749999989,
,mock_campaign_1941c5ac,,,0.0,0.0014993803000000001,0.0,0.0014993803000000001,0.0014993803000000001,
,mock_campaign_f81bdda1,,,0.0,0.0061745933,0.0,0.0061745933,0.0061745933,
,mock_campaign_483107f1,,,0.0,0.0039847592,0.0,0.0039847592,0.0039847592,
,mock_campaign_993fe179,,,0.0,0.089886384000000041,69.9223467729,70.0122331569,70.0122331569,
,mock_campaign_9772a6c4,,,0.0,0.0018904676,0.0,0.0018904676,0.0018904676,
,,,,0.0,0.0,114.7838346486,114.7838346486,114.7838346486,
654635500,mock_campaign_67ff1f36,googleadwords_int,2026-07-19,2.5000639567999992,1.0634033117999986,0.0,1.0634033117999986,-1.4366606450000006,0.42535044309871189
739276167,mock_campaign_1fbdf2e3,googleadwords_int,2026-06-26,44.136052632287559,41.441117331700006,0.0,41.441117331700006,-2.6949353005875523,0.93894027354371778
161694703,mock_campaign_2c0c0430,googleadwords_int,2026-06-18,27.364872583799997,17.354646709900159,241.00878430799997,258.36343101790015,230.99855843410015,9.44142642092371
180761354,mock_campaign_07fb7039,googleadwords_int,2026-07-25,0.27838141660000004,0.15346418520000008,0.0,0.15346418520000008,-0.12491723139999997,0.55127309528893331
262368493,mock_campaign_c13d8f45,googleadwords_int,2026-06-04,10.090718110999997,4.7106630891999979,0.0,4.7106630891999979,-5.3800550218,0.46683130351890961
265069104,mock_campaign_b8b1eac5,googleadwords_int,2026-06-04,22.880312815962476,4.4265681024000072,0.0,4.4265681024000072,-18.453744713562468,0.19346624051887118
351751429,mock_campaign_b7e37028,googleadwords_int,2026-06-09,6.1908725638462361,4.9925924459999953,0.0,4.9925924459999953,-1.1982801178462408,0.80644406656922385
262368493,mock_campaign_c13d8f45,googleadwords_int,2026-06-12,11.3013670094,4.8412098133999928,44.158469600000004,48.999679413399996,37.698312403999992,4.3357303034795818
262368493,mock_campaign_c13d8f45,googleadwords_int,2026-06-23,152.19471163879982,52.6783178955998,92.2804599392,144.9587778347998,-7.2359338040000125,0.9524560759957752
369804654,mock_campaign_92e554bf,googleadwords_int,2026-06-28,0.31776042809999994,0.6657860003999998,0.0,0.6657860003999998,0.34802557229999986,2.0952451643553154
529859974,mock_campaign_d2ea5396,googleadwords_int,2026-06-30,3.5634632620999986,4.02727816030002,0.0,4.02727816030002,0.46381489820002164,1.1301584621716261
529859974,mock_campaign_d2ea5396,googleadwords_int,2026-06-29,3.3516229767,3.813587804800012,0.0,3.813587804800012,0.46196482810001216,1.1378331725589439
590094865,mock_campaign_23f341fc,googleadwords_int,2026-06-21,0.47724155959999986,0.29944293399999972,0.0,0.29944293399999972,-0.17779862560000015,0.62744521715790613
834117318,mock_campaign_ae804aae,googleadwords_int,2026-06-23,2.152544892299999,0.9291495386000006,0.0,0.9291495386000006,-1.2233953536999984,0.431651642631807
788967442,mock_campaign_475f8981,googleadwords_int,2026-06-27,0.4662647466,0.0159415846,34.9534898586,34.9694314432,34.503166696600005,74.999089461935313
788967442,mock_campaign_475f8981,googleadwords_int,2026-06-06,0.11113921450000001,0.15832156590000004,0.0,0.15832156590000004,0.04718235140000003,1.4245337850574789
848321939,mock_campaign_c41abc99,googleadwords_int,2026-06-25,0.0023361326999999997,0.0,0.0,0.0,-0.0023361326999999997,0.0
161332031,mock_campaign_12520749,googleadwords_int,2026-07-06,0.15545982610000009,0.0837410904,0.0,0.0837410904,-0.071718735700000091,0.53866707882545317
243641668,mock_campaign_1e8723bd,googleadwords_int,2026-07-13,2.4432959113478567,2.7359448387999956,0.0,2.7359448387999956,0.29264892745213889,1.1197762932000723
261307969,mock_campaign_b4ba1e63,googleadwords_int,2026-06-06,34.6403058676,18.7681177417,0.0,18.7681177417,-15.8721881259,0.54180000065340994
,mock_campaign_2254e49d,,,0.0,0.0027720064,0.0,0.0027720064,0.0027720064,
,mock_campaign_e6a4a79e,,,0.0,0.201862194,0.0,0.201862194,0.201862194,
,mock_campaign_0365d47f,,,0.0,0.0003643354,0.0,0.0003643354,0.0003643354,
,mock_campaign_a3bfa925,,,0.0,0.0675689299,0.0,0.0675689299,0.0675689299,
,mock_campaign_fb57024c,,,0.0,0.15448075739999947,0.0,0.15448075739999947,0.15448075739999947,
,mock_campaign_a3bfa925,,,0.0,0.0872048245,0.0,0.0872048245,0.0872048245,
,mock_campaign_6fdcae3c,,,0.0,0.00028280579999999996,0.0,0.00028280579999999996,0.00028280579999999996,
,mock_campaign_67ff1f36,,,0.0,0.12315428250000002,0.0,0.12315428250000002,0.12315428250000002,
,mock_campaign_b4ba1e63,,,0.0,0.0036357106,0.0,0.0036357106,0.0036357106,
,,,,0.0,2.5868717868999971,0.0,2.5868717868999971,2.5868717868999971,
140410898,mock_campaign_a2e93e84,googleadwords_int,2026-07-15,45.4714649402,27.3063904530001,66.204583,93.5109734530001,48.039508512800104,2.0564759366336087
199581943,mock_campaign_f81bdda1,googleadwords_int,2026-06-25,6.703489249699996,2.5440419950000059,0.0,2.5440419950000059,-4.15944725469999,0.37951011782615457
369626124,mock_campaign_617ec63b,googleadwords_int,2026-06-26,0.5432057775,0.54492091619999983,0.0,0.54492091619999983,0.0017151386999998408,1.0031574382509212
972671114,mock_campaign_9911559c,googleadwords_int,2026-07-24,0.638681267,0.5381768896000001,0.0,0.5381768896000001,-0.10050437739999996,0.84263766201866708
525989111,mock_campaign_c82cc8f4,googleadwords_int,2026-07-24,6.3968944129999965,2.6432189317000043,0.0,2.6432189317000043,-3.7536754812999922,0.413203464219819
792104306,mock_campaign_6fcee95d,googleadwords_int,2026-06-24,35.667751838400015,14.858565776000033,0.0,14.858565776000033,-20.809186062399981,0.41658262744789126
148918961,mock_campaign_993fe179,googleadwords_int,2026-06-19,23.354504939200019,3.5407961326999939,6.2164778581,9.7572739907999946,-13.597230948400025,0.41778980184772085
243641668,mock_campaign_1e8723bd,googleadwords_int,2026-06-03,11.626640529649352,12.334099802300022,0.0,12.334099802300022,0.7074592726506701,1.060848124688001
243641668,mock_campaign_1e8723bd,googleadwords_int,2026-06-20,12.792933870746332,12.676364884800059,0.86313858840000013,13.539503473200059,0.74656960245372694,1.0583579662020228
,mock_campaign_10287894,,,0.0,0.11509941280000004,0.0,0.11509941280000004,0.11509941280000004,
,mock_campaign_b4ba1e63,,,0.0,0.6051891252,47.073331146,47.6785202712,47.6785202712,
,mock_campaign_2472b5d9,,,0.0,0.0056077078,0.0,0.0056077078,0.0056077078,
,mock_campaign_c7abcb25,,,0.0,0.0,0.0,0.0,0.0,
,mock_campaign_483107f1,,,0.0,0.0002764363,0.0,0.0002764363,0.0002764363,
,mock_campaign_b7e37028,,,0.0,0.2853956387,0.0,0.2853956387,0.2853956387,
,mock_campaign_ce3403c4,,,0.0,0.0410425102,0.0,0.0410425102,0.0410425102,
,mock_campaign_cb530cbb,,,0.0,0.0017567081,0.0,0.0017567081,0.0017567081,
,mock_campaign_c13d8f45,,,0.0,0.0537305542,43.3344957932,43.3882263474,43.3882263474,
,mock_campaign_a3bfa925,,,0.0,0.059655463099999993,0.0,0.059655463099999993,0.059655463099999993,
,mock_campaign_c95b5395,,,0.0,0.0215174449,0.0,0.0215174449,0.0215174449,
,,,,0.0,3.2489723946000066,0.0,3.2489723946000066,3.2489723946000066,
,mock_campaign_d1c03fd5,,,0.0,0.0,58.500230706699995,58.500230706699995,58.500230706699995,
232552584,mock_campaign_a5da28b5,googleadwords_int,2026-06-29,14.699683478682537,16.3751462738,0.0,16.3751462738,1.6754627951174612,1.1139795151063774
660741874,mock_campaign_7e7497dd,googleadwords_int,2026-07-15,0.0352885416,0.032494641200000007,0.0,0.032494641200000007,-0.0027939003999999934,0.92082698027962728
739276167,mock_campaign_1fbdf2e3,googleadwords_int,2026-07-22,56.995969845226895,56.019952502300022,0.0,56.019952502300022,-0.97601734292687325,0.982875677954472
140410898,mock_campaign_a2e93e84,googleadwords_int,2026-06-07,83.895350498000056,64.930021845899475,159.161066,224.09108784589949,140.19573734789944,2.6710787488901606
998337322,mock_campaign_fe944d1c,googleadwords_int,2026-06-27,25.890588140199995,25.711405231900027,11.9702663189,37.681671550800026,11.791083410600031,1.4554196817295224
502057685,mock_campaign_befecb98,googleadwords_int,2026-07-22,3.9203903259999984,2.0576071016999986,0.0,2.0576071016999986,-1.8627832242999998,0.52484751022212361
351751429,mock_campaign_b7e37028,googleadwords_int,2026-06-05,7.9879527343806114,5.1059058509999993,0.0,5.1059058509999993,-2.8820468833806121,0.63920080911644417
262368493,mock_campaign_c13d8f45,googleadwords_int,2026-06-07,13.9316319169,7.6093715831999917,5.7893060667,13.398677649899991,-0.53295426700000981,0.9617450223937154
900383572,mock_campaign_45368c6d,googleadwords_int,2026-07-19,4.8434092936000033,6.0708124887000094,7.6240227071,13.69483519580001,8.8514259022000061,2.8275197006158712
525989111,mock_campaign_c82cc8f4,googleadwords_int,2026-07-06,0.3405993597,0.11865104600000001,0.0,0.11865104600000001,-0.22194831369999998,0.34835956856908917
585166272,mock_campaign_60587c25,googleadwords_int,2026-06-05,1.9897794539738405,2.6270276627000007,0.0,2.6270276627000007,0.63724820872616017,1.3202607240985904
585166272,mock_campaign_60587c25,googleadwords_int,2026-07-10,0.64688157317823658,0.24929586050000002,0.0,0.24929586050000002,-0.39758571267823656,0.38538098909691931
611892113,mock_campaign_9bfd19ea,googleadwords_int,2026-07-11,1.1780903202999995,0.74660985979999939,0.0,0.74660985979999939,-0.43148046050000011,0.63374585711719955
742036733,mock_campaign_e0586969,googleadwords_int,2026-07-06,1.8728787729071505,0.0,0.0,0.0,-1.8728787729071505,0.0
810543724,mock_campaign_c492b014,googleadwords_int,2026-07-14,1.6533464519000003,2.8501996559,0.0,2.8501996559,1.1968532039999997,1.7238974037320456
810543724,mock_campaign_c492b014,googleadwords_int,2026-06-24,0.6776135572,0.6651350375,0.0,0.6651350375,-0.012478519700000024,0.98158460738069775
848321939,mock_campaign_c41abc99,googleadwords_int,2026-07-11,0.0,0.0,0.0,0.0,0.0,
148918961,mock_campaign_993fe179,googleadwords_int,2026-06-12,20.470381091999986,3.3545825263,0.0,3.3545825263,-17.115798565699986,0.16387494259259305
261307969,mock_campaign_b4ba1e63,googleadwords_int,2026-06-08,32.230256659600016,21.716113426700019,46.7011408786,68.41725430530002,36.1869976457,2.1227647991726881
261307969,mock_campaign_b4ba1e63,googleadwords_int,2026-06-10,44.324980355299985,28.575748999500018,0.0,28.575748999500018,-15.749231355799967,0.64468723438662923
,mock_campaign_f42ebe24,,,0.0,0.095853331600000008,0.0,0.095853331600000008,0.095853331600000008,
,mock_campaign_5dcabbd9,,,0.0,1.7641514977000001,21.643561,23.407712497699997,23.407712497699997,
,mock_campaign_9772a6c4,,,0.0,0.0001350334,0.0,0.0001350334,0.0001350334,
,mock_campaign_df87094f,,,0.0,0.19894878470000002,59.847822,60.0467707847,60.0467707847,
,mock_campaign_3016a669,,,0.0,3.8217e-06,0.0,3.8217e-06,3.8217e-06,
,mock_campaign_a3bfa925,,,0.0,0.012433264000000003,0.0,0.012433264000000003,0.012433264000000003,
,mock_campaign_2472b5d9,,,0.0,0.0065695023,0.0,0.0065695023,0.0065695023,
,mock_campaign_a544a26e,,,0.0,0.0137874197,0.0,0.0137874197,0.0137874197,
,mock_campaign_759b1811,,,0.0,0.057863085800000005,0.0,0.057863085800000005,0.057863085800000005,
,mock_campaign_58ab9c06,,,0.0,0.045904986499999995,0.0,0.045904986499999995,0.045904986499999995,
,mock_campaign_e6a4a79e,,,0.0,0.22603062480000002,0.0,0.22603062480000002,0.22603062480000002,
,mock_campaign_cc915a95,,,0.0,0.019163277700000002,0.0,0.019163277700000002,0.019163277700000002,
,mock_campaign_2254e49d,,,0.0,0.0055108914,0.0,0.0055108914,0.0055108914,
,mock_campaign_5dcabbd9,,,0.0,0.56754283240000014,38.204261,38.7718038324,38.7718038324,
,,,,0.0,0.55108022270000045,0.0,0.55108022270000045,0.55108022270000045,
,,,,0.0,0.0,14.702197098800003,14.702197098800003,14.702197098800003,
,,,,0.0,0.0,59.847822,59.847822,59.847822,
,,,,0.0,0.275378963,0.0,0.275378963,0.275378963,
232552584,mock_campaign_a5da28b5,googleadwords_int,2026-07-16,13.181375725202182,5.2885448940000073,0.0,5.2885448940000073,-7.8928308312021747,0.40121342447500025
161694703,mock_campaign_2c0c0430,googleadwords_int,2026-06-15,101.84353499320011,76.040203114697434,125.20021048650001,201.24041360119745,99.396878607997337,1.9759763210755976
464541057,mock_campaign_d8ff83e7,googleadwords_int,2026-06-29,2.4013352947,2.4643340720000007,0.0,2.4643340720000007,0.0629987773000007,1.0262348941603638
262368493,mock_campaign_c13d8f45,googleadwords_int,2026-06-15,9.5215089225999989,6.15148857570001,28.775732191000003,34.92722076670001,25.405711844100011,3.6682442930655341
369804654,mock_campaign_92e554bf,googleadwords_int,2026-07-05,0.3924133346,1.0723499115000006,0.0,1.0723499115000006,0.67993657690000053,2.7327050763784126
900383572,mock_campaign_45368c6d,googleadwords_int,2026-07-03,4.4226010838000036,9.2492299317999542,0.0,9.2492299317999542,4.8266288479999506,2.0913552356507807
525989111,mock_campaign_c82cc8f4,googleadwords_int,2026-07-09,0.34538066090000019,0.12157082479999999,0.0,0.12157082479999999,-0.22380983610000021,0.35199082798442788
516932962,mock_campaign_60e17b09,googleadwords_int,2026-07-16,0.0,0.0,0.0,0.0,0.0,
590094865,mock_campaign_23f341fc,googleadwords_int,2026-07-04,0.0689895545,0.025206659299999996,0.0,0.025206659299999996,-0.0437828952,0.36536921397281957
742036733,mock_campaign_e0586969,googleadwords_int,2026-07-03,2.2240834790678576,0.7278593257,0.0,0.7278593257,-1.4962241533678577,0.327262592681573
742036733,mock_campaign_e0586969,googleadwords_int,2026-07-18,0.1185894825640966,0.3467657712,0.0,0.3467657712,0.22817628863590342,2.9240853716734625
792104306,mock_campaign_6fcee95d,googleadwords_int,2026-07-16,34.346494257900005,11.642350445999972,65.114979386899989,76.757329832899956,42.41083557499995,2.2347937246971012
810543724,mock_campaign_c492b014,googleadwords_int,2026-07-09,0.54683243840000006,0.0,0.0,0.0,-0.54683243840000006,0.0
258346999,mock_campaign_8ba2a925,googleadwords_int,2026-07-09,0.1008849671,0.0,0.0,0.0,-0.1008849671,0.0
,mock_campaign_9772a6c4,,,0.0,2.80258e-05,0.0,2.80258e-05,2.80258e-05,
,mock_campaign_1941c5ac,,,0.0,0.019558186700000004,0.0,0.019558186700000004,0.019558186700000004,
,mock_campaign_15f5ae79,,,0.0,0.0007592444,0.0,0.0007592444,0.0007592444,
,mock_campaign_c13d8f45,,,0.0,0.47753670179999991,67.925512344600008,68.403049046400014,68.403049046400014,
,mock_campaign_759b1811,,,0.0,0.0061261851,0.0,0.0061261851,0.0061261851,
,mock_campaign_6b5afb99,,,0.0,0.11145478489999999,0.0,0.11145478489999999,0.11145478489999999,
,mock_campaign_b4ba1e63,,,0.0,0.2777942774,0.0,0.2777942774,0.2777942774,
,mock_campaign_cb530cbb,,,0.0,0.0001490463,0.0,0.0001490463,0.0001490463,
,mock_campaign_5dcabbd9,,,0.0,0.76021001620000006,0.0,0.76021001620000006,0.76021001620000006,
,mock_campaign_21ff68ff,,,0.0,0.1803918834,0.0,0.1803918834,0.1803918834,
,mock_campaign_9772a6c4,,,0.0,0.029559575600000002,0.0,0.029559575600000002,0.029559575600000002,
,mock_campaign_09bed4a1,,,0.0,0.0056000644,0.0,0.0056000644,0.0056000644,
,mock_campaign_c13d8f45,,,0.0,0.33404460579999984,0.0,0.33404460579999984,0.33404460579999984,
,,,,0.0,0.0,372.34708066829995,372.34708066829995,372.34708066829995,
654635500,mock_campaign_67ff1f36,googleadwords_int,2026-07-20,6.3355430603999991,2.3224942242999997,0.0,2.3224942242999997,-4.0130488360999994,0.36658171243703414
998337322,mock_campaign_fe944d1c,googleadwords_int,2026-07-23,19.3286420055,19.914776788000012,70.670747736100012,90.585524524100023,71.256882518600023,4.686595390318872
161694703,mock_campaign_2c0c0430,googleadwords_int,2026-06-07,142.66843280679981,82.558377435896418,59.7472616079,142.30563904379642,-0.3627937630033955,0.99745708454304893
180761354,mock_campaign_07fb7039,googleadwords_int,2026-06-18,1.2564480029000005,0.90457855540000265,0.0,0.90457855540000265,-0.35186944749999782,0.71994905743186355
464541057,mock_campaign_d8ff83e7,googleadwords_int,2026-06-30,2.3129438774,2.5349998528000004,0.0,2.5349998528000004,0.22205597540000044,1.0960057775589502
434877610,mock_campaign_0dfbbe6f,googleadwords_int,2026-07-20,0.73090277019999994,0.47683860459999972,0.0,0.47683860459999972,-0.25406416560000022,0.652396767451737
265069104,mock_campaign_b8b1eac5,googleadwords_int,2026-06-01,27.833864004214334,4.063124432400036,19.700919551600002,23.76404398400004,-4.0698200202142942,0.85378170923023544
262368493,mock_campaign_c13d8f45,googleadwords_int,2026-06-13,10.3820918755,4.7049063350999933,25.4246286856,30.12953502069999,19.747443145199988,2.9020678474056516
369804654,mock_campaign_92e554bf,googleadwords_int,2026-07-08,0.36829119809999994,1.1761065187000002,0.0,1.1761065187000002,0.80781532060000028,3.1934146804688472
351751429,mock_campaign_b7e37028,googleadwords_int,2026-07-12,8.0529867753897477,3.9913949450999988,0.0,3.9913949450999988,-4.0615918302897489,0.4956415621217537
280939212,mock_campaign_45884f7b,googleadwords_int,2026-07-14,1.4128663675999997,0.94862237400000016,0.0,0.94862237400000016,-0.46424399359999957,0.67141691228123779
280939212,mock_campaign_45884f7b,googleadwords_int,2026-07-18,1.4718197463000002,0.57466393339999988,0.0,0.57466393339999988,-0.89715581290000035,0.39044450575190642
900383572,mock_campaign_45368c6d,googleadwords_int,2026-06-23,3.2478941280999996,5.7957239749000724,0.0,5.7957239749000724,2.5478298468000729,1.7844559416998422
542533692,mock_campaign_796ef0d2,googleadwords_int,2026-06-19,14.349753289300068,4.4285286345000126,0.0,4.4285286345000126,-9.9212246548000564,0.30861357301537418
529859974,mock_campaign_d2ea5396,googleadwords_int,2026-07-06,2.0013846569999991,2.4962248845999695,0.0,2.4962248845999695,0.49484022759997037,1.2472489363147798
788967442,mock_campaign_475f8981,googleadwords_int,2026-07-21,0.0127083666,0.0058535704999999986,0.0,0.0058535704999999986,-0.0068547961000000011,0.46060762049467463
788967442,mock_campaign_475f8981,googleadwords_int,2026-06-22,0.2978402384,0.25050606550000004,35.181658087600006,35.432164153100004,35.134323914700005,118.96365764223751
788967442,mock_campaign_475f8981,googleadwords_int,2026-07-08,0.0765089562,0.0054637571,18.6974596043,18.7029233614,18.6264144052,244.4540389821708
243641668,mock_campaign_1e8723bd,googleadwords_int,2026-07-06,7.6759176910720166,8.5334650127000131,39.4365210307,47.969986043400013,40.294068352328,6.2494138126565213
243641668,mock_campaign_1e8723bd,googleadwords_int,2026-06-29,10.508063264616736,12.735436901699956,0.0,12.735436901699956,2.22737363708322,1.2119680459655531
258346999,mock_campaign_8ba2a925,googleadwords_int,2026-07-02,0.0,0.0,0.0,0.0,0.0,
,mock_campaign_0365d47f,,,0.0,0.0033452613999999997,0.0,0.0033452613999999997,0.0033452613999999997,
,mock_campaign_13d78e8d,,,0.0,3.69431e-05,0.0,3.69431e-05,3.69431e-05,
,mock_campaign_ce3403c4,,,0.0,1.3027729435,31.834761,33.1375339435,33.1375339435,
,mock_campaign_fb57024c,,,0.0,0.041842519400000021,0.0,0.041842519400000021,0.041842519400000021,
,mock_campaign_c9d56aa3,,,0.0,0.0,0.0,0.0,0.0,
,mock_campaign_e4bf86e4,,,0.0,0.0024000276,0.0,0.0024000276,0.0024000276,
,mock_campaign_15f5ae79,,,0.0,0.0042076917,0.0,0.0042076917,0.0042076917,
,mock_campaign_970b80f7,,,0.0,1.0917526824000074,115.9419524254,117.03370510780002,117.03370510780002,
,,,,0.0,0.14521313489999993,0.0,0.14521313489999993,0.14521313489999993,
,,,,0.0,0.20539981429999993,0.0,0.20539981429999993,0.20539981429999993,
,,,,0.0,0.0,387.4014818174,387.4014818174,387.4014818174,
654635500,mock_campaign_67ff1f36,googleadwords_int,2026-07-11,2.4380128221999997,1.5599173018999994,0.0,1.5599173018999994,-0.87809552030000027,0.639831459332675
510225620,mock_campaign_10287894,googleadwords_int,2026-07-19,21.600283284600067,5.6785149837000146,41.631179390000007,47.309694373700019,25.709411089099952,2.1902349034204329
502057685,mock_campaign_befecb98,googleadwords_int,2026-07-19,2.8034259634000009,1.6628547913999974,0.0,1.6628547913999974,-1.1405711720000036,0.59315095640452853
434877610,mock_campaign_0dfbbe6f,googleadwords_int,2026-07-21,0.5762957017,0.65382917500000015,0.0,0.65382917500000015,0.077533473300000155,1.1345376567468508
351751429,mock_campaign_b7e37028,googleadwords_int,2026-07-03,19.724423880618463,16.895506398000002,0.0,16.895506398000002,-2.8289174826184613,0.8565779411484763
369626124,mock_campaign_617ec63b,googleadwords_int,2026-07-17,0.3026972137,0.16153051999999993,0.0,0.16153051999999993,-0.1411666937000001,0.53363728732597815
900383572,mock_campaign_45368c6d,googleadwords_int,2026-07-12,0.50269979150000044,0.78173383059999968,0.0,0.78173383059999968,0.27903403909999924,1.5550709266606071
989105150,mock_campaign_58ab9c06,googleadwords_int,2026-07-11,0.0,0.0,0.0,0.0,0.0,
516932962,mock_campaign_60e17b09,googleadwords_int,2026-07-18,0.0,0.0,0.0,0.0,0.0,
525989111,mock_campaign_c82cc8f4,googleadwords_int,2026-06-25,1.2299303335999985,0.82564388969999991,0.0,0.82564388969999991,-0.40428644389999857,0.671293216489218
557162896,mock_campaign_b0c8a1e0,googleadwords_int,2026-06-06,64.942371812599959,25.506783770500068,5.7783365138,31.285120284300067,-33.657251528299895,0.48173664452196996
557162896,mock_campaign_b0c8a1e0,googleadwords_int,2026-06-07,71.080163803099822,23.880412201200137,0.0,23.880412201200137,-47.199751601899685,0.33596450716337134
585166272,mock_campaign_60587c25,googleadwords_int,2026-07-15,0.70736438724310136,1.7682802075999995,0.0,1.7682802075999995,1.060915820356898,2.4998151440613747
788967442,mock_campaign_475f8981,googleadwords_int,2026-06-10,0.0455777781,0.06678165970000001,35.1019947511,35.1687764108,35.1231986327,771.6211249622105
788967442,mock_campaign_475f8981,googleadwords_int,2026-06-20,0.21817819470000002,0.060693691599999995,0.0,0.060693691599999995,-0.15748450310000003,0.27818403980954742
848321939,mock_campaign_c41abc99,googleadwords_int,2026-07-16,0.0,0.0,0.0,0.0,0.0,
258346999,mock_campaign_8ba2a925,googleadwords_int,2026-06-30,0.0,0.0,0.0,0.0,0.0,
,mock_campaign_483107f1,,,0.0,0.0042599216,0.0,0.0042599216,0.0042599216,
,mock_campaign_13d78e8d,,,0.0,2.2930200000000003e-05,0.0,2.2930200000000003e-05,2.2930200000000003e-05,
,mock_campaign_1941c5ac,,,0.0,0.0168855445,0.0,0.0168855445,0.0168855445,
,mock_campaign_c7abcb25,,,0.0,0.129606586,0.0,0.129606586,0.129606586,
,mock_campaign_9772a6c4,,,0.0,0.025069078100000062,0.0,0.025069078100000062,0.025069078100000062,
,mock_campaign_541ebe5c,,,0.0,0.003299401,0.0,0.003299401,0.003299401,
,mock_campaign_2254e49d,,,0.0,0.0204002346,0.0,0.0204002346,0.0204002346,
,mock_campaign_6b57da8c,,,0.0,0.0,0.0,0.0,0.0,
,mock_campaign_989b490b,,,0.0,0.009829412400000001,0.0,0.009829412400000001,0.009829412400000001,
,mock_campaign_c13d8f45,,,0.0,0.003984759200000001,0.2518614951,0.2558462543,0.2558462543,
,,,,0.0,12.37349006420002,0.0,12.37349006420002,12.37349006420002,
,mock_campaign_df87094f,,,0.0,0.0,38.204261,38.204261,38.204261,
,mock_campaign_a35fcde2,,,0.0,0.0,24.6559969165,24.6559969165,24.6559969165,
,,,,0.0,0.0,46.411003784100004,46.411003784100004,46.411003784100004,
,,,,0.0,15.276161661100019,0.0,15.276161661100019,15.276161661100019,
998337322,mock_campaign_fe944d1c,googleadwords_int,2026-07-05,25.398848887700012,21.098754734800238,101.2180315099,122.31678624470024,96.917937357000227,4.8158397565779056
161694703,mock_campaign_2c0c0430,googleadwords_int,2026-06-12,104.47047593620015,68.5057890813984,127.78729883640001,196.2930879177984,91.822611981598257,1.8789336045302798
180761354,mock_campaign_07fb7039,googleadwords_int,2026-07-19,0.4372815663,0.52270919579999975,0.0,0.52270919579999975,0.085427629499999769,1.1953606922487823
510225620,mock_campaign_10287894,googleadwords_int,2026-07-13,3.5521829390000024,1.165511492400001,0.0,1.165511492400001,-2.3866714466000012,0.32811133672302123
989105150,mock_campaign_58ab9c06,googleadwords_int,2026-07-19,0.0,0.0012675305,0.0,0.0012675305,0.0012675305,
611892113,mock_campaign_9bfd19ea,googleadwords_int,2026-07-02,2.1819959500999988,2.3462651983000011,0.0,2.3462651983000011,0.16426924820000233,1.0752839381725132
590094865,mock_campaign_23f341fc,googleadwords_int,2026-07-11,0.008137,0.0262015752,0.0,0.0262015752,0.018064575200000002,3.2200534840850437
792104306,mock_campaign_6fcee95d,googleadwords_int,2026-07-09,32.934317907899995,10.100415516500041,154.188690347,164.28910586350005,131.35478795560005,4.9883864703963345
788967442,mock_campaign_475f8981,googleadwords_int,2026-07-24,0.0626801247,0.0344398865,0.0,0.0344398865,-0.028240238200000004,0.54945465831212681
788967442,mock_campaign_475f8981,googleadwords_int,2026-06-04,0.0005663352,0.0516209758,0.0,0.0516209758,0.051054640600000006,91.14915654192076
788967442,mock_campaign_475f8981,googleadwords_int,2026-06-01,0.1451014251,0.04318521,0.0,0.04318521,-0.10191621509999998,0.29762085362178847
148918961,mock_campaign_993fe179,googleadwords_int,2026-06-23,15.713203655900006,3.0789245792000037,0.0,3.0789245792000037,-12.634279076700002,0.19594505656673816
,mock_campaign_6b5afb99,,,0.0,0.013918631399999996,0.0,0.013918631399999996,0.013918631399999996,
,mock_campaign_96cf8fb0,,,0.0,0.0020305966,0.0,0.0020305966,0.0020305966,
,mock_campaign_b0c8a1e0,,,0.0,0.0085580602000000019,0.0,0.0085580602000000019,0.0085580602000000019,
,mock_campaign_6b5afb99,,,0.0,0.020255009999999997,0.0,0.020255009999999997,0.020255009999999997,
,mock_campaign_1700d8b1,,,0.0,0.00037452660000000007,0.0,0.00037452660000000007,0.00037452660000000007,
,mock_campaign_055f8111,,,0.0,0.19290158140000002,0.0,0.19290158140000002,0.19290158140000002,
,mock_campaign_96cf8fb0,,,0.0,0.0026102211,0.0,0.0026102211,0.0026102211,
,mock_campaign_b8b1eac5,,,0.0,0.029202883600000038,0.0,0.029202883600000038,0.029202883600000038,
,mock_campaign_fb57024c,,,0.0,0.4813775103,0.0,0.4813775103,0.4813775103,
,mock_campaign_541ebe5c,,,0.0,8.02557e-05,0.0,8.02557e-05,8.02557e-05,
,mock_campaign_a3bfa925,,,0.0,0.0003235706,0.0,0.0003235706,0.0003235706,
,mock_campaign_79db2905,,,0.0,0.0062701358000001924,0.0,0.0062701358000001924,0.0062701358000001924,
,mock_campaign_b8b1eac5,,,0.0,0.025053791299999989,0.0,0.025053791299999989,0.025053791299999989,
,mock_campaign_2254e49d,,,0.0,0.087518203900000008,0.0,0.087518203900000008,0.087518203900000008,
,mock_campaign_b4ba1e63,,,0.0,0.09093352980000001,0.0,0.09093352980000001,0.09093352980000001,
,mock_campaign_d1c03fd5,,,0.0,0.0,70.2000518773,70.2000518773,70.2000518773,
,,,,0.0,24.132520832900081,0.0,24.132520832900081,24.132520832900081,
739276167,mock_campaign_1fbdf2e3,googleadwords_int,2026-06-12,47.026447969181739,29.17645909229995,0.0,29.17645909229995,-17.849988876881788,0.62042659720803106
739276167,mock_campaign_1fbdf2e3,googleadwords_int,2026-06-01,57.509559052722906,50.245533230999747,0.0,50.245533230999747,-7.264025821723159,0.873690114454473
140410898,mock_campaign_a2e93e84,googleadwords_int,2026-06-19,93.693586585099879,61.010265941198988,59.847822,120.85808794119899,27.164501356099109,1.2899291439913678
432166127,mock_campaign_f8b84857,googleadwords_int,2026-06-27,2.8539217443000013,3.3143349297000011,0.0,3.3143349297000011,0.46041318539999976,1.1613264926831159
972671114,mock_campaign_9911559c,googleadwords_int,2026-07-03,0.0807816949,0.0,0.0,0.0,-0.0807816949,0.0
611892113,mock_campaign_9bfd19ea,googleadwords_int,2026-07-06,2.3052828919000006,1.3104864079999976,0.0,1.3104864079999976,-0.994796483900003,0.56847097274031411
834117318,mock_campaign_ae804aae,googleadwords_int,2026-06-18,0.36902596919999997,0.1270103778,0.0,0.1270103778,-0.24201559139999998,0.34417734360360025
792104306,mock_campaign_6fcee95d,googleadwords_int,2026-06-06,28.856239845199987,13.013447742100201,0.0,13.013447742100201,-15.842792103099786,0.45097517250726926
258346999,mock_campaign_8ba2a925,googleadwords_int,2026-07-08,0.0,0.0,0.0,0.0,0.0,
,mock_campaign_708ecf59,,,0.0,0.082380565199999992,0.0,0.082380565199999992,0.082380565199999992,
,mock_campaign_a544a26e,,,0.0,1.9108500000000002e-05,0.0,1.9108500000000002e-05,1.9108500000000002e-05,
,mock_campaign_d1c03fd5,,,0.0,0.0469801581,15.1547793735,15.2017595316,15.2017595316,
,mock_campaign_8c2380d2,,,0.0,0.0065083551,0.0,0.0065083551,0.0065083551,
,mock_campaign_f81bdda1,,,0.0,0.030694620500000026,22.9394497879,22.9701444084,22.9701444084,
,mock_campaign_b4ba1e63,,,0.0,2.0802659609999989,0.0,2.0802659609999989,2.0802659609999989,
,mock_campaign_f81bdda1,,,0.0,0.006267588,0.0,0.006267588,0.006267588,
,mock_campaign_c13d8f45,,,0.0,0.0525267187,41.2035209688,41.2560476875,41.2560476875,
,mock_campaign_048d3b97,,,0.0,0.086146213600000021,0.0,0.086146213600000021,0.086146213600000021,
,mock_campaign_e6a4a79e,,,0.0,0.011810326900000001,0.0,0.011810326900000001,0.011810326900000001,
,mock_campaign_a544a26e,,,0.0,8.9173e-06,0.0,8.9173e-06,8.9173e-06,
,,,,0.0,3.8700508745000035,0.0,3.8700508745000035,3.8700508745000035,
,,,,0.0,0.0,21.643561,21.643561,21.643561,
654635500,mock_campaign_67ff1f36,googleadwords_int,2026-07-01,0.7973893835000001,0.47483221210000015,0.0,0.47483221210000015,-0.32255717139999995,0.59548348890200653
654635500,mock_campaign_67ff1f36,googleadwords_int,2026-06-19,1.1362230142000003,0.47842970569999987,0.0,0.47842970569999987,-0.6577933085000004,0.42107024740812521
180761354,mock_campaign_07fb7039,googleadwords_int,2026-06-30,0.011396682200000001,0.0,0.0,0.0,-0.011396682200000001,0.0
510225620,mock_campaign_10287894,googleadwords_int,2026-07-15,8.2860226454000241,2.5233767892000016,0.0,2.5233767892000016,-5.762645856200022,0.304534141069582
369804654,mock_campaign_92e554bf,googleadwords_int,2026-07-07,0.26496268990000005,0.4191411258,0.0,0.4191411258,0.15417843589999997,1.5818873440565866
972671114,mock_campaign_9911559c,googleadwords_int,2026-06-30,0.0177183175,0.0,0.0,0.0,-0.0177183175,0.0
529859974,mock_campaign_d2ea5396,googleadwords_int,2026-07-11,2.0432356891000008,2.2479188444000009,0.0,2.2479188444000009,0.20468315530000014,1.1001759886986697
571438578,mock_campaign_756e1c81,googleadwords_int,2026-06-29,7.1085548056000132,2.3024481338999987,0.0,2.3024481338999987,-4.8061066717000145,0.32389820390582968
571438578,mock_campaign_756e1c81,googleadwords_int,2026-07-01,0.13563321190000036,0.1724134477,0.0,0.1724134477,0.036780235799999644,1.2711742594956534
611748075,mock_campaign_628993e1,googleadwords_int,2026-07-07,0.031346978799999994,0.0,0.0,0.0,-0.031346978799999994,0.0
585166272,mock_campaign_60587c25,googleadwords_int,2026-07-24,0.64960699316701509,1.4632919868999998,0.0,1.4632919868999998,0.81368499373298475,2.2525804098352507
161332031,mock_campaign_12520749,googleadwords_int,2026-06-23,3.4633016743000038,1.2130763706000014,0.0,1.2130763706000014,-2.2502253037000024,0.3502658690121721
161332031,mock_campaign_12520749,googleadwords_int,2026-06-26,6.470392679200005,2.2295007982000041,0.0,2.2295007982000041,-4.2408918810000014,0.34456962795581952
161332031,mock_campaign_12520749,googleadwords_int,2026-06-29,0.1583085898,0.15601708079999993,0.0,0.15601708079999993,-0.0022915090000000804,0.98552504950682041
161332031,mock_campaign_12520749,googleadwords_int,2026-07-12,0.3250983747000003,0.11318219330000003,0.0,0.11318219330000003,-0.21191618140000029,0.34814752120629389
243641668,mock_campaign_1e8723bd,googleadwords_int,2026-06-02,12.602445468354233,10.746666260400026,6.3196930578,17.066359318200028,4.4639138498457953,1.3542101301731515
258346999,mock_campaign_8ba2a925,googleadwords_int,2026-07-12,0.094133698199999991,0.0,0.0,0.0,-0.094133698199999991,0.0
,mock_campaign_cb530cbb,,,0.0,0.00063695000000000006,0.0,0.00063695000000000006,0.00063695000000000006,
,mock_campaign_b8b1eac5,,,0.0,0.028503512499999994,0.0,0.028503512499999994,0.028503512499999994,
,mock_campaign_b8b1eac5,,,0.0,0.10577956040000001,0.0,0.10577956040000001,0.10577956040000001,
,mock_campaign_ffe3d408,,,0.0,0.0009592467,0.0,0.0009592467,0.0009592467,
,mock_campaign_5dcabbd9,,,0.0,0.3355885726,81.491383,81.8269715726,81.8269715726,
,mock_campaign_10287894,,,0.0,0.10343431049999996,6.4691559231000006,6.5725902336000006,6.5725902336000006,
,mock_campaign_3016a669,,,0.0,2.5478e-06,0.0,2.5478e-06,2.5478e-06,
,mock_campaign_6b5afb99,,,0.0,0.0009579728,0.0,0.0009579728,0.0009579728,
,mock_campaign_10287894,,,0.0,0.074729521800000032,22.433582824000002,22.5083123458,22.5083123458,
,mock_campaign_2254e49d,,,0.0,3.05736e-05,0.0,3.05736e-05,3.05736e-05,
,mock_campaign_2254e49d,,,0.0,0.0039885809,0.0,0.0039885809,0.0039885809,
,mock_campaign_df87094f,,,0.0,1.017374757,59.847822,60.865196757,60.865196757,
,mock_campaign_b4ba1e63,,,0.0,0.0028726445,0.0,0.0028726445,0.0028726445,
,,,,0.0,0.0189709188,0.0,0.0189709188,0.0189709188,
,,,,0.0,0.27522227330000004,0.0,0.27522227330000004,0.27522227330000004,
,,,,0.0,1.5572739594000025,0.0,1.5572739594000025,1.5572739594000025,
739276167,mock_campaign_1fbdf2e3,googleadwords_int,2026-06-23,44.897583720898183,36.118588607399985,0.0,36.118588607399985,-8.7789951134981976,0.80446620094141286
161694703,mock_campaign_2c0c0430,googleadwords_int,2026-07-06,44.316867766300014,18.333438857600079,69.9661651112,88.299603968800085,43.982736202500071,1.9924603975722754
464541057,mock_campaign_d8ff83e7,googleadwords_int,2026-06-25,1.5187824417999998,2.3026774359,0.0,2.3026774359,0.78389499410000041,1.5161338270219662
502057685,mock_campaign_befecb98,googleadwords_int,2026-06-28,2.3810481263000005,2.6617032206999989,0.0,2.6617032206999989,0.28065509439999836,1.1178703997201933
351751429,mock_campaign_b7e37028,googleadwords_int,2026-06-15,12.100644200109185,9.1018562625,0.0,9.1018562625,-2.9987879376091851,0.75217948003279633
280939212,mock_campaign_45884f7b,googleadwords_int,2026-07-12,0.0347824202,0.0,0.0,0.0,-0.0347824202,0.0
369804654,mock_campaign_92e554bf,googleadwords_int,2026-07-22,0.54089893800000011,1.3392510700000004,0.0,1.3392510700000004,0.79835213200000033,2.4759728221170962
974591165,mock_campaign_674dbd59,googleadwords_int,2026-07-10,0.95580456800000013,0.57993150990000009,0.0,0.57993150990000009,-0.37587305810000005,0.60674695363037856
989105150,mock_campaign_58ab9c06,googleadwords_int,2026-07-14,0.053929594899999996,0.056884730599999996,0.0,0.056884730599999996,0.0029551357,1.0547961783410318
516932962,mock_campaign_60e17b09,googleadwords_int,2026-07-23,0.0,0.0,0.0,0.0,0.0,
516932962,mock_campaign_60e17b09,googleadwords_int,2026-07-21,0.0027852950999999997,0.0,0.0,0.0,-0.0027852950999999997,0.0
611748075,mock_campaign_628993e1,googleadwords_int,2026-06-18,0.5197793544999999,0.8585665613,0.0,0.8585665613,0.33878720680000007,1.6517904258161531
611892113,mock_campaign_9bfd19ea,googleadwords_int,2026-06-28,1.4394214670999987,1.6040197198999986,0.0,1.6040197198999986,0.16459825279999984,1.1143502834729955
590094865,mock_campaign_23f341fc,googleadwords_int,2026-07-03,0.11356892269999999,0.0121326236,0.0,0.0121326236,-0.10143629909999999,0.10683048946452674
611892113,mock_campaign_9bfd19ea,googleadwords_int,2026-07-08,1.4400244187999991,0.87357437719999953,0.0,0.87357437719999953,-0.56645004159999957,0.60663858598173381
611748075,mock_campaign_628993e1,googleadwords_int,2026-07-18,0.22796456459999997,0.22326116620000003,0.0,0.22326116620000003,-0.0047033983999999474,0.97936785303341856
742036733,mock_campaign_e0586969,googleadwords_int,2026-06-29,3.949138854327662,3.0208525737999992,0.0,3.0208525737999992,-0.92828628052766282,0.76493956916445194
792104306,mock_campaign_6fcee95d,googleadwords_int,2026-06-18,14.639388176900004,4.506386854700005,71.7104463167,76.216833171400012,61.577444994500006,5.2062854164674164
148918961,mock_campaign_993fe179,googleadwords_int,2026-06-18,19.191280494799994,3.3461251042000071,31.237816555600002,34.583941659800011,15.392661165000018,1.8020653530216892
243641668,mock_campaign_1e8723bd,googleadwords_int,2026-07-03,9.0348636044988986,10.32627926040001,0.0,10.32627926040001,1.2914156559011118,1.1429369288162861
258346999,mock_campaign_8ba2a925,googleadwords_int,2026-06-21,0.1100643168,0.0,0.0,0.0,-0.1100643168,0.0
258346999,mock_campaign_8ba2a925,googleadwords_int,2026-07-01,0.2854809491,0.198639227,0.0,0.198639227,-0.086841722099999991,0.6958055436841758
258346999,mock_campaign_8ba2a925,googleadwords_int,2026-06-24,0.0676119604,0.0,0.0,0.0,-0.0676119604,0.0
,mock_campaign_541ebe5c,,,0.0,3.18475e-05,0.0,3.18475e-05,3.18475e-05,
,mock_campaign_5dcabbd9,,,0.0,1.9615117290999997,21.643561,23.605072729099998,23.605072729099998,
,mock_campaign_1941c5ac,,,0.0,0.0023656323,0.0,0.0023656323,0.0023656323,
,mock_campaign_b0c8a1e0,,,0.0,0.042535521000000007,0.0,0.042535521000000007,0.042535521000000007,
,mock_campaign_6b5afb99,,,0.0,0.021855028400000004,0.0,0.021855028400000004,0.021855028400000004,
,mock_campaign_cb530cbb,,,0.0,0.0022382422999999998,0.0,0.0022382422999999998,0.0022382422999999998,
,,,,0.0,0.0,155.2864074292,155.2864074292,155.2864074292,
654635500,mock_campaign_67ff1f36,googleadwords_int,2026-07-21,8.8966743885000064,3.8167967589000082,0.0,3.8167967589000082,-5.0798776295999986,0.429013875548111
739276167,mock_campaign_1fbdf2e3,googleadwords_int,2026-07-21,56.558117818613134,52.38874131710002,59.847822,112.23656331710002,55.678445498486887,1.9844465771837134
739276167,mock_campaign_1fbdf2e3,googleadwords_int,2026-06-25,45.116774037676407,58.711300649899947,0.0,58.711300649899947,13.59452661222354,1.3013186758625723
140410898,mock_campaign_a2e93e84,googleadwords_int,2026-07-13,3.149141055,6.1119734716000007,81.491383,87.6033564716,84.4542154166,27.818174842473038
140410898,mock_campaign_a2e93e84,googleadwords_int,2026-07-23,40.560277691399975,30.374598985400063,76.408522,106.78312098540007,66.2228432940001,2.6327019207770705
998337322,mock_campaign_fe944d1c,googleadwords_int,2026-07-18,22.3410310111,21.749388968600137,155.1186284297,176.86801739830014,154.52698638720014,7.9167347876838976
180761354,mock_campaign_07fb7039,googleadwords_int,2026-07-17,0.47341716959999997,0.41242512499999989,0.0,0.41242512499999989,-0.060992044600000073,0.8711663866109175
510225620,mock_campaign_10287894,googleadwords_int,2026-07-09,25.451012753600022,5.9637004288999806,0.0,5.9637004288999806,-19.487312324700042,0.23432075126583796
464541057,mock_campaign_d8ff83e7,googleadwords_int,2026-07-19,5.0495121803000025,4.3671062720999991,0.0,4.3671062720999991,-0.68240590820000335,0.86485706265600881
432166127,mock_campaign_f8b84857,googleadwords_int,2026-07-12,0.9053169241,0.59688584500000019,0.0,0.59688584500000019,-0.30843107909999978,0.65931148431073516
502057685,mock_campaign_befecb98,googleadwords_int,2026-06-19,0.0009821359,0.2011908487,0.0,0.2011908487,0.20020871280000002,204.85031521605109
351751429,mock_campaign_b7e37028,googleadwords_int,2026-06-08,7.50243471434313,8.2722964041999987,0.0,8.2722964041999987,0.76986168985686909,1.1026149135806607
351751429,mock_campaign_b7e37028,googleadwords_int,2026-06-16,21.171394181883471,12.276080026799997,0.0,12.276080026799997,-8.895314155083474,0.5798427784838438
351751429,mock_campaign_b7e37028,googleadwords_int,2026-06-30,19.176863261759202,14.856072753700003,0.0,14.856072753700003,-4.3207905080591988,0.77468731725926543
351751429,mock_campaign_b7e37028,googleadwords_int,2026-07-17,27.9616110054511,14.999432364099993,0.0,14.999432364099993,-12.962178641351107,0.53642947687012243
974591165,mock_campaign_674dbd59,googleadwords_int,2026-06-23,0.1182371196,0.11079490469999999,0.0,0.11079490469999999,-0.0074422149000000076,0.93705686568501279
989105150,mock_campaign_58ab9c06,googleadwords_int,2026-06-21,0.010870218299999998,0.0,0.0,0.0,-0.010870218299999998,0.0
989105150,mock_campaign_58ab9c06,googleadwords_int,2026-07-20,0.0031026381,0.0120447245,0.0,0.0120447245,0.0089420864,3.8820913402694304
624225880,mock_campaign_ae3dba5e,googleadwords_int,2026-06-16,0.0024126205,0.0,0.0,0.0,-0.0024126205,0.0
585166272,mock_campaign_60587c25,googleadwords_int,2026-07-17,1.0587578522117318,1.1052496529,0.0,1.1052496529,0.046491800688268192,1.0439116466443648
792104306,mock_campaign_6fcee95d,googleadwords_int,2026-06-04,22.577170005899994,11.989326410700007,0.0,11.989326410700007,-10.587843595199987,0.5310376104519251
810543724,mock_campaign_c492b014,googleadwords_int,2026-07-04,0.3937713999,0.5718881053,0.0,0.5718881053,0.17811670540000002,1.4523353027803279
810543724,mock_campaign_c492b014,googleadwords_int,2026-07-24,0.8939983571,0.5235461481,0.0,0.5235461481,-0.370452209,0.585623165794518
161332031,mock_campaign_12520749,googleadwords_int,2026-07-14,2.1018619603999977,0.77504840339999959,0.0,0.77504840339999959,-1.3268135569999981,0.36874372247190912
148918961,mock_campaign_993fe179,googleadwords_int,2026-07-17,19.730893786799992,3.8024500971000026,0.0,3.8024500971000026,-15.928443689699989,0.19271555248266803
,mock_campaign_4d36fd16,,,0.0,0.0016981087,0.0,0.0016981087,0.0016981087,
,mock_campaign_541ebe5c,,,0.0,6.3695000000000006e-06,0.0,6.3695000000000006e-06,6.3695000000000006e-06,
,mock_campaign_e6535e2b,,,0.0,0.0,0.0,0.0,0.0,
,mock_campaign_a3bfa925,,,0.0,0.0057159893,0.0,0.0057159893,0.0057159893,
,mock_campaign_15f5ae79,,,0.0,0.0846022468,0.0,0.0846022468,0.0846022468,
,mock_campaign_a544a26e,,,0.0,0.0120561896,0.0,0.0120561896,0.0120561896,
,mock_campaign_6b5afb99,,,0.0,0.011710962699999997,0.0,0.011710962699999997,0.011710962699999997,
,mock_campaign_a3bfa925,,,0.0,0.0348437128,0.0,0.0348437128,0.0348437128,
,mock_campaign_c13d8f45,,,0.0,1.0822825097999995,145.4136403905,146.4959229003,146.4959229003,
,mock_campaign_c9d56aa3,,,0.0,0.0009031951,0.0,0.0009031951,0.0009031951,
,mock_campaign_f81bdda1,,,0.0,0.0018369638,0.0,0.0018369638,0.0018369638,
,mock_campaign_5dcabbd9,,,0.0,1.5961100748,38.204261,39.800371074800005,39.800371074800005,
,,,,0.0,3.4267349484000027,0.0,3.4267349484000027,3.4267349484000027,
,,,,0.0,0.0,27.996580555700003,27.996580555700003,27.996580555700003,
,,,,0.0,0.0,275.70394635509996,275.70394635509996,275.70394635509996,
